TTT>TTC
16.70651082238814 151.0016538136244 79.74086814343795 65.91404632039416 47.27142028156162 37.01537187195451 32.440975324784695 28.51388471005406 18.55067665241893 18.739375515051766 19.727250364380073 14.19209371124947 14.1132827042144 13.59847589388381 12.131828194302079 11.876529113163116 12.974598155781853 13.331172527542225 14.273807733566406 13.556877893577923 13.77240685990237 10.987546999563227 9.835802523789372 8.697261981357038 8.523248682047859 9.156479312864047 9.585866016239992 9.364341873000308 8.81462990339799 8.920512985752463 7.405180738651869 7.210039282883611 7.2867988931500545 7.641389307414858 8.149460596392483 8.214263420361151 7.731098224352898 7.702271729044637 8.44285941116471 7.97176920534351 8.460341817733353 8.414551380147577 8.126336942815641 7.409629479789013 6.097215019019287 5.22567895524686 5.089837028007814 4.3672317231728455 4.601957160712172 4.8166626628696285 4.818647249007599 4.749851910143925 5.8531639695652045 5.226283116322033 5.730891854841942 5.733526897954818 5.553264224446374 5.959129390897482 5.873093372062007 5.105291456417008 4.649715295570013 4.844128848567919 4.866495537882313 4.827864876592932 5.0239267604173605 4.927486419319777 4.584694237081948 4.2303767900398785 4.089423618117077 4.25585750226889 4.576511495511813 4.778203854970413 4.497823888898923 3.7627987929213575 3.5462111723066814 4.085261558627497 6.3351764242210535 5.95612583076961 5.709077031882354 5.440767960859587 4.920076835974279 4.532364724680851 4.491071417429491 4.793214148651908 5.244481493640076 5.586669887923504 5.594493391693189 5.127066291084521 4.290942682849371 3.475396036032997 3.2830848030760147 3.5410802588645467 3.7258135628546545 4.151498600150959 4.406415331986376 4.337788371545359 4.035728349980039 3.3561064607665068 2.7973554156612828 2.7292509067529354 3.3230134770852775 4.213459850896441 4.7127481783668745 4.88062826491785 4.817614599441255 4.339795670320913 3.711763236481475 3.2614191827833543 2.936169768817896 2.6665152940012518 2.4223879443990883 2.0976508332647157 1.9311535426516568 2.655608232795062 3.0785247469500514 3.034902989018555 3.142169961521807 3.3324176946063155 4.517216835920875 5.031686664898748 5.266147371772269 5.2855738364920555 5.06208273139594 5.15660864386974 6.276021045365437 6.80480999107786 6.362550139604504 6.865319357361352 6.0893806365791825 5.985383107078822 5.82809238981752 5.417535166333707 5.369305690005959 6.258020016536895 5.116809652796047 4.741133722307475 5.881444483097599 4.842560120426378 5.326676361269223 5.435096118299715 4.012669339011935 4.501089603277696 6.0390999978077575 9.561272317363127 11.887424732609997 10.646913609088168 13.224469331205718 17.350816856491548 21.05065046997022 24.46601908227013 3.077836936671675

TTC>TTT
125.43567322283667 1120.6865112415373 564.9644184309304 391.24606274563337 305.9242561748615 257.9695401521469 214.23602269979406 171.2508169556003 148.08983027648057 140.6378207457271 130.8727098855688 121.61866661380674 110.61072718269129 108.29526727776042 101.757031578645 95.2108593156732 88.83088576242666 86.23889826384163 83.81427853430239 84.88049220085186 85.33556155110455 80.88744155719115 76.90861028248477 69.65252740007267 67.17477901280145 66.93563569661288 63.774086688172744 60.2262385371787 60.11649050989059 60.434167504333736 61.28324968396495 58.25998901411266 55.470503222167416 52.37086473098236 50.80125607142314 49.834032724371895 50.41462119320865 50.33807089904612 48.941374768508695 45.6224760468008 42.52653451512392 44.61629455372732 42.44188213248929 42.3273542806265 42.460772202320925 43.216992243786216 43.50604867374988 42.30350141919535 40.08235573980809 38.579327532987676 39.47513748530665 37.6483460394492 37.65802574754763 37.287318269562164 35.50278367684949 34.89595794343506 35.50830912762868 35.297391036604495 37.51975430864609 41.977446448454806 44.558848755445 42.47440092065366 40.184587837291176 39.09869942988158 36.929252224452746 34.15059297676229 32.563227390080215 31.431978294621082 30.248607271077375 30.98796657464661 32.51979422426716 33.71355864442369 33.86464412648453 32.95906245059202 31.919339247409155 31.348541535751647 32.335570877969815 33.66985844434941 33.48306016150279 32.458068371800756 30.987835883638997 28.897131966734378 27.639921087680044 28.314599442202443 29.319904795634244 29.885934928628714 29.680518269518792 28.237705445659184 26.13424408151924 24.432161676779884 24.012519661712933 24.21206034905966 25.37672343154333 26.528862316278147 27.416231166660662 26.51026579636563 25.74580529096619 26.600478992497948 25.761779569508455 27.368363711622308 29.308645113391346 30.20266966001696 30.249815074644335 28.944308503947987 26.96960894324955 25.522173409202388 25.100542292250854 25.514325026947095 25.492970696679425 24.739967438908444 24.109525295144728 23.499749329883887 23.306751398576345 25.290781755314523 26.019764494325194 25.135528592710486 26.04906029008743 24.82997133103086 22.475743486100747 20.628552301752425 20.70424874151027 21.28179684804666 21.437058629281463 22.157168375102803 23.275604393912502 24.54988399991262 26.71374296964106 27.166980358534417 28.073960723121665 28.774388002648255 28.40582949744894 26.958879698178016 25.50754954048991 26.704934208110814 27.922740281871118 30.58595618229345 31.576281994584278 31.03143259111155 35.63684532006247 34.05929838951576 31.28562067633608 30.42505058401646 35.7760586065816 32.628331379341205 34.80488708766532 36.88330585811028 44.48652092955633 45.50871417004335 48.03738719814532 72.66241156976888 8.439689404372425

CTT>CTC
8.682726755901891 80.51660926211454 39.86927183466627 32.31552655235495 20.859833148234216 14.996585924469027 14.121073412315662 13.051961136331073 10.986414559789973 9.699607811953708 8.964534671625854 9.57188630164589 10.64249200853853 8.185761452162385 7.070819901141593 6.288819634115536 5.857676362547788 6.151403092708 6.655130956022031 6.935660838323958 5.837654066093402 5.011118869546534 4.958580923283335 5.209469131711034 5.021988034639094 5.0607237290754545 5.98721543237401 6.487605809480416 6.271894987678255 5.7725328838391565 3.8144864130984706 2.856724641170298 2.426554403939589 2.3644438431070722 2.4541055398736287 2.461537493609303 3.5409383824788176 2.8713920727820783 3.2266833585444457 3.465726058926881 3.431590206963055 3.4268803649428583 3.9161557211210902 3.848303761447384 3.237834440482806 2.874712541203747 3.127631025051462 3.6471065577132977 4.031260941468555 4.066042373122317 3.9108780575595405 3.6764852646622237 3.1279211377523897 2.6408307079117077 2.685669344761613 2.873475247924399 2.975394582424637 2.864506979085203 2.65992538572044 2.599670597645451 2.708362652472552 2.825581420553601 2.907650217895069 2.9848449202556826 3.070447858813188 3.164558820019301 3.180112153936676 3.040726463360511 2.7821513111754683 2.7015246095217953 2.7609686237676305 2.4877082591643123 2.304168069875208 2.448512963898299 2.562357443866721 2.6697724339773345 2.7847122478484803 2.7635668940295717 2.519806706556732 2.2436873215017945 2.1057752819322078 2.515713263937044 2.975998683947779 2.7529930354162513 2.5277971169667715 2.4803159930364043 2.21202648695779 1.8573814378151934 1.660511730788663 1.6202874975743737 1.6608387079091251 1.8229473202984443 2.187850812183333 2.6560185700632157 2.935500006906406 2.8452473390495037 2.5278000493434636 2.3298103190162194 2.529327252448297 2.9825506229368015 3.1573255033804952 2.857468723864013 2.486949071932761 2.36191027400343 2.411796659262586 2.4074202417634174 2.1519840018010647 1.7013429328295022 1.2995964836554532 1.1469062856989305 1.284388225995802 1.616119420812756 2.0379231930513706 2.361563068802437 2.4386263172747893 2.5984502688266446 2.93977391860791 3.136631273057109 2.8910805676426317 2.574990513159557 2.63379058609107 3.097816030483982 3.1508935304290246 2.8369746161444347 2.706178484284062 2.5593140271580457 2.6330064188301505 2.221945726098441 1.9901507957877673 2.5442356466148603 3.047908188045654 3.0179243668498197 3.1558691817757185 3.5013465071729817 3.781061375628923 3.5962208167244674 4.034814556377369 2.931755178199812 4.248567946378822 3.956898034897775 4.560018879210893 2.1190441383634635 3.1876018551306906 3.1303886946943296 4.307571409621643 3.826177744935892 5.19673279005139 3.6717748808301724 5.9263958955146 8.304067990599652 1.0159469094558713

CTC>CTT
65.16113213101953 553.9772425878267 262.0783342924013 204.253326944143 146.87794492403003 126.01061090058589 99.3411171295084 98.80577332675489 78.29773287376322 76.37764047487104 72.38764362670445 68.62872497454508 66.05015773966085 61.687158684839375 56.04995080911655 51.77518025172048 45.922580940868436 41.93735018184439 40.72887102907822 37.52309597518118 39.48401466643491 36.29933746994612 34.547167276199836 30.56999751634848 28.739401493292256 28.2671714965677 25.063355195076433 25.140444845605078 24.223934867027577 23.266033474556583 23.311610371906095 23.059660491357317 23.847217999407505 23.457323887420316 22.648364778654003 22.661597930826442 22.949527147241742 22.13081943906496 21.931258950054946 21.849475428530216 21.726840200949162 22.127286923774726 22.179297735670435 21.108700283330126 21.641485942027685 21.704763731362046 21.55159198702534 21.868565382150546 22.136907577479363 21.238513375936204 19.146526234637427 18.650255757235232 19.39812652862952 20.229909293987156 20.764439393948216 20.830651657608325 19.87626839986811 18.560866799590244 17.807381022484925 17.59324314458362 17.48843863249278 17.24199604559304 16.511269819493123 15.525243119936256 14.803992788981752 14.700297242307263 15.410324214989927 15.91560112912749 15.245091986551008 14.69373415735932 15.109331752694217 15.939460122856923 16.929191094427676 17.867789727955614 18.044609740260857 16.85673451020169 15.307533046725311 14.387053200062724 14.28457015164303 15.085394280097075 15.733387707999439 15.340902205765893 14.521680719001157 13.607407310941577 12.727475442297429 12.18487491541638 12.071025667119414 12.228047269058484 12.276132718893635 12.216840851659713 12.666263215342909 14.283053360990552 14.825866589856942 14.081684687861697 12.678181756766566 11.485217459799022 11.011013448240094 11.040174952063253 11.547244896980464 12.344683650552122 13.461915455241598 14.595256985809234 14.294925147897201 13.853546537133841 12.577980608935274 11.772398010822531 11.822519432425246 12.72060163016166 11.254286590581195 9.759682474056367 9.488372110806242 10.33531217922125 11.079929955779802 12.172757122669568 9.002046829815384 10.59199395622661 9.057402015077503 10.237425126054774 12.698848664219364 14.803027392021173 16.07895270816979 16.763650906705003 16.067081278148166 14.884514823208441 14.6430723027378 16.01174330702638 14.99125490143838 12.76620738379687 11.389223066654685 10.920840647425443 11.74411734458732 11.69786427793639 10.125828171226232 11.427702999099257 13.367099534929972 10.532997719118478 8.634272477649477 7.638471452150886 10.861791011580058 13.73215775788453 13.0962654141361 13.695976525568975 15.804841263324658 16.140838133891148 17.566275400065283 18.179859593009837 18.403163774799093 19.139993386819143 26.91208005830738 36.79806259052241 3.723850076502896

CTT>CTA
7.676551769531311 71.65773877092869 39.43915024618068 31.394642186746488 15.86357739870784 12.724169444432695 10.591377338678443 11.280243597295478 7.160456148679394 7.644447733905249 10.37916558132183 12.579063610948294 10.946023486192743 8.090135332778697 5.971917877072091 4.307636553424054 5.327238937877812 4.121870408976355 4.35541467934521 4.792088793558816 4.518938397524719 5.0362684761893926 5.226939172282275 5.2273021166375395 4.9794460314424525 4.383217922190425 4.481106622298147 5.263022468966903 5.914829963594246 5.662914229399406 5.537834759720358 5.58459780307141 5.56385796203747 4.829049437061272 3.8573721887380645 3.4868833399736783 3.914381326652321 4.375301193500654 3.6825273159005074 3.2317104242593278 2.872097576181527 2.7750255670568693 2.9246132292618228 3.438807253247944 3.909185244773533 3.869233840054316 3.8114603224049524 3.185513642915351 2.9487451117062133 3.135416179231046 3.163652156837528 2.9964081304059165 2.8042862739476067 2.7594396018576615 2.8780597736062954 3.1763978062297302 3.4730162960540065 3.3478713467719188 3.074437915366574 2.9393382784793833 2.531131175809148 2.0143811608219533 1.8135102518262753 1.9248840465179688 2.185986188290787 2.499579007587686 2.75783081624922 2.886755823356883 2.9161412183676987 2.8952911427786643 2.7788028501369246 2.556815016736614 2.3889846524297846 2.4371451225890106 2.699912687399492 3.3410439364215327 4.017060903269581 4.1465645983635655 4.156274999838636 4.1817403675634 4.085357279156317 4.010375986930709 4.058600141020372 3.905508884457637 3.1295062478913587 2.380631177913509 2.1972079891472633 2.1987543610533646 2.0988895231462346 2.614586310094049 2.3387700090973853 1.629369262261601 1.2784143556179781 2.184451250603435 1.2888937714760078 1.5281880837931825 1.8672360229083003 2.0930043508289025 2.1458461018455406 2.156064176092471 2.1504778053720472 2.061151728200749 1.8896383974355027 1.7723782043931864 2.1610096365871008 2.3762290953867775 2.0828331491647423 1.683456087349447 1.320779868087778 1.0194372713513833 0.9796901814296184 1.575283508974651 2.2510249411216376 1.6721484557428052 1.019830518296638 0.7972352268987046 0.8123907827601153 1.115683179858368 1.5939054724587376 1.8746229519278204 1.8394398857263878 1.6847685652637234 1.7030342297311751 2.011500617485882 2.3643399249107726 2.6132121981878518 2.129024888501628 1.3061179400754537 0.741887277612062 0.5540834333949209 1.1694521619832692 2.264952214417814 3.2788381029763625 3.8313587836815777 4.36581250537496 3.832492208529161 3.013674827136378 3.028744475109155 2.8797817984896494 2.977016711556835 2.6726149793943947 3.3974283047589404 4.425748428322541 4.203375565623858 3.7953902720743353 4.036339495900341 3.524780626965472 2.4343910718940274 4.218265047399608 5.995281380860983 0.6347377677592905

CTA>CTT
14.506434709005354 123.87988239072047 47.683160651938415 42.22018860157173 29.54813947177601 23.01064692388764 14.370505030960047 11.649018788438832 11.033879158950315 10.69241564552714 10.831545600026958 8.955453551530338 8.934291175367337 8.539649115573678 9.187092917759317 10.432815868841779 10.24390979519794 11.434289801238698 9.931088731641067 8.374388257451283 6.873495509652842 7.111732417737459 6.828576172214246 7.520897037413523 7.6502479615689385 6.989104604931706 6.479249908165592 5.9892763873088795 5.409322564675708 4.181660325493206 3.4807295042739925 3.339783323734932 4.038370534224548 4.4135541659445385 4.318588493724268 4.307445598613186 4.619235888419453 4.790502197963388 3.674932738875573 3.5173209881539758 3.5879616017270037 3.944829776667826 4.244217205156842 4.250057125496372 4.187368031039064 4.118226489665287 3.8271015092443124 3.4467933019979036 3.3737839355472246 3.6104395147798622 4.0051421306875685 4.404529326728465 4.4214524961678245 3.994999641072559 3.608310359671012 3.5599071659693022 3.6649372576958346 3.6666586670896955 3.4383527123141535 3.0775226289545676 2.941060374621229 2.9910604231799227 3.010494475949777 3.02969741138331 3.0404477562692795 3.075463064421852 3.105299408179536 3.120709453217465 3.166526077408095 3.3128892996505717 3.4188666099460105 3.275220514707124 3.1259210712760477 3.2674236274323967 3.3945856697680545 3.1764643509429007 2.9035915335117615 2.9706776161594566 3.2805656335819604 3.526531561862446 3.579371447217418 3.3276338246367376 2.7499901413521926 2.2410928544459088 2.1646073613713672 2.2991523587815688 2.264617145356485 2.0988765850383677 2.0419294378057966 2.130953826022394 2.2443015816435468 2.299668093086275 2.3286413614096353 2.4547682947874034 3.001878158284153 3.5581488784584936 3.614552848994588 3.4154348848495437 3.0925008969779686 2.7735318364833894 2.4791321685543513 2.4740840435265925 2.493896716515466 2.3661560130145056 2.254740588623447 2.103285278380569 1.869434444474714 1.599407904435721 1.3658332039147394 1.284371742149144 1.393337853471121 1.879100999857478 2.1263148640455163 1.981005873889754 1.8169382613232057 1.6645396332423315 1.409266617033765 1.1663645179855096 1.2805613174479342 1.5417848309813251 1.5150204960948421 1.1845953144336923 0.9000721747825862 0.8686308345184941 1.9017279936287788 1.6536944486964142 1.2045079120106348 0.8875470531095538 0.9903311702245822 0.777505847625775 0.7400685941905071 1.0191815361258967 1.3744397078076032 1.217883321720978 0.9543843284783895 1.2194526490338355 1.9747720099606303 2.8415619790787607 3.0625013942329606 3.9249914389516465 2.34796243042415 2.262313788275391 1.8155070248117753 0.9560715433377627 1.7145215113475785 2.6942973502066585 1.4740078881579686 3.130823121645332 2.1441961994703473 8.835239755001624 0.6220711711082486

CTT>CTG
6.142914776718555 54.565917169471895 21.952781336041745 17.097803516828076 10.387613207280044 9.159688607933607 11.536260103631605 7.506420623455601 5.465018726339871 3.5175141777605514 3.162198414615359 4.326011588836138 3.568353785273392 4.967929961413756 6.09050704803467 6.572717260500695 4.876223518445557 4.7455230147343155 4.271746629692427 3.3256263867138443 3.057682997016654 2.758482433622332 2.658927445151557 2.6320841245085393 2.319443591655048 1.7174580349142028 1.8849282240561258 1.50625865955638 1.8132059762555224 2.052818001646387 2.1900839633775058 2.269475605686978 2.324192493014811 2.236999982121838 1.9635637503113605 1.6979007362655696 1.5615744642231393 1.5475195437945686 1.6157346647362887 1.6087634308622765 1.4695326745511028 1.3029984929270775 1.5061596229268739 2.0081716727314523 1.4602793869218382 1.523538813986589 1.2869425019580718 0.9036587382328786 0.7894402806023305 1.0176487514723305 1.3595277037356808 1.6332695188656055 1.7205556736120515 1.6422636632536518 1.513170406403977 1.4225738401204118 1.4081399874440719 1.4961456755182638 1.686015103021596 1.916242376533801 1.8992203886268693 1.471396057114708 1.0694443848743926 0.8587082288553982 0.7001118156410915 0.7147313022029692 0.8188279136173375 0.8467027589024743 0.8138188976889837 0.852473552071586 1.0210170979587474 1.2484025440114486 1.3815473057796606 1.332036558117367 1.2083013221687209 1.2099464616842814 1.3919627749687324 1.6036694180048552 1.6291814856645175 1.3876951806622715 1.0349767776611916 1.1050583037598236 1.2817550899306345 1.0476932687322147 0.8466352490311063 0.7464531780633544 0.5964051339016165 0.4880956640590832 0.7103837292274995 1.1091273450614731 1.27172700078958 1.3918394130667624 1.5638185431424616 1.498675362551304 1.1263075798142235 0.6995379075455148 0.4577214444233814 0.4326311346844556 0.5895137724578415 0.9122328190423699 1.259569723804835 1.361791320445671 1.1078791456740413 1.8010703167874433 0.6809809809752214 0.6177912475996482 0.5695515600275667 0.6606355008899542 0.8597540973564664 0.9926319060095457 0.9647340876337234 0.9130843039307647 0.9775034190238733 1.1770629509342212 1.3591405728386248 1.3339134484615078 1.175066662867114 1.068165357159695 1.3146179758456706 1.4825178631790816 1.4853753186039937 1.4707421425655274 1.478371809131512 1.4990551279595605 1.7324110155239925 1.7909224099750882 1.7162595710021502 1.4089256367976775 1.524081902179698 1.3176867794806304 0.9201970160586092 0.5606891122115932 0.5706341498887548 0.8789252230436205 1.0204869410338109 0.8999859739246011 0.7205891160528658 0.7932830689309176 1.4053206907581792 1.5874185663784524 1.28153503799435 0.7446380048251673 0.9618486140911399 0.3841542889024089 0.9051281609616286 2.262397547595981 3.4175912936002324 3.9487717907379913 4.389072236261876 6.41251431222077 0.7415976729817899

CTG>CTT
60.4147496100469 527.7117383319433 258.9972087909733 162.92755736872732 113.11726043265574 90.98631518939696 88.1204899051193 70.48848335705198 59.70634221174673 49.672064820152634 52.1317957355165 51.07514591619183 48.89213492380124 46.0067190780353 43.856392134965425 37.21160758576575 31.206178958932792 29.628887188687802 28.609429039938586 27.498475322384753 27.148008645017864 25.86861340300673 23.292639863096873 21.272812909927858 19.433828228250636 17.31328353515557 15.04583137937972 14.395004158036665 13.829463406568971 15.278368763275068 17.046345841797752 17.459784574452364 19.929500188348225 18.726631154846064 18.455854763095026 19.21752821510395 16.969392414043007 17.091186318944285 16.217027576877253 16.243415999539433 15.731214073734213 14.738456557745106 14.119875759808968 13.178033705090892 13.73521637916157 13.79931419632542 13.24534049342255 12.789938543997293 12.305817752940419 11.568624585864328 11.171276391233281 11.073001925491539 10.728943803380346 10.974138007513279 11.324949798375245 11.3283027552916 10.753752312363941 10.055844999888144 9.919299690952055 10.402572447477207 10.727695475299939 10.542573832977425 10.420888802019373 10.808071769859605 11.117771266030646 10.552283423025763 9.62330707266696 8.920781625404882 8.369106896814312 8.225126500027967 10.61174431271135 9.465927867822353 10.536857161808465 11.293916301472311 11.568908388536235 11.08402755730428 9.759433266841913 8.070273459473475 6.5903290891632205 7.028088028664632 6.240070309396557 6.617568073216578 6.997207932121054 7.439299493927245 7.766588487021982 8.025166625875515 8.905104885710031 7.309389700840747 6.766904766143038 6.4962328056558345 6.760619447281979 8.34393492764476 7.979861259845567 8.960637529682126 7.389301009319752 7.092373006851619 6.750687446933752 6.388663383666173 6.771420384657669 7.651369672589283 8.931905666994323 9.290670347569781 9.20068894397702 8.602474771671144 8.724132249804574 7.096861053006116 6.8206025648655615 6.722948537376745 7.4549742505762495 6.248723252753898 6.2736248072125536 6.7918398917059495 7.336623512414089 7.66782638136074 7.932807717412835 7.708297885622499 7.027885898773553 6.568766182438849 6.603242127493067 7.2582276640142664 7.419295543677281 6.820978617111664 6.728479194760823 7.269416317530887 7.691339202571629 8.803179581153989 9.342652673488663 7.816879622656027 5.831968567275343 6.019120209697408 6.442171365519665 5.822968646419845 6.35162643712132 6.548983499771705 5.826455992862422 5.414081331704948 7.544483742273303 9.282641275037909 7.6049977703674365 7.660456689995088 5.814257433034139 4.841333646221082 6.786440623922042 8.322014199875612 8.169539831177472 12.410871134841999 10.903966518461925 14.67974924396292 14.832167976285655 21.12000623027787 2.2074285067369104

CTA>CTC
3.9700060641036323 35.06274954345963 17.549092565876236 9.750889825853681 10.85758002356165 6.692723002232272 2.3392411276282927 1.8301927272324898 2.3510201751225073 1.7612437688228821 2.608780107661636 3.1542219785279366 2.327046189234425 2.3803032720187907 2.148954324403803 1.772008103986666 2.198406287843985 2.6288122830683665 2.178940796496761 2.3185227882085986 2.241993249148774 2.126745270624104 1.8285987216131026 1.4982626187056765 1.2943158845931726 0.9017120596155485 0.6318867670873658 0.7348721195025274 0.8700028536119967 0.9296460515856929 0.912250449587548 1.0757434500423697 1.6531535516454787 2.2963971064712703 2.2158121488582956 1.543227011435704 1.3072689137851141 1.2464561455565053 1.254890386825376 1.2045247389506983 1.0072282915904018 0.7705779494615563 0.6025118696006624 0.45323817000998395 0.35260607605291416 0.454741565557293 0.7128135637833809 0.9761835805567467 1.285397728873839 1.4283570932373422 1.28241566557951 1.1895482578975753 1.4668295511928178 1.7215219162690205 1.0241895932141052 0.958840421300968 0.8850009755723615 0.8020221422068352 0.7330348138535728 0.7620836903713011 0.8834607203117657 0.9627004672856037 1.9887227894851114 1.1127462008347984 1.165873794798483 0.9974491500699003 0.9751666798370937 1.1024380234034554 1.0971045385472278 1.0290265459559933 1.0486491658942272 1.2013814504222016 1.3738926394466333 1.4403861089266365 1.4221440269605605 1.4381997840416905 1.5279917389140438 1.604779173532449 1.5753797614449803 1.4391848615121001 1.2600226865008726 1.08179130578787 0.9020046388993851 0.7240581955761705 0.5893794228803441 0.5187733215306192 0.466536437994207 0.3945998597526809 0.34859656903395586 0.39219588023241636 0.500428183806791 0.5782147851446442 0.5688915500968421 0.502174634747016 0.4424564020484435 0.44667782466705386 0.5599351074127341 0.8298621253077993 1.1468819207171546 1.4237050765311974 1.4169408085784367 1.0372013331909826 0.9621371817949839 0.9631572994165174 1.695220430736001 1.6532828239584472 1.5514317584716253 1.3052685584232107 0.87626132728999 0.5222638733683326 1.0335553712086385 0.45769326899467355 0.1887187652583998 0.27648342563415246 0.4346788742879746 0.6027769309101297 0.7132270028520195 0.7368149547270191 0.6755786153352894 0.5483294234875967 0.4020815253259753 0.29861295705344615 0.2868286208839212 0.36406957822354136 0.44211149830494395 0.42078070237743925 0.2999729281199841 0.16072970865039543 0.09578711488677791 0.1443525028089166 0.38411204216111305 0.5772101679472023 0.4929730019314275 0.3051396888887409 0.24452288024770688 0.2769375189385041 0.6185962958345251 0.6517266414982111 0.49704666180869583 0.3766687117502694 0.24912708909168446 0.12229861373966286 0.042841169941002066 0.01073914593265248 0.001935821192259341 0.7939226397322582 1.299672360460669 1.4943967557233413 1.1994384921578767 2.8097306294184237 0.40311358597809804

CTC>CTA
18.976497110837308 171.82320683666438 82.54272402859509 49.31044147307597 39.42142823380883 28.9175171314564 27.339991763102436 27.641237686357524 23.38925177211525 19.9861707843073 23.278048510053193 18.83150599427922 16.229821690588647 12.529890164361019 11.186345248458613 10.379694844067458 12.58887942918904 12.958635948608986 12.93841048416134 13.363878862538481 13.27317852695782 11.083944141851294 9.204384009783995 7.851514095900789 8.078808849446883 7.938243025956131 8.457984087039806 8.176515267186229 6.993994042678727 7.059569714037769 5.828003258982859 6.130980800649214 6.840085882760828 7.130838718358748 6.156286580195532 7.018340448110744 8.026213170823652 7.849143567808148 7.552080132602414 7.128216484386622 7.136729002283676 7.227797513078088 7.060353615587629 6.796501322716186 6.452398987065688 5.791363690777106 5.150145604900594 6.3832612376637465 6.405280381418788 7.262919947771434 7.33549826792777 6.810390420914802 6.249369316885114 5.955314759176763 5.6354299777294 4.867357302929746 3.7870953834397394 2.994983078945147 2.8316769087043676 3.177536464927343 3.6829866281746315 3.9628362798456434 4.1137795695523565 4.521401013929663 5.242690208194483 6.670970384805325 5.347199093891535 4.725282874151849 4.274006425072595 4.19888250263573 4.455662716504637 4.620780658301252 4.605555984148389 4.7868287639174465 4.93137542108517 4.608727564741392 4.41682712558384 4.443598071397515 4.352434934503829 4.345979510608236 4.398923213906309 4.291433259465242 4.403262221701877 4.5380301377184775 4.2766373154093325 3.944377840861971 3.546462605505819 3.6625163855381246 3.1659617096582444 2.6727981826888825 2.9636753408573857 3.51305253329379 3.8921717566749807 3.9586854435176284 4.413589617744824 4.630297845222641 4.355051656675079 4.190470850196364 4.189198464364042 4.175799719637803 3.9902346243287146 4.25184383438097 3.4709432027529785 3.0483592028113033 3.2723765749736238 3.6105093017155943 4.221631722015681 3.7807085043401947 2.7406155909820065 1.8929247822020596 1.3458189338842073 1.1526950624783032 1.2831339384879878 1.5437233409981572 1.7281152359682679 2.08781596306099 2.630099101280792 2.722185625707854 2.429711849174686 2.4318736990773386 2.6433565250525173 2.714556956209683 3.1233698094770213 3.331650288899325 2.9509796717661745 3.2630870998707118 3.519877347208957 4.354822733006915 3.07560750688036 3.038334812460146 3.423968808192597 4.180325534956314 4.993322681168074 6.179824331964678 5.042414388267031 3.4864958207222023 2.4499059208353855 2.3794681100815245 2.529926618780139 3.237944809017289 5.4494735534489545 6.975505996325834 5.025844691231314 4.6603884208231205 7.285390551463408 6.800362525554791 5.870202381634139 4.820954881657518 9.947454147100252 11.147252120376816 1.2491030462729587

CTA>CTG
12.356133740215952 110.85593122994013 50.28275932085386 34.17586099411046 28.168965188808507 23.26478745758863 17.714870089112644 18.170486268421755 13.537402601719249 10.975049258114508 9.260803381860752 8.605054336874604 8.12956819399965 8.838214840272208 6.693971794057124 6.570712311148371 8.043518494978693 8.501517699064708 7.862173392891285 7.118409890577699 6.359755430171124 6.613497483576483 5.800950630578919 4.3978876714106185 4.1592030482117615 5.409779098213151 4.762536664378305 5.306632249647185 6.1367467905250725 6.4333097173585925 6.957295666648416 5.479717503576919 5.0341235399451625 4.655237322865802 4.339118645368839 3.880275181699261 3.8885670080531476 4.361548688535139 4.4382826305577945 4.073600679939741 3.805866035755739 3.6130135736586704 3.2285665910923336 2.952703128954581 3.146778576665202 3.4202700910261328 3.3415996360647204 3.1642757348087525 3.1493255134747904 3.24551823108948 3.2478773239557337 3.111827626338115 3.099761906009917 3.3031343969471436 3.3991298410919972 3.1918905176500574 2.8702657962364375 2.9088657187679776 3.3355621942206937 3.1838519583497984 2.644360666029606 2.455913606114714 2.299183664924235 2.835531923645012 3.271594243866488 2.902553058401277 2.8473164510841666 2.741047881279201 2.9099009979204453 2.886499819177699 2.5440762532933845 2.6485227349395717 4.026326023593433 3.1003859542953816 2.926647232344029 2.588367055120687 2.121974603639581 1.7452825109535834 1.5851962668163726 1.620198516660487 1.8782496003850788 2.2827909011748417 2.64450056443019 2.8501555149354423 2.853424759133056 2.74754591144744 2.957646701368298 2.8548910347625625 2.2643322120075053 2.1069104457031114 2.6979855857877313 2.921354768188447 2.4442905528744285 1.9572729167514153 1.5747876553993507 1.2569382992761104 1.0665806927951285 1.004054461881976 1.0441360308754357 1.1523304590101342 1.2706233407272156 1.348340164476903 1.391074927303355 1.4883885274508502 1.7502591425012854 2.159972533713392 2.5599714618425033 2.763819392743205 2.655841701001804 2.380917003976787 2.226377612009885 2.155823367121293 1.972644619181291 1.873813986443083 1.768562335041678 1.484079847542809 1.259581435168091 1.7287784594492943 2.107568724488522 2.20110143255978 2.763104086448511 2.4731303842361694 2.2159171643999507 2.0928168652655637 1.870936414038135 1.7452221959708134 1.8232473062504517 1.8699984036758222 2.1918823969578702 3.534628375548465 4.379822160633399 4.334221281298004 4.305408385241818 3.9505775410820054 3.7053446143502176 5.266953315002409 4.072879087421367 3.2101462352881636 3.4115762657781983 2.8659371386999934 2.8194093360252444 4.095956685572747 3.64145557300084 6.01266735047648 4.210900480465374 3.405900635091624 4.860875114439115 4.142149312854865 8.280156825263582 10.984937504341323 1.3189024898209039

CTG>CTA
135.6529852667991 1185.5747416434606 640.9247676145708 440.6228243286651 314.6927947328575 268.23175822307604 212.28427783466609 172.96367154398655 154.42528119932098 141.56763861521515 130.73071082002346 114.77823097646159 108.96480838186885 99.0483282278487 93.65994514474937 83.58667012151398 79.46358963416684 72.89786328560557 64.75166175715846 62.582059999335186 64.25901460349658 66.42753284638115 63.714743877301245 60.75854692049986 60.48450539190354 61.675506432448394 61.58280336875418 60.86093999576794 57.656850476806376 54.938608700168146 52.05492918819897 50.55946843960979 48.225951495342045 47.352191346711706 47.925844841183036 45.73685791720295 43.253249471294616 39.817051848736085 39.44594745907663 39.72009849007835 35.95132846935923 33.83171649358076 33.6230553942307 33.22314347544193 30.707037537738106 29.78362993573613 30.394216484935345 30.643480259308554 31.442788588474897 34.84377089874493 35.36494041447435 33.90919038974071 31.95661515299324 30.918470335482326 31.302398596473815 31.963358325615847 31.12018048608932 30.42694213649181 30.702967881279832 29.41758279160987 29.96191270276832 30.190530030331086 30.427889137901253 29.032306065651778 27.580502794648353 28.993279696354993 28.39584265012768 27.566899668743652 26.494958676388052 25.978291612680746 25.863640778418993 27.528221199639212 27.527012958884004 28.128434284991695 28.189146699864278 27.216568901079143 26.395139939924483 26.73322556893851 27.93396929230701 26.680479154335888 24.254334161616256 22.38420152642738 21.11510602740171 21.737303029196067 22.931833446506936 23.847768946330756 25.09510772610989 25.36676561398097 25.304295287382917 24.831066105034445 23.450092708867963 22.77737806758106 23.044848813212397 22.79737458728107 21.87806776236593 20.875963797278274 20.013228971165763 19.457955019417966 19.196725435915912 20.133609502899844 20.103342541340144 19.696714905261466 19.630281753782956 19.72515382809251 20.122834833625234 20.263100680551066 20.344648744617828 20.292882485274774 20.28830221394561 19.735798339418533 20.75786326236873 20.1999199760191 18.986095967550053 19.482971495103378 22.045356902857602 22.707592785248323 22.46334488080111 21.18689717344377 20.109187501383243 20.061984887059893 20.020061788210157 20.627291541433262 22.491367305242136 21.42132842692026 21.75953197011059 20.96647419522998 18.442200392510177 16.188566417905662 17.554482989103995 21.36405839664664 23.135949017335406 21.27626195227224 19.314991768029188 18.709462180703042 18.971263067610533 22.144120563125153 22.926357599680436 24.178449505892512 21.5964243479261 22.187164931276108 21.979310729770358 21.14928631849161 27.558817724643987 27.86858665639121 27.416494714622807 33.732013062784695 30.642138038156812 39.72544803312319 39.29895831468801 58.21502426687762 6.240493765474619

CTC>CTG
16.457023979258842 153.41764657293845 79.99385817629857 59.51386095240339 35.5381804033609 28.32584887290037 28.015469632601782 19.756660067415346 15.25913157628712 17.342626350140062 15.565198003442642 16.435764857703735 12.713398244657368 11.104739747207631 9.0955361247537 9.508605134905423 9.893179764562257 8.355553156328856 6.5855247385084805 6.775863564858437 6.082290476900295 7.468091410782348 9.260294476565244 8.113379778172956 8.083168129624104 8.396462675390971 8.886835322901025 9.082351352586954 8.924632718492369 8.799317898684546 7.560302041910678 5.7533417010429435 4.789542447953027 3.8307340547009905 3.187937924040487 3.633390095164614 4.365010161739779 4.868457158600255 4.882789065557297 5.168511887661133 4.930836609341236 4.447478597068422 4.175700757039337 4.077433721940458 3.881759172495151 3.4951846643422977 3.0296990432863886 2.810793685078342 2.923034670611296 3.0389688701793753 2.940285407998102 2.8967521172589454 3.250803736496933 3.828280511132072 4.178576215615315 4.113845007806048 3.741443319506897 3.306508543678958 3.1205708824531886 3.4220638627739355 3.9011989075702584 4.0065931447685985 3.8717944070135135 3.7344100669731355 3.6425656470282153 3.7693589979767808 3.9971064755777683 4.107797082744409 4.10263926882498 4.1868347786376034 4.459917836652827 4.757816652554007 4.837660853508425 4.778131561063863 4.796519807427838 4.722415067825457 4.504517411244958 4.272373668454186 4.193985314902329 5.1685052819788435 3.8705326827961604 3.4460800633966597 3.1618965971218307 3.180229426581293 3.2973566370535154 3.2758331327509995 3.3027464366475128 3.5213163463397574 3.707015822937742 3.6030822385377315 3.2746892847414966 2.9833337741733654 2.840991557497187 2.747949101273141 2.6252101271733603 3.1442560252931613 2.8027482572249927 2.4588203793685137 2.6515739530564733 2.990101870270508 3.3836177020605387 3.5196984949322827 3.104162198228589 2.399874445603136 2.074630336691154 2.2974459433243726 2.776162672628398 3.2671187447219006 3.4473692613255373 3.103742015733738 2.4869313499219885 2.0564928057205396 2.1886128141607073 2.544437280784056 2.6030154311432927 2.873814111673335 2.77665290448528 2.2409042528131446 1.8498227661803535 2.163945495603652 2.1766017511163636 2.516528766150074 3.4419650112104354 2.919677669516552 2.5525005396315508 2.6647755507168207 2.9695872207615994 3.035578160910904 2.5960451356739305 2.0621370351551787 1.7502686754097005 2.2649016857191033 3.244466733895469 3.9131887960619967 4.306895818905698 2.961528217749835 2.9148214348329278 3.226485106069351 2.856999088908411 4.089706958687448 3.8634534071435422 3.3833331699349256 6.227197035383047 5.789898560863487 4.694741096922627 6.02761746586025 6.404463207262781 5.900438745090107 7.365249696679843 9.333903474473562 1.2881577134950317

CTG>CTC
33.69076837951355 294.3538742345524 144.75044396772287 99.59035641532482 67.06345037283918 48.76291650190145 38.72264630688964 38.200724194009396 34.98291906109491 31.076335229038715 27.542474172860295 25.651153692135455 26.323321322091736 25.77081780323035 23.156662134590228 21.381410670539648 17.842250875560076 15.919283715996702 18.13107364934595 15.263033124352619 13.852648107079743 13.212436857754547 14.235889718290636 15.253789724793315 12.474965678897384 11.244632307104402 11.139912609630354 11.865555671061605 11.884129958559322 11.20940401491739 10.70196077279503 11.201114390581893 13.165118711406574 12.435599775239789 11.300547069261683 9.173888463584786 7.871945020089476 7.139128768197552 7.27606726442256 7.768704624340298 8.708784849814071 10.088431621399279 10.720953784739725 10.479687952357958 10.633279948409731 10.585448981433585 10.088668457839464 9.389132187875498 8.680620175291981 8.430064174634301 8.466787351813055 8.259556719470064 7.653557687832172 7.8282289030194905 7.932471807666852 7.753262289346625 6.952930811002067 6.2266140375397 6.175189676365592 5.744126223964277 4.8359953092137795 3.933271210486216 3.3672437583322883 3.1145024409495545 3.1158949783435563 4.04200336231332 5.095712027883849 5.178183672601689 5.520312048113565 5.574069902926 5.072402188457209 4.652866709458995 4.798852162690627 5.168400642755964 5.330624091869063 5.4954036800591854 5.785632636942627 6.0018165486525294 6.177428348113294 6.382744914970248 7.1530413327263505 7.384134615050726 7.177574195454028 7.494304585357037 7.286382698417202 6.273069621265374 5.416055051037784 5.0478183816208215 4.925721977467787 5.242948154722178 5.318314042457387 5.216533513192308 5.463492964619305 5.656110581342422 5.666957314078238 5.577772510762658 5.604605938280107 5.667309987834102 5.389506865598197 4.909465183313084 4.702529400049639 4.885755548473388 5.113234385297178 5.216019675030027 5.423261640539113 5.831768458086987 5.905293108115371 5.161445658409988 4.422424213500977 4.227984980746101 5.47630260595771 5.934158487284385 5.204950520643387 4.086992001773176 3.8138771929482997 3.9928259839983067 4.04258404549204 4.003889169664572 3.9015430070703165 3.6312180636936566 3.356114393016456 3.8126655036405275 4.868203300785053 7.358247163566292 5.545327727238028 5.917341481603712 5.158111635050702 3.9961307440247964 3.608787234235443 3.5534980746760647 3.6657826907647246 4.263505226456819 5.108233453285338 6.473516467406107 7.642225809967478 7.630071487213958 6.356791633159255 5.058138976399075 4.343761766515633 4.985198584401449 5.271610509690137 5.378437695075648 6.415339254204519 9.122960697600275 8.567206017307255 6.412984121470773 6.9245124465156325 10.079667496248405 8.156257264422338 17.04566922829733 2.0500106458417124

CTG>TTG
138.5179325879726 1208.5108828349687 649.2425193251995 458.6566231979871 311.954865794405 262.5026336864775 203.70138364045658 169.75786448405924 159.46554871491665 151.0221093832649 142.90596026508175 128.24567541499388 108.62606996918105 99.76072624334901 92.63289780183182 89.00346115532763 75.86244974625212 71.87587732598655 66.41873691808945 67.07633860863642 66.58585865880904 62.40117486052501 57.10952602946486 58.583743663280345 61.52872655675685 63.24700300426755 60.43251804592134 55.80821008252294 54.68297385197776 54.91544826528838 51.89418340918987 49.637451810644365 48.21883489077927 46.600947058900836 44.93084006382946 43.211708280368654 43.19628278652735 43.03358190577602 42.06918130904142 39.810540676901006 40.444340664682045 38.74394609616316 36.68640513217323 37.09530803835295 38.49739709436693 39.678222678822095 40.34003045723383 40.18747933230881 38.218285503978926 38.22228675489845 38.20899898985258 37.163728867019934 36.24906947794934 37.08495372866902 35.425931251790175 34.137897997489986 34.00414281483416 31.750970564164035 31.47434486583541 30.02854476250021 28.484765245096654 28.494154331222695 29.88887767887824 30.146258674065535 29.79754396963614 29.66621956354888 29.771326720279788 28.77122836698825 29.415866019793917 28.28078757530529 28.834005951439483 28.786252915388722 28.106955205949898 27.944637670440326 28.475177789432713 27.496771233295974 24.927231878103726 23.421564531978945 23.008520734751045 23.58633866965427 25.100708101045374 27.168630883883452 26.531621154202654 26.663595787088678 26.1790026889432 25.74418231440663 24.90869031797871 24.262891898985735 23.77165553622776 23.73918914936638 24.942742487185097 26.19329784742881 26.455521304527462 25.514246614927767 24.868046008370218 24.714405866272593 24.91056022929162 23.41721738495066 21.78679909898134 21.836243320543897 23.55839021362994 26.568412924597595 27.86172822303094 25.651840002761265 25.187434582043693 25.0635539586318 24.89111302303129 24.34551039442651 23.676242320600814 23.556949273353645 24.20277510070238 24.466754746306165 25.076560113335884 25.974466189769387 24.44177118698167 24.486945197644825 26.6953868716926 26.859744900797306 27.68214455136965 26.522180762609935 26.233855273113807 24.094731408052443 23.989333439330217 24.371264754231543 22.024482007831054 19.57661941931793 20.334380573052883 20.033016929289897 21.34878637196952 23.70124539579667 24.062288021573107 23.739570505499852 26.37179997792217 28.489355444745865 30.088090861300756 29.860562439131893 31.286178499392392 28.47140614614621 29.814646655724445 33.57712046541909 30.121485153998623 29.22501418392355 29.578099967752827 37.277526895595926 37.47100483551696 43.96691633935432 41.59181680154629 54.25046470767943 45.916807507473045 79.70853516347215 8.358379215373963

TTG>CTG
17.017658401828598 144.34791695226943 70.97188967553356 51.003978927544274 38.43380429320698 35.62266184950854 22.25992030372478 22.445531091069235 19.689398372947924 19.498047111635568 19.838549382399414 17.54585955890458 16.213376397950082 13.786291970928568 14.630466551172093 12.840022136394483 11.37439136250952 11.985930858128878 12.300643353285864 11.767399605410848 13.314193297536338 9.195150706844117 7.670261300805335 6.521801352555537 5.63887376351721 4.822637252679398 5.16234381093872 6.488713478273009 7.414208449422682 7.418008775056724 6.929759711568652 6.469637551589148 6.1935052853464505 6.16728229653254 6.328751343379431 6.38638906585045 6.134675147197106 5.73350630631678 5.263898733627515 4.774494768968065 4.346905679200603 4.300721758531867 4.613300587890865 4.92279407415977 5.192657410251503 5.248664275897921 4.9582294063753425 4.712054486628513 4.715792229627093 4.870692428620636 5.248716938083558 5.622473372024248 5.842009483322077 5.867073320136603 5.441930250810408 4.7112962245116545 4.0620524755639345 3.707298436199271 3.861500555893429 4.41218392015954 4.779697219962745 4.63983417338837 4.586284894808565 4.7626987735014845 4.5172628033108815 3.7008429737822315 2.866304518963253 2.5953620563192206 2.840567771188135 3.2395173970316136 3.579374089247973 3.771429082441475 3.7267385591953732 3.4349059297780444 2.979544918832628 2.5101362541151087 2.253116791851185 2.3507746287214815 2.7287187744297263 3.208929712728993 3.690188391169119 4.211528116207141 4.6062877024536695 4.464187535342396 4.487184116625407 4.983903320964492 3.4305479814457978 3.3084538567941415 3.08454549846797 2.927271223492983 2.9371909352815355 2.915345101115357 2.6365227193131577 2.163106569305435 1.7334670058577997 1.4859609283799662 1.4217720312257756 1.5148441840089055 1.7249903154511559 2.0394042709326436 2.595268822412898 3.5328511339579953 4.966137783288206 5.779199627410422 5.249744851360562 4.2823301868692445 3.6198463842058097 3.219380254364055 2.95167051308741 3.0147890920501035 3.291117310920401 3.5473519955774133 4.119778158994405 4.612088106706489 4.633829327677159 3.866351015428962 2.8850699918994884 2.4702723464093763 2.562440298675397 2.991384176889624 3.0378912345680473 2.778807799329018 2.4761162736420643 2.95732529822546 2.8635205466885267 3.4468806331694077 4.410156435340005 4.699517537982194 4.125829877448085 3.281511549764482 2.5918462153884376 2.6946342655445497 1.9638362198338228 2.488184161313574 2.9040612350420494 2.3184659838138364 2.1085745815352226 3.2994099138081707 5.063774617857666 3.7301689563667697 2.476425349944363 2.1392315009750993 2.981087900857728 4.11172187922124 4.200306307048769 7.66636552664899 6.786041621815783 6.870134085433906 11.705092413430284 22.340425483264877 2.1928322208315487

CTA>TTA
25.19970194843748 237.14888784253301 140.90715102219633 98.58134405925381 69.3129425442742 54.63462944562063 40.87230717059866 36.146797636995565 29.744899606470597 32.06291568660554 29.06072802763076 26.04207602985891 22.28649781433872 22.001831511231725 19.605965421234767 19.679830407241106 15.089902380440842 13.07926248268901 11.862306081823817 10.219135353184953 9.721680131451256 10.375383221441103 11.768351241941874 12.958665575777129 12.579981433477723 12.995957988722777 13.194341089338147 11.730311567743614 10.826882375075037 11.463752843088153 12.22841852408026 11.701687386440714 9.909920682362602 9.361206516350663 9.437042346948878 9.614436462041931 10.647681419887046 9.229269455108605 8.505410264594202 8.22082223065846 7.822042647943122 7.194777991714829 6.766977784177472 6.74979032407742 6.870988373226681 6.8363154947290745 6.614378129577469 6.48899223346726 6.5714473532543956 6.735467844342295 7.562325300371906 8.260572179064333 7.052834787799552 6.340381351852182 5.619768523762963 4.938993629013522 4.928517334208277 5.053470032190798 4.43977993109305 4.543655006435987 4.62828373991885 4.648208630514309 4.780657082570195 5.041136530959509 5.291101293766363 5.5704849457659655 5.87259810874625 5.960860221765123 5.771207902755436 5.538448884178448 5.361276077118092 5.12900391903242 4.85691812227981 4.682690112440858 5.215836504184025 5.507963719164919 5.313260956997174 5.281966362369088 4.889298317539703 4.414517096650771 4.011203130064197 3.861010883280763 4.031180434108695 4.30793813163675 4.728884108233888 5.247572461849474 5.645768188685826 5.932608570819969 6.039935697933807 5.821185106690201 5.4036992366217955 5.305926734156822 5.366151402903399 5.078462905485062 4.6432270988629725 4.2324651156462485 3.7029570209372937 3.0875073423347197 2.82487829816502 2.8770868131271654 2.8270130970426033 2.8986505382201697 3.830113300829734 4.380719864577606 4.648228895403734 5.143236572338071 5.354203952819678 5.0638160486914 4.793327676069758 4.789388397282993 4.723866335439052 5.164514581550621 4.342807740188804 3.9073027156960225 3.791930581528113 3.4129139920981384 2.9651575229986773 3.0151396189286874 3.2564392237545965 3.82442466543809 5.171274888105677 5.304414445167115 4.651257852237013 4.512749912641889 4.550598213291065 4.399596641326987 4.007170041816221 3.634745434227525 4.239169729862731 3.4952313812641047 2.8047258199720595 3.2558368534657394 3.122821434913537 2.6872206473826696 2.157637290616383 2.5195864860901356 3.018451155105443 4.321403134283469 5.2434208516734975 5.405812138282063 5.364280399024016 4.01646001562285 3.7126105844598274 4.971344371658037 4.543901172119772 4.609604759907283 5.257716526028804 5.482639127211926 10.755514712338224 9.35787052268793 0.984579444564913

TTA>CTA
5.038916984391026 48.53801471363229 17.27128007925025 14.69563914334584 10.221292134090895 11.33315807147909 7.878055102185489 8.668421870559948 7.2872540709280305 5.948281701262596 7.363294017214793 6.169664735568529 4.069033996649052 4.685442023975366 6.215224659587935 7.353350126338634 4.694475469192026 3.3636049913230357 3.1005826965333654 2.7220824052905455 2.4569310160446842 3.528635769436493 2.3202982996359545 1.5986966836378282 1.5579508617887976 1.9706421410087498 1.8022256389932203 2.081653192339633 2.122657575831506 1.9607242231552628 1.76405948760752 1.6609204195994047 1.6454944644924354 1.6778991774159724 1.7458839462334756 1.8842432178543176 1.8543491261423228 1.734348582523225 1.9395595869532294 1.9632512839501186 1.8452954613418648 1.7790429154622642 1.8721801927502983 1.9270305859094772 1.623178858689687 1.078280634105716 0.7605185013610458 0.7818142896405292 0.9291439113811675 1.0921994505414898 1.1974888082415385 1.2468380384523554 1.3414413852762161 1.5755409825762505 1.83919357114886 1.8796438190043365 1.633211250025199 1.319007299353763 1.1796384576736065 1.2464993303558904 1.3470314614614842 1.2949204801340328 1.0643207560259755 0.7841256652501 0.6014095859171403 0.5674231191819844 0.6262168558075936 0.695738176312671 0.797419922596311 1.0385583167817014 1.290836507613857 1.2651621330563212 1.0441498397477937 0.8830176913501464 0.8223867435782855 0.8436097152674181 0.9221731744682155 1.0112731242757036 1.0847012094950634 1.112284008492781 1.066003444894162 0.9681984079016615 0.8907033957619271 0.8992533317151079 0.9965468560269998 1.1431233068395497 1.3102239192660472 1.4120553236590467 1.3701736464599699 1.3211863122644734 1.4240697809195169 1.557267554416298 1.5249669371587655 1.3488772349569846 1.1702767861738677 1.059251223486192 0.997835554501303 0.9437034273435784 0.8771973759302139 0.8079145953511488 0.7478710655204928 0.7029185325503132 0.7111807065550549 0.9169736249605024 1.3115789145374774 1.6927090815511812 2.0270618896088646 2.275774983300011 2.249270431257419 1.9704067659398072 1.6897024873227322 1.52596671106253 1.3877567243318398 1.9534103453161251 1.259110653771651 0.9085910280882586 0.8630614417772998 0.808221611706619 0.87558357918044 0.9682709004800194 0.8818129512653073 0.8697352320658434 1.0738221012836249 1.3962389660978267 1.3569597222146077 1.2166180683371466 1.1515096279175638 0.9192103940504804 0.6289776283392856 0.7901146449564777 1.5310074912402387 1.8463173177139471 1.4118326141174222 0.8884123707732711 1.2688302044908741 2.1592208926392598 1.019890422018273 1.1412942164920616 1.154806699170604 2.233621663158153 2.4640818909836164 3.138199810673749 2.8977776265009343 2.964172549333937 2.62632664485524 2.6725476342506775 1.8352754042027315 4.160994420331551 1.1286914285001284 1.9133976779443382 0.19261187268635033

TTA>TTG
5.295969839004821 44.48696945098869 22.68912179647383 14.636187823593414 12.35444318758118 11.456791478930292 9.962348185089015 6.612589615867948 4.2444537407058425 6.637429112625036 7.142053244101609 8.599961139790715 5.939269806793194 5.741071107917997 6.522377921759801 5.282269073441574 4.964049200461799 3.993058032357425 3.7056950947731337 3.1725013174095316 4.1153447981179285 5.033011614267567 3.944999317905087 3.172285682316436 3.12189853321342 3.2050188755886753 3.1712788835887857 3.1577112336433824 2.709096868004013 2.1868663159574395 2.0022907214268715 2.007542704955485 2.0906373281553825 2.127327950538033 2.124210572432193 2.0956849347421533 2.238655984795388 2.4150908159894886 2.125147427052002 1.7900975292845651 1.7444927118547593 1.698389714822077 1.604753876101525 1.4702262821189476 1.356793749909091 1.33483581006586 1.4975103884510799 1.844774525553527 2.2087910907367014 2.387104483700175 2.2889203498859825 1.9658428975132138 1.602822824994139 1.3985201063021728 1.5063761311466894 1.8636020024924105 1.782137084980186 1.521638043475429 1.9083948811018177 1.9177265466353661 1.6218074664587514 1.6915253021526127 1.829251792450658 1.839972146223696 1.5562029016028132 1.2137222417334406 1.1137963457923465 1.3147394930771714 1.706551706153888 2.0754717435400547 2.1602551474634346 1.881711269091245 1.5000736566517736 1.324833426877178 1.3414877247893016 1.322453334345251 1.1935028290185887 1.0685582619034826 1.0057119078472123 0.9550852451231758 0.8961531003544699 1.1907287445571342 2.0931767379387036 1.995641058319874 1.6178890990128367 1.737071932884071 1.736957203376851 1.718902881124396 1.742688995430331 1.9371235190287681 2.3384192582421686 2.5732608919722333 2.3499312658158673 1.9442171322202588 1.6883705867449674 1.5551073227511547 1.440857171609346 1.3536400770670374 1.4148200463047131 1.630875702357406 1.7084629600705927 1.5087026408125792 1.2581257498901197 1.137087255945185 1.591850638425525 1.5150366270128248 1.1532248572325006 1.017002310925009 0.9471013451421855 0.8620158407180485 0.8111892539344705 0.8797690092649373 1.1597388315856216 1.4582624081088724 1.4477234061414808 1.2347666683944971 1.2201339441717158 1.4297940967205152 1.5079837667505906 1.309937044200803 1.0388420484978307 1.158777704245255 1.869396252475762 2.377649371064094 2.176962948299287 1.6773521253656203 1.2929132075461838 1.308519268508933 1.4288047282463505 1.3406799850801763 1.1454953255084497 1.1959358756510419 2.036889018782129 1.9243437575158817 1.6173204574962752 1.3815288288437273 1.39119878431769 2.438448731550035 2.739726985233504 2.0748277606002343 2.2353289147768116 3.453354557049634 3.115361513539353 3.9286709836553375 5.053105032803698 2.4715776558665348 2.422320808460106 6.797733445585017 3.3903958878757128 4.901018230474984 0.6086027167453346

TTG>TTA
63.85080824165336 569.2894260777625 293.7603797776612 188.4874763312038 141.60639720493333 106.82317899428308 85.5412394443893 74.4566357378241 63.92835614569236 56.164175429061885 60.849998557267256 56.62417614332739 44.69769144831077 40.82467592416818 39.039433070993645 37.61821161116692 37.181386771870876 36.028713893992474 32.23751107467301 31.98597307978466 32.23574663446209 31.051170122769157 28.326893047937794 26.510332164893022 23.807627522436448 21.394462947259285 19.437385471551217 19.86235365762237 22.095735304418394 21.854938810299547 20.953865422645336 19.08904759993863 17.461707689736915 18.57762283369389 19.926195331454355 20.745472526122438 18.963796396246483 18.232055064496052 15.725112029378648 14.895074692606745 13.816985629130128 13.887942914989145 13.332837875358292 12.797130118363052 11.758459837216076 12.726505724193784 12.22154925115866 12.606537196425277 12.42928118920828 12.001959543532461 11.996287795114602 11.842927755903972 11.269938790917715 11.318221304713285 11.2370396105623 10.655906364059007 9.679067685047258 8.75177773656601 8.490052902470094 9.071858982818004 9.683754354281836 11.060496398078609 10.08922796701127 9.565738475676593 9.57811674058814 9.529531870407814 9.689392931677885 9.880264827166165 9.301631547260227 8.765304140655116 8.72355568508076 8.734302845771495 9.117586381594759 9.391782253578635 9.89361830031735 10.30825822882815 10.552734615722096 11.104244106182383 11.437742914272288 11.32603702466353 10.474780140463427 9.228552100703018 8.060037004600083 7.263283672036529 7.207046884988872 9.0834139410493 9.244811891944412 9.749545565214184 9.425791393908323 8.674962843351251 8.424201683945853 8.470752977304649 8.500432308090403 8.72080708897794 9.534928608790521 9.325171730398665 9.02714511576981 9.18011622945861 9.137872930873815 8.56921283759969 7.729638272324867 7.162405602995118 7.089496968374632 7.828510412618707 7.946209998803823 7.28897218581143 6.57637510048477 6.173162244906097 6.650323463638585 8.186833688183576 7.137980619046051 6.770747257476817 6.520518617372176 7.162023510116909 6.651957554380562 6.472693565972477 6.16980012925693 5.862213441000709 5.588351257456285 6.035582559270248 6.997051107145847 7.698658667499369 7.943194754678828 9.080158373519772 9.501616936047984 9.587064578279763 8.727388691215669 8.10564075108211 6.905834894326355 7.708156847939025 7.918060056881556 7.809758499467726 8.678496035482759 8.713261038531392 8.25242142471167 7.5709130258594035 7.05705749873106 6.652033618329298 5.654806583966302 7.2774828028540215 6.452093380161427 4.643491109186512 6.263346299646339 8.848728301892185 12.752543501262483 12.264884252537607 14.0492376891878 9.078126152231004 15.68974858930404 25.3134154517498 2.7306356407793206

ATT>ATC
10.340546591167033 92.5952452254076 52.80399482749169 32.316627045204974 27.541114263159997 23.908131726522836 22.569030178534902 23.719976196686535 17.657574631644888 16.86938617478684 20.341392942000095 19.022027415829395 16.461756714274006 12.290327388353262 12.170559839671354 10.710452426399705 10.780353030474698 11.519413075785758 9.415760763416875 10.00167314118962 10.203539541851006 8.08993267967173 6.687925498640511 4.91734904490286 5.583147521004159 5.456444061526824 5.764751430288534 6.897421853048581 5.321793313624687 5.012127664535043 5.0255766226992575 4.7935247544246815 4.563801838663086 4.158702194622283 4.618461159798819 5.160762343722241 6.57959979063267 4.630912401793484 4.838621200370725 5.516836334533946 5.814452083054727 5.700140378301542 6.80104000101462 6.993970726907826 6.196326049591193 5.325440954189194 5.467227158580345 3.9096317147897373 3.649494021963316 3.680175792627088 4.106376460897531 4.66444456397727 4.664900238298174 4.214260872412534 3.871591344470381 3.680970041773958 3.7398865676316753 3.7333417253462087 3.3707489188081006 3.869834976700163 2.6674048859038617 2.8378776883827554 3.022529120917023 2.901401912090018 3.0485620843122083 2.969973110253354 2.114027376692989 1.8304844718664224 1.957907189549629 2.1740442359065435 1.953801539865215 1.731168206612562 1.9127381987199632 2.22785748433676 2.8669887220061248 2.922285430693271 2.542456198816389 2.742852718020966 3.0721245409756395 3.5556573025870657 3.9477587248880526 3.9916260185256136 3.708027162916756 3.1540184684187875 2.493465646288523 2.06349772604526 1.99530182229127 2.1896224617483995 2.5077944328599058 2.8434712674878777 3.188476051247822 3.509585707856111 3.592183169065706 3.301588118259883 2.7838249169381997 2.2258323041518597 1.7269157785528517 1.3805644849851102 1.307956807020413 1.623624063461969 2.240581577170959 2.7766244121032395 2.9246382842971372 2.903642789418599 3.1065480673348485 3.4215908472937655 3.5901156550775912 3.5561955645368872 3.246518268441166 2.696915975267426 2.5336232459866026 2.1667899951296024 1.6654825173522747 1.4644950072782472 1.4809166506609097 1.5557544297185357 1.6382283560282567 1.647594599648534 1.6846430404750241 1.9432514867813722 2.3359284289146363 2.7911750573545766 3.092982220444433 2.9455916624185208 4.157972522949384 2.5105663749197626 1.9960479295844624 1.5325784626940542 1.196158590574571 1.3924832788300252 1.7488970019486987 2.1774643695574123 2.8573970469761956 3.8634823415949944 2.9296920375041298 4.0399114739529685 4.041298632035069 3.9363529243003637 2.9733162987318975 2.764039333274786 2.2954001441840877 4.084086359632879 7.461989226001842 8.61945393436372 7.703981565610475 5.920047016760166 6.7440197517838305 6.813763403425161 11.79455207042394 17.14008562198078 1.9970271560592832

ATC>ATT
94.19871073249475 844.5163902265675 460.6271884109891 283.72239912180265 220.56671256200787 191.83317487385997 159.34702304482286 120.23366898098637 111.79082314647265 105.65734739059748 97.28801162012618 83.02842480246723 78.05576600167171 73.34513883247547 74.9996011169182 67.78570528461645 63.31718793859056 60.443779374988054 60.589544664561124 53.24095371020851 50.60433593533861 54.70985762388765 52.802275519375584 49.40436845226718 45.556133351228276 43.838815799996276 42.46021821614146 43.08904695417755 44.74525991281519 44.37214098164417 39.48706691313565 38.06240155905176 38.89795888181526 38.92711766674532 36.46649287503978 34.711285097130784 34.615211100930765 33.58507733933578 35.94178164425755 35.08764108135146 34.05331943319309 33.40487112611264 33.31411730107375 33.11406408573217 31.166326043566183 30.664503727625654 28.40105049725366 29.443389955208797 30.001146536719695 29.58491698851597 31.421380659951595 30.426404133444624 30.638243425892885 30.14142556753827 28.582434639720894 28.45361857720312 28.05422527284714 28.02384947781275 27.65763654103728 27.221197569117827 27.403584870686082 27.579643018542182 26.694301939932743 25.314372518068478 25.380639507665553 26.06386642536938 25.57717290444555 26.064863926147464 24.04462122266529 22.53124127572946 22.253376588343777 20.788851367417575 21.913425395192775 23.637202410456183 24.096758528224715 24.281699983377237 23.53615479383137 22.21422781307425 21.255902087846223 19.839748645915243 19.13512649382722 19.540398910861477 19.958640855623113 19.866967869030802 19.643193237372245 19.313314584091746 18.08987314955695 16.569788448386323 16.653930088961438 18.256454520365125 19.791067729066988 19.07148499374982 20.3916700011031 21.729528461531384 22.748785639640587 23.488132446537783 23.086843766351063 22.10043855737242 21.282957959770926 19.217618963814225 18.33511775387755 17.628156587103284 17.566082311887477 18.76297346662495 17.34080025861298 16.600427149862757 16.103350548201607 15.79011044621502 15.553578958199344 15.53972035373394 16.33493112813682 18.40356850345201 19.555173885193156 22.262010609408982 22.094636708689272 20.90774917031429 19.541586013050193 19.441012546228716 20.65659777809069 21.721400930624764 21.561027638849044 21.505756331774318 19.102467974513523 15.341898305549124 14.745665142421426 16.098836330356466 17.558278585740435 18.737232303474688 20.483676815058672 19.600834181442682 17.863162958613874 17.070295669084878 17.29097496971324 18.211368953391165 19.851056291192513 19.12365474778861 21.329128444748974 21.498688428520193 22.29462809568044 24.188828601930737 27.962382570353288 25.28992189354276 24.588264141300368 22.000621887834868 24.76386509212294 34.56551211752487 39.2534577657544 33.615853439986346 45.508663761314985 51.00149130909879 5.725487941408539

ATT>ATA
21.578552244344625 193.07031644887118 89.26355489472625 58.77016804311626 48.51042231270425 40.496368293501476 33.38794190420763 26.474095051936853 25.338558974694724 18.58304003537189 18.01337213263359 14.910070384298471 12.96567717865189 13.58623354376783 13.303068692668864 12.499358143816842 11.819168664127297 9.682454113483185 8.042558565506368 8.577061252880322 8.82210039353185 8.148551889020027 6.265030243458581 6.935885386391774 7.945718129097244 9.231313540464955 10.514192416840308 9.666985248219447 8.180488781365407 8.178272572940767 8.528750118701083 8.469112618298777 7.652954316411242 6.778462165937746 6.036485886105843 5.369633337325035 6.127688112916187 5.34533987373607 4.877849422738686 5.554784120292756 4.9783434476587605 6.392141698574296 6.01233873856868 5.446035368006894 6.188015865750268 4.700466665157509 4.251402826382777 3.911837379026273 3.826101897650949 4.421421969526757 5.438347635545299 6.33857296606853 6.718998276422452 6.514252816012576 5.813337541556254 4.809853683841783 3.809247968197376 3.1222695915024135 2.709673982272693 3.406455614235714 2.6335505508551695 3.5395256635150902 4.636413945281592 5.542073193141882 5.993806278834326 6.5204375926082765 6.5678942270705924 5.589135357761992 4.691588657821562 3.8775259395836046 3.7535752966634486 4.270692555089929 5.115940733576668 5.88339455278406 6.113577680741999 5.690937720331127 4.979469282586795 4.421046325680522 4.059139819318169 3.635445545090274 3.242533710052049 3.1502391066538102 3.1606732233682293 3.033064813704417 2.8748264601948623 2.9822703062492906 4.075776748910235 4.3734485869638595 3.8310738808432694 3.3980814619621174 3.147030782201704 3.216121042088649 3.4320269718436656 3.5679354644466215 3.6015661855186893 3.6951159644140925 3.9201921279266045 4.210981443363894 4.446309620984483 4.445693809861838 4.167763454130683 3.9473735277663504 4.140455239960694 4.51483212065981 4.7315407858051755 4.373474878158759 3.5326730034697253 2.810455996490443 2.4748089263914825 2.4199602185654747 2.54622314719773 3.036143983530837 3.458685032821042 3.4047422277189616 3.2372899851533923 3.1880531499934253 2.9969507026214686 2.7028399516679666 3.2163176847657446 4.0873737358409805 4.448100683638444 4.270733265381044 4.395858350732803 4.478870081188149 4.468701300036686 5.270607581568659 5.222541861618765 3.3962828462197066 2.9570972453126108 2.5813434906962134 2.53943662076166 3.434746534239489 4.141856972935764 4.3506421125843735 4.547765381739205 4.552156857218098 4.9122693997922005 5.416277333556815 6.234978252790512 7.759577573858722 7.225104848050109 6.092068592141741 6.4865995306064645 4.940146870231431 4.13485551141783 5.06537692175481 8.465062391221787 8.171874439653635 8.273168597349027 17.618447893962667 2.5286048940791797

ATA>ATT
14.502069104973433 141.3057420518713 73.00423061041704 48.59037269785319 32.46454108498551 23.77037111586451 21.721887096086977 15.199467636932747 12.967206506832444 11.134682401306469 12.716536381371064 12.101932467556347 11.71833982959756 13.007740310742415 12.205852073875347 9.910564144225397 9.02770425818996 8.391203927269865 8.22456124097765 8.10572920624937 8.054515742257731 6.5377448082112375 5.2193273533230045 4.827806282448694 5.133435977878822 4.373889780528993 5.610047208090281 6.5934321364152995 7.3762016398724235 5.383880935319354 4.630828289125943 4.180576776784647 4.336566226968979 4.954541850083162 4.16289963312504 4.374708558577344 4.645346820559869 4.74275185655225 4.451360593487271 4.058890947506665 3.812531651682544 3.6628694225545444 3.727822097980834 3.9670115675496858 3.954796411897848 3.4766208088787867 2.9059791459540216 2.609129792565478 2.663327071723061 3.1308846297241995 3.8435173335485775 4.220183105268708 4.061561520581463 3.9636048885537334 4.122318992003238 4.1072060227789935 3.872447448103963 3.5507716571044288 3.130613505576222 2.685285820229575 2.483109176898996 2.5878282833498276 2.8642958084919594 3.136323308150102 3.2525906615532825 3.2552812645613725 3.2377343057745294 3.530095904620906 3.480687330442038 2.997383646250047 2.9014051917488004 2.7597457046123965 2.717253877651756 2.8772371781752004 3.3814616947252376 3.27622001021008 2.9498456946168847 2.90842348638925 2.3149830390728265 1.8976240718505453 2.0333531483533354 2.305513166137159 2.7729607343679255 3.2295512698231126 3.2844326503828154 2.818452668212355 2.1044847917674074 1.5620642618892293 1.5154075831713425 1.9201827074964029 2.422829420425455 3.1502626798457545 3.359880951767692 2.8590526571733927 2.478983089094289 2.4067444437194836 2.385394283567035 2.218287419790264 1.917364168195758 1.6277561360782509 1.4466300051692893 1.396673704434635 1.4655903528815588 1.5624603432551403 1.5734997167035998 1.611915839949054 1.849534415766058 2.123774521096564 2.2686430734127643 2.3967172548434093 2.5778784020707355 2.6522371245237935 2.3977194975118854 2.1066083031416776 1.7911869010747798 1.4414431377664636 1.211957692223952 1.945568144208877 1.6949895037727853 2.0806261560778783 2.6211008180914437 3.251431615941308 3.689492858964041 3.4958983892514524 3.0514102086370736 2.962848358032127 3.4429134432858395 4.08776441755709 4.247896440114009 3.814579088855462 3.051153099134556 2.6192464060421385 2.319001636630795 2.13028753117254 1.6779901879410832 1.0507152965928972 2.24038396145569 3.7405878978279006 3.638208350205981 3.9410710282851285 4.254026041331252 3.0491829571234548 2.975247063254683 4.047658302593537 3.1063094964236675 3.5790510147919914 1.5433068901253486 4.635669610767643 4.70597838551438 1.8179400543622908 0.24553673084828578

ATA>ATC
2.733515006016408 24.519950842791907 10.823389206615687 11.642960456157976 5.239173907643486 4.431004006674243 6.173136083582099 5.541209325447755 2.953771794638218 1.8004684197985124 2.135674949902603 3.2871817404646255 4.044082693023278 4.599113556443027 2.8226835630395297 2.4536719895718826 2.1297389487634923 2.3122453618085914 1.8483630649544038 0.9173846916176154 0.3961421987512123 0.3127869388238515 0.44777021698883585 0.7205627201118783 0.9478367267908164 0.9810163080235398 0.9114208049585211 0.8569777591001705 0.8330334191671069 0.8668358751591533 1.0082642936747501 1.299360165547819 1.5502645797321062 1.5725492797705014 1.3931683383810967 1.1001066998954039 0.7593257660081053 0.5271892957328431 0.55719761386875 0.7554070646622908 0.8570583726732924 0.8146639316672754 0.8024195144752563 0.9151506316207034 0.8893219875943084 0.6267208452963642 0.4756558019817579 0.564029538892322 0.6871667705501927 0.7463759449946608 0.7377548351357384 0.6869482049179151 0.6193870730747648 0.5944922594329746 0.6476118051565806 0.6979439633080041 0.6351049643212544 0.49931716566127277 0.4196126381523797 0.4067076869907753 0.3793904562773112 0.3179946321057322 0.2766753354870423 0.32362194476141687 0.5144599577682871 0.8635559194718051 1.2906877650151065 1.621705499376319 1.7001066970042977 1.5152017792452033 1.201838375712811 0.9134461871348818 0.7219396963807474 0.6249497234226672 0.5932405263018545 0.6005198425863151 0.6305873427909005 0.657247015496617 0.6316620977607491 0.5260535021127674 0.3804047384402497 0.26672560485744673 0.21765408842618528 0.2174988631587505 0.24290601956697241 0.28216237029768554 0.32233640981634937 0.9254878459428515 0.747881410522584 0.2960027603258186 0.2619166260400185 0.2653939866156595 0.3502109317364832 0.4799658959912517 0.5335454603604146 0.48515902427092816 0.4539637927657061 0.5254431404718343 0.6574439770121788 0.8006007298548389 0.9959634658336363 1.226052235873424 1.3008083051424661 1.086626719598551 0.7099949255545606 0.4015368288215525 0.2726520288308602 0.2988033383113226 0.4237435335298748 0.6119357451078526 0.7981062628620621 0.8779491044029539 0.8099642170866574 0.6569480110465085 0.4986956002499938 0.36304640367606983 0.24594167309492856 0.14786891516853456 0.07628764856906788 0.033193441629786276 0.1909839030224952 0.3661412959820538 0.34222693585503944 0.27936084797424426 0.75723382025845 0.9621518927000989 1.013823956835583 0.9705043608996091 0.6717710744158487 0.3191457943445495 0.10850393610120874 0.028037647926535278 0.04446786479280839 0.14742084082268564 0.2864846196783723 0.642835186134499 0.9177172256155028 0.9347480124443585 1.214802246533956 0.9903810555130361 0.5234894825086713 0.2118330193794665 0.7014130779794966 1.6242186096510838 1.175056716852263 1.5724514598655486 1.5265911184072625 0.4386221501600113 0.761169832894349 4.859899225222588 0.4334268021487407

ATC>ATA
47.27628000458724 394.02476721106905 182.58788610215586 133.05291137514922 95.86584150279654 71.02561960840328 61.16909205469486 54.21836957606134 39.841304084350426 35.06530995127933 33.55917235561303 35.98935505052249 35.91307687672017 28.63175578309989 24.966380850696815 22.759662372956953 20.43676912970816 20.134576414984505 19.14779208077709 19.171012202651703 18.080789414738295 17.978360553739385 17.573426076943143 17.474396020663377 14.778576577186186 13.265081848823149 12.028413738812139 11.271613184771667 11.31188169226792 11.345265905800606 12.005741809641364 13.113448145742394 12.429047913870285 13.11690055764763 13.669106872493554 12.379456004982924 10.810314708065178 9.963415172679078 10.165239840737572 10.043633510075862 9.16680060902644 8.696840152001572 8.815035069367589 9.42502109939988 9.997244842995604 11.402391092425598 10.245915058965682 9.321744425790829 8.013241062892622 7.183835127463154 7.145452150725777 7.60122456297527 8.853893296636208 10.061902719004413 9.732609743256056 9.510921935482926 9.105880712419332 8.757844596150033 8.491989456002639 8.044786796031886 7.780784692448768 8.191910161022541 8.61606333704227 8.628514537804733 8.6854578886954 8.596319337274142 7.919096018400715 7.461843822006399 6.92699725287349 6.898327946581889 7.5119180443996765 7.016818506723391 6.81587233287214 6.415291747450903 5.884621579847618 6.08179725656377 7.000979113841014 7.951940549835032 8.04141099199768 7.4866847663615586 7.168295259056888 7.220365079371003 7.390965150064597 7.5038776238584575 7.477276268892914 7.255881617010529 6.674993366375684 5.890797551275135 5.658366304542905 6.500690977238871 6.469932329499955 6.000834945422804 5.655593110671071 5.158917494021135 4.676715362892144 4.450467593651508 5.0848209445009624 5.785850037065962 6.266898211048576 6.740654359974728 7.121792112226056 7.280708006077374 6.92769272928793 6.298612678900688 6.227683186490796 6.756894550290862 7.009990646618639 6.557695647902492 5.8701861873569925 5.411503818314085 5.967799011223383 5.289798756224173 4.946391277260456 4.815837967361527 4.657740639450787 4.7096693781203856 4.383179417151545 4.132379830570085 4.964395246497128 4.523233218226324 5.123882492264279 5.914442534124875 4.942785927386545 5.371752650510923 6.935328451625843 8.559750277600958 8.31801798315719 7.2088608960776135 5.726810295638482 5.075504658935557 4.728331172427229 5.259364507911447 5.232932650706821 4.1715441326284335 4.250603533182345 4.509652209265102 4.97680139433902 4.407330899737168 5.296145359885881 4.895408079587198 6.868167865864871 6.550485917132309 5.9442669816802285 8.485363376783582 8.55727166821753 7.510585931429504 13.349982920444988 12.240614776605087 12.822098781532326 15.267117247415248 1.4851480028973774

GTT>GTC
8.716596846243833 77.28413682179408 34.919551424940245 32.87505722202841 20.735409818556473 18.741046883257184 10.111960231583982 9.424944595166084 9.27500539522553 7.943731964140937 8.042164612627566 7.361459639645963 7.293926132579438 6.377999689529689 5.727592983338231 5.638761902583551 6.3760811284795595 6.409168427327421 6.6591641338288 5.857605704488723 6.35054513055645 6.089843934433732 5.672497679178488 6.259748432138813 5.449186794456488 4.4773174719508475 3.3396725392985323 3.3692904236781818 3.620483924390551 3.982692735954446 3.621709404035471 2.3049547323151187 2.0611063207478963 2.49085771879049 1.6009260073502398 1.5143640727928018 1.816473609684918 2.1579347595528304 1.9656442945142205 2.0775619857753833 2.2668108603620554 2.559127089201418 2.753469828945491 2.7118121533287227 2.486941647587158 2.17686007564926 1.8960766994785487 1.8402269513433933 2.0486345884537287 2.301934249783824 2.4642509578218816 2.5714774230034805 2.6611851894203027 2.7904677977025716 3.001590997508075 3.089270814009044 2.8392251793121894 2.445414938782834 2.1517058742804345 2.0112875012158704 2.173089563822548 2.708521233559545 3.4913706878521364 4.003783860107704 3.49280216453581 2.468596225947263 1.7939278594117516 1.621300447145965 1.8327418006511293 1.9081534464496879 1.8652167146299292 1.937570817034932 2.106103592463138 2.195500992664092 2.0991997062991885 1.9121988444373157 1.7955999619807423 1.7515777797608052 1.6699019309646466 1.4641494054610011 1.3215744836735337 1.3268688687454409 1.207190954614546 1.0967369720717697 1.2697578519492052 1.6469968673558963 2.082473701909912 2.384136132677626 2.408934925152035 2.218364896347523 1.938453968744878 1.6664309086455258 1.5048859966845165 1.4734315073703377 1.4558465900979365 1.3970833325456136 1.403251085446791 1.5416519439262186 1.7220916709208272 1.7960689982028861 1.661847798974136 1.3521719468161517 1.0695978514970252 1.0283258100005077 1.2464354833976847 1.6687890119317523 2.3751433117347474 2.7364461176637813 2.4261732075626403 1.918519292872685 1.534803184458356 1.3094201777128271 1.2572577596095251 1.3353439201044448 1.559851443296875 1.7408515254953498 1.760513201355872 1.967068128022641 2.8010524510646007 3.5291975664811237 3.2858212239852205 2.6004324077601746 2.3720645666019524 2.4198622090267294 2.5055587997863897 2.4425229139231805 2.0752902384500125 1.5779730996101267 1.5088904017000233 1.6811118165097385 1.8620197136423993 1.679531374932185 1.7297494990255418 1.8930747755586048 1.7657921925225228 1.4177192777367411 1.3072039255414585 2.0822360820085577 2.1107739186225625 2.65894706692885 1.6998916684693373 1.206743802110413 2.1529957926598233 2.86780070757862 4.796312420391746 4.121299736151782 4.866085496911541 4.7557697254248525 7.286331892444655 12.30595313534186 1.4699438901754354

GTC>GTT
50.6668698290265 452.54733543479864 195.3127703383855 138.08161117637871 98.11622857055711 74.08574380950624 71.83516057316803 63.77269426634834 54.826147536816926 46.8233361327949 43.60932249860251 44.87863120905408 40.43157170706171 35.03547279170654 36.13576334390773 30.83156651853226 24.971277776972233 21.287341153530484 20.744049383446058 20.355320241095367 19.067346631655123 19.091219403178442 19.66711581044671 18.866748922263785 17.794171728960155 19.054539358271178 20.727129453353914 22.76501431177347 21.5112978402618 18.130577842525327 16.40131725299216 17.242901439206424 17.38736925443714 17.648294550951164 17.44782352136375 15.984876807499731 15.333049755219903 14.013801067907202 14.475070740273088 15.685490161855281 13.811333159355799 12.707621734703956 11.521335262549481 11.533024702874654 11.216511558030957 11.178134672115409 11.947626327065079 12.432458857696416 12.125240997283765 12.423284640315263 11.237164379980173 12.034911886605657 13.081152561665695 13.45052138137558 13.41902657971118 13.307823845120968 12.665300989323772 11.836044574381061 11.202032749485086 12.239104205597682 11.9452999084703 12.650411215078721 12.944044867599878 13.299435858050533 14.460557392787791 12.986897096731107 12.700632559275421 12.728208030921074 12.4159488675753 12.523936681030465 12.784029716261411 12.134523433129878 11.146555960685047 9.793655754566114 9.015797507565576 8.567906703727697 8.150917965768105 8.324226566182608 8.254145014608532 8.025091526228422 7.780756594435546 7.520270935715416 7.291204201566258 7.168178816089288 7.087718560187834 6.833680645387316 6.414842529932806 6.263255161219693 6.739999220700364 7.641066296087215 8.393566143992858 8.507453591695574 8.207352432674188 7.245816081466478 6.180163956145229 6.0010271899072 7.247908890965689 8.695279221753378 9.459203674631803 9.344415815792836 8.763549112755292 8.067107475511659 7.489683893310712 7.2078180423009 6.933680404728307 6.615904149388679 6.542199255383251 6.371306344090134 6.1246055679097084 6.181532906999069 6.408462733210862 6.492252454732151 6.371663307973443 6.332078238528119 6.601958994954261 7.798882144203211 8.28809023268841 8.038233328308577 7.357670288837733 6.846826537991422 7.226989648226112 7.628275785057029 7.264654916340402 6.5170472926483045 6.484618971307267 7.371094557836017 9.21333720547488 9.002432190430627 9.667958455026657 9.718172673455737 8.729237187999672 7.771246015244043 6.816705324377701 6.950822165685457 8.424061361572099 8.560271698819703 9.506481043268943 10.299617148977303 9.917059901407832 9.36511227391219 10.361310208741223 10.957692759285019 12.57034552867582 10.57897462799271 9.052604262823664 9.718469834840612 10.252237093884949 16.47904563791162 15.201486562030363 27.64956281470122 3.0211616403248525

GTT>GTA
9.287332969500035 88.97107624196457 46.591835224841766 30.780266702903116 19.81202117326668 20.265123303905096 17.360060457082213 13.771092085493216 10.877669162257902 10.138710236468944 10.064755070156705 10.096194029124197 8.19534597046046 4.403917886587028 4.823683738068165 4.707532994605245 4.3749822019491145 3.137584021935452 3.3692077693991584 4.395190879335565 5.515932683241065 6.351712811971589 5.787310339862532 5.723887316909867 5.427507179863919 5.157078325918156 4.265457751653002 3.6385382958488046 3.188623180413388 3.2358539977171317 3.2531387678455066 3.1780321786841865 3.1516087931850976 3.319536952710428 3.6105053999648504 3.383951258491291 2.8997591352007155 2.468105533645415 2.072015352801524 2.1187841320617373 2.865341233495209 3.425945738734786 2.6295592842273843 1.8588122361953048 1.3939314951537474 1.411313534299593 1.9518801209912306 2.2758873921579292 2.144908994045494 2.526231568469255 2.764358968908756 2.663449309567525 2.236610972331603 1.6804967373301103 1.233118228181017 1.0543009256972713 1.1426182825856352 1.3847644442192362 1.6521081671182196 1.8789669318691293 2.077539389004265 2.2652052761196497 2.4293552580028255 2.5502967818364186 2.617531488137713 2.82029727987022 3.0794384993251818 2.8088584587378698 2.366978551435554 2.1696071442389786 1.9737516783265163 1.935692563422615 2.074156575958134 2.171217938118045 2.0432420924557935 1.754378186699088 1.450331032970472 1.1879120634374525 1.4986659564734937 1.299397224502073 0.7422812210754521 0.7543939221480584 0.8618620264643793 1.007867168219933 1.0946303443991856 1.0876663372638848 1.2626568787015835 1.5516477370710202 1.5193801953336281 1.300801386094179 1.1569632076907472 1.1692689825722795 1.3446854287999044 1.4442801209620686 1.3771092304978942 1.3387136244149636 1.4051571614350284 1.4951451344958908 1.5385525358602827 1.7288474499268198 2.055829687079674 2.078797885669565 1.7049040599941387 1.2313353078180707 0.8488895674353533 0.6929412214594705 0.9281250685663782 1.3925041898205777 1.6907838627632448 2.0679763392559445 2.275135371402001 2.3128222410428707 2.180552858572193 1.8810658097593158 1.8059054111622381 1.9130679296361424 1.9256888779674537 1.7258419042522668 1.3412494686268683 1.0607607797688214 0.9882877866168434 1.0282229429759786 1.5495934649313639 1.7809472423070134 1.6764863219551394 1.3909579947751998 1.1659509081645687 1.0321585274169665 0.9325683654097717 0.9809210558565762 1.1689122467524453 2.0592760174432576 2.3001354872085837 2.3051592950698487 2.3559436029015455 2.2487760525926506 1.9015630048775725 1.7673304165599983 1.9249816488700202 2.324879659393553 1.3018198724649783 1.151600501129272 0.38202938796350483 1.3532723560291153 2.2826123157948395 3.746478084122423 1.9579723802009668 1.7545271265809235 4.756705452849732 5.65515515104157 0.5593078823184086

GTA>GTT
8.111686844924394 70.03419853463063 34.415373106286005 27.218224538916516 20.865107265245957 16.515119602336597 9.539903946528648 13.543478483212356 16.22825701565574 12.36914773389717 9.807393224947043 11.379225298966416 7.888518928765341 6.639842590449132 6.431440441370803 5.887658013027494 5.990987519527515 6.537357669980768 6.125850046805793 5.86239311324734 4.9688031944501985 4.321303430737571 4.319571844147555 2.4179970475601116 1.745377564120899 2.5734912500163407 3.086676161056808 3.5326673710504326 4.278645080210448 4.806630730152098 4.537369950057981 3.7216177652325264 3.851019268741222 4.0464509360105465 3.708061796963904 3.010821891818883 2.355698026392177 2.1425005592384014 2.2967405307394997 2.436055186179383 2.5321954134859816 2.7314402874988057 2.969438963585653 3.176096403876763 3.282984681201629 2.8785878485880008 2.246165827005096 2.148190684915758 2.147704935438724 2.116067912677648 2.0886390606516105 2.013498022556326 1.8748460922341776 1.9070067392299281 2.156366487077386 2.4775813364037638 2.7309049474168794 2.6635819943332244 2.225279933882879 1.740118529613216 1.521446891103417 1.5372498863901387 1.6234404491648171 1.790922381294468 2.111155161187377 2.4134212121114222 2.4631443443255265 2.295535358013496 2.017961107667004 1.6683756563174192 1.3587996264659474 1.1923301124550578 1.1501635808459736 1.2109512575617023 1.3895176605309323 1.5236056662728585 1.494849661974058 1.5065497595539838 1.6089935966177433 1.6059381049709953 1.4703165739644237 1.3055831166307925 1.1609574536990952 1.0595746177677288 1.0346333080705246 1.0914737418796057 1.2253844227961634 1.4356650974989575 1.6403866200210087 1.7171724359762648 1.6680025163432988 1.5939054292402204 1.5648910506374756 1.5957286922430207 1.6384780855353072 1.7885368570420592 2.12826453091837 2.2820437727661247 2.083538869385448 1.8921400177575873 1.8152484435713345 1.6374191047008286 1.3145190338010724 0.991576421102991 0.7738615749858406 0.6776536009598789 0.6711144498416486 0.7353648463097342 0.8274993170755363 0.9266713510271987 1.0216099014087918 1.0242622636310486 0.8944834789182876 0.8083931241145991 0.8701782790849508 1.0853815760031411 1.3700610746694821 1.5660931955140327 1.5517431939609434 1.3035225324149764 1.1036989503684178 1.3328122363704324 1.8922759045401623 2.5770894451178337 2.6767411871369675 2.201361758992794 1.7084518373787874 1.3630180085428207 1.0754411675530384 1.0658072341352436 1.3100413468763341 1.2781693329545014 1.3828408378958255 2.373827713023301 1.8062792982498672 1.4311874331107124 2.025221111088389 2.8337547082893755 2.2097512485363455 1.212078540097557 1.5512207708970893 1.5880223523397117 2.2924334339804098 1.9459627603651426 2.626050967307397 2.5072865096738703 3.0574671592162117 4.46042964766305 3.7961040948481006 5.228799854799193 0.7033280952848859

GTT>GTG
4.586471782482342 45.4424962855515 26.989092237327515 14.55222315517177 13.738172781782328 11.719642156333565 12.8483605077516 8.799536288230811 7.509909495565131 5.708287669719491 3.6697297711134436 4.168402712425156 5.190492893451634 4.7510914081304785 3.3886702261591526 2.9284202253930594 2.359595517197975 2.309259371556877 2.114922200088192 2.325069804409516 2.8828747362051326 2.5642843256556835 2.448750960729531 2.8458980996621333 3.925752731428328 4.419707718404911 3.113818835747329 2.6034535330445023 2.7530204698233494 2.961174797259439 2.932422029827495 3.3604590631715965 3.4326532535078575 2.0842373027258208 1.787309447007548 1.6881876861276315 1.9172620981297481 2.201407386122035 2.411226143338202 2.4208916438871158 2.337981396448577 2.7263863280212504 3.439413919120101 3.056427857450893 3.0648917311401984 1.7517070105122414 1.2482467991955257 0.8801291769793956 0.730816072156079 0.7640996843461362 0.907215387140295 1.0750247328658922 1.171635879648031 1.1665025527881867 1.1207727408689903 1.1198326902796252 1.2279638798753358 1.4181775026954073 1.5525100438315127 1.9966821271266952 2.3251473304130568 1.8245185174372383 1.7233368864757488 1.6904947729035933 1.6580965871530282 1.3381742066930047 0.9514047698578524 0.7369244237728381 0.7412353633362279 0.9069372854702962 1.1299591143603074 1.2290082982165096 1.07890506836778 0.7816945870296993 0.5722899709675913 0.5640107017153654 0.6580193864640712 0.71821486819782 0.753227149457357 0.8309274389961233 0.9271614846317758 0.9891528142854127 1.0340032233472203 1.1015019929958376 1.1772681274177883 1.1857300667138304 1.0664840593587492 0.8672481334594152 0.7130259902504182 0.6826179633513735 0.7912867358122393 1.0094999022212945 1.2014063440042464 1.2313739206273677 1.1299273334378517 1.246301697798432 1.277633183287897 1.047553711310304 1.0683351542283686 2.319414446016544 1.408612574819377 1.25566379804951 0.9950340465898682 0.7601638608891726 0.6112638888221871 0.5322815384829117 0.4733288087178337 0.4184333900687947 0.5530659988995769 0.8830384203040039 1.0897848031089137 1.0647665083725895 0.9568632456258468 0.9744787009064311 1.1852993274023207 1.3454185790778908 1.2675276997645686 1.0711021594040053 1.031512166987647 1.0954749347874095 1.144806415578261 1.1572488269279653 1.0765899415679172 0.9291255086109937 0.8618532699445992 0.9490366372897415 1.0655992377944337 1.25373077708103 1.2701418041026433 1.0237606995921391 0.8079246835864969 0.8068568856464258 0.8824659217818549 1.3237289616606691 1.5587778223935476 1.497238610224547 1.2223621154019497 1.0624539270108746 1.398120596581343 2.0043447107808947 1.733302906599324 1.1723433933074585 0.6232678355194837 0.8677627076482208 0.6977647193042712 1.3940561065815107 1.4206793392372172 2.499085751529016 2.6665936785478643 3.472600115597925 0.2927523655093395

GTG>GTT
51.795816020535916 453.9332205996138 219.12643139889346 142.59635173392024 107.3491423612775 90.99862884266346 76.34039180182894 70.23211974377828 60.87268163700639 52.91735170556942 53.10517662784803 45.17981511339898 42.80994274803491 44.81506690528403 45.70973390728285 38.11380268803673 37.33693874145219 32.321276863480875 32.46066176923748 32.597103815879606 28.142115309161206 23.9820045075662 22.791198397832115 23.77604766258626 22.119227970935796 22.408679396823615 22.51629321361554 21.21350281821153 19.91362757088907 20.076641254629276 19.12169558130867 18.174757837498408 18.496050803761047 18.971430328230305 18.53875437327112 17.857597616341376 17.161915684929316 16.465344096037757 15.9828911392671 15.422782938666609 14.330051604978454 13.38956147969743 13.040114321922893 14.414380572901933 16.107124836579573 16.117033526382073 14.61645867310429 13.174510775868349 11.50769246264869 10.93114325006511 12.871972783646047 11.240269521820286 11.07567375635685 10.634794519300616 11.288501738711666 12.526361750944744 13.377288729801267 13.26236349039058 12.932392940560966 13.30985134703974 11.127263269826573 9.985912663501038 9.023187563168293 8.611859413422847 9.491541404209507 8.615548756704412 9.12917873350904 9.893077299263604 10.309981936886754 9.840960615536765 9.628408959486263 9.715672468057214 9.348819830749868 9.717349745871678 9.846165661694998 9.423238796677587 9.163367014490243 8.839602235927655 8.604750423469532 8.55546779056143 8.932378100559799 9.745055090209236 10.644731229146439 11.141569557529913 11.034471971155158 10.613343626846385 10.133065746377795 9.445813037261223 8.691064366941005 8.651870713343756 8.69542066470613 8.394462423796623 9.395194182321015 9.230975274027692 10.511230388925037 11.65892532015126 11.951666560096093 11.171858557220272 10.355824577693232 9.909797290609863 9.592999464889875 9.469385032328708 9.139612767354643 8.43509163523186 7.855043228029328 7.922519837277173 8.758623561830046 9.359737466331268 8.483783157584307 8.033889794637275 9.002276980452491 8.951874617685512 8.952968184500902 9.324705507962232 8.736856777652358 7.490047898822161 6.723319841278968 6.4539124228874085 6.642087037011313 7.65275304759763 9.599591408269237 11.690310501419937 11.332225661047199 10.638414646279275 10.328127467789114 9.497440055497396 8.09653758158537 7.345263183001757 7.799621149586635 9.409225228252287 10.479947913096403 10.120265536524181 9.322151421685467 8.75804058866741 8.866539070198048 9.617658937472179 10.205274933617943 8.92768317471429 9.46423494662076 10.476796497656023 7.509273490126765 7.244862529705055 9.674498851669567 15.368247812495294 19.339041352180413 20.442811940847815 11.124447653033315 16.370788291174723 17.858493374381254 19.0915356217648 1.9473320470543527

GTC>GTA
15.455085239405637 146.35472622281813 85.00309777156961 51.318795436121356 35.55677087127446 28.488295324393356 22.20709007514062 22.43983186061672 19.43241637729694 14.003654599769492 12.527858947727387 13.58698413547286 13.634868054804182 12.142823687312044 10.338137756722844 10.935010817313273 8.91648145617545 8.01006899637814 8.42181423751917 9.354792479259972 9.105695650269103 9.104356736570683 8.399159415060513 7.705827103834528 8.012479672512058 7.780033007672069 6.989763360938746 5.3897473237948965 5.407280919373332 5.495126572798001 5.21254163664303 4.8913440346409045 4.470001110066577 4.259582998803932 4.147867839870245 4.060035010630584 3.996531138643364 3.8371021995856616 3.8017005028393642 3.9427596920194956 3.7261858917658954 3.304764270810888 3.9531712175292357 3.256539621199238 3.1714810171513763 3.426980391120387 4.028535347236445 4.545674672636929 4.621989699627542 4.326856094974993 4.104009291041998 3.8599732911853573 3.6811299976448515 4.155706130693984 5.546266675840598 4.82329355425322 5.004526342199678 4.909699722463793 4.485686644171508 3.895789765199945 3.28767109574639 2.9058232354580507 2.921014681532828 3.169139708796297 3.4416082746200547 3.6040095200648867 3.526337406366482 3.209205555366159 2.812563963507003 2.5126513900939247 2.300328091028955 2.119315500461629 2.145209472853981 2.4196951911329223 2.688525717030352 3.078574873412359 3.3284580169719633 2.9068242390159362 2.3839399919763022 2.0972593578662635 1.8385830048268001 2.5638254168457975 1.4039725381210941 1.4758861808220056 1.4971254173555755 1.303633432014549 1.1478574816831182 1.1897923499382481 1.3910948613547964 1.6926294593283402 2.1184811907912766 2.595532385690652 2.7398111416406574 2.696403657856323 2.6123594423353893 2.399097466554517 2.233835826336774 2.0795669486184365 1.7725508243848889 1.4125282323908992 1.1896280957959033 1.1108204055125783 1.035913000843298 0.9053162164748217 0.8233096639612674 0.9023905505810078 1.3258606874558951 2.049973430474149 2.8925259839901853 3.1029894226420716 2.5693073747319652 1.982624683639539 1.6966270457449102 1.5554134737310845 1.903504363141205 1.4107570327384993 0.9359655528573482 0.7840325642439548 0.9621487008219529 1.2652663419926395 1.3211940629142858 1.4358169105749266 1.5904364252529735 1.5507197610609058 2.9484895502935324 2.792870864898461 2.3960030123203078 1.9137334947409965 1.9963893967529516 2.168084858075244 3.3121382172989913 2.431002081445999 2.038685930131792 1.6456358327824434 1.896797985339555 3.5503585900362062 2.8561560279421916 3.6948417716543673 2.8556748614059093 2.067219904297635 1.4962943286514196 1.1023289026285805 1.6991771649235456 3.2758849768920535 3.3622456162001644 2.7926998071858056 3.419296435934168 1.5291141382736497 2.8661411416876077 8.628268224527135 0.9734026779024185

GTA>GTC
2.102933927685804 15.608459347156778 10.348235240610876 4.213390355005936 2.4654147500387062 2.3199322617493605 2.166655652205832 3.4769009400111957 2.358759652572614 1.9406302263279698 1.0282620177431003 1.3370612812339797 1.733088485809051 0.9806437653882123 1.141451979923893 0.44809720392861846 0.9616003846153665 1.4304093258838595 1.35646317365627 1.0995211796891842 1.4347812025643645 1.589817749440981 1.4885534565279885 1.3116090396581073 1.146063484310815 1.0054265718415378 0.7760192356774698 0.674106976685567 0.8241503590283317 0.9698157418062404 1.191051930786544 1.4233015153405173 1.3431846909442648 0.9730175441212214 0.824698242461714 0.8949931358498773 0.922415820909923 1.0077763658913612 1.0877402904142761 0.8897496312765991 0.5120918050604844 0.31584381653741955 0.314106164231081 0.34696587032549814 0.4004126984771683 0.49989378085650804 0.6849194835779784 0.9591671105717189 1.2177416997072636 1.2882570340770843 1.1170195807075123 0.8462721463310199 0.6389006454555093 0.5263086391651413 0.45256815648611187 0.36095780359533064 0.26270498401979553 0.2583868984755198 0.4151383843816028 0.6306089164860162 0.7279736416016924 0.6845837939934859 0.6155995133495245 0.5718553639978327 0.5384917534691414 0.5325937099637871 0.5759981334723303 0.642121408467691 0.6559357641114023 0.5586606914141642 0.3909928748433576 0.2740622838382495 0.306151212647326 0.5051643442096303 0.8023640260844583 1.0522047976818876 1.120419797558495 1.0041506335117545 0.8088385282198757 0.61454910159043 0.4390547610611292 0.3009543785474503 0.23120501885259465 0.232337745530405 0.27580364711418326 0.33081146524371025 0.37506075020719 0.38983149692581864 0.36335918510042636 0.30430731186550275 0.24696813631292042 0.22766291969300392 0.24433917622413653 0.2524951727670049 0.21562646657116002 0.14691829798068692 0.09669084616228014 0.11806149654959999 0.22652323419863418 0.3616940121749708 0.42290089302419054 0.36949711019522596 0.2514650561141608 0.14171352426963335 0.0820642428807822 0.08688614295812266 0.14912226966488262 0.2724706192652624 0.44898060844460175 0.581136967266792 0.7448313644939976 0.8558792461918205 0.7449520878176914 0.5349024334706115 0.38887202971100165 0.31637312256348393 0.27484630259757586 0.2408234285830339 0.22388952191057002 0.24086879758234736 0.26860562589271086 0.273810382102209 0.2734127271400799 0.29069513443520567 0.34182400308975674 1.2480557511344703 0.591581365195821 0.33166150619768214 0.1893778499722033 0.4932462703513898 0.4258162985165469 0.15887373060547005 0.03040701709042174 0.7912870609369046 0.2001479328993099 0.08640287812216996 0.22199965208274666 0.29491917068231277 0.23151867090161737 0.11992334029226291 0.6414648942390048 0.6749303522552452 0.4310050303611892 0.21084275796638624 0.9622597776668373 0.8983918034721392 1.5549122249328253 0.5788347746003889 1.7297166986500876 3.296915475146871 0.07781742565254832

GTC>GTG
14.748087187177152 126.51573514533337 58.36496976592775 39.93011799743377 22.437070010200337 20.765253737546818 17.682855058505393 18.93176672847399 12.03715799994121 10.967114973748366 11.346819482682498 11.42844869324005 10.326826218904637 10.020708613890376 10.017551345338951 8.340645731029124 7.5705607868664195 6.4074785319886365 7.310334014808711 8.484174720101304 7.357597398999149 6.097635943418791 5.367670389427353 5.573286028725445 5.488199538261899 4.590345559597451 3.8315338303187603 4.258176413116481 4.545966519211523 4.728677068201452 5.032316979819129 5.151736994191007 5.346804395372125 4.722353758293569 3.6565948732512146 3.333693455628342 2.9574505111768166 2.882552147471388 2.8547828964827224 2.8646535003002724 3.1573461004416665 3.596633796192356 3.3681791706018895 3.37276199615442 3.6179143372757983 3.7338872084708234 3.6184324081152166 3.303254983099593 3.1299868946857803 3.0082046809844236 2.7390011983005333 2.380256989505337 2.0736048954646664 1.922302352374363 1.952208846607107 2.4920379788427423 3.001103213884454 2.5882276985557646 2.6770120654333684 2.73310721666879 2.867983508986384 2.7781604946563028 2.1769025509860307 1.5933538495687534 1.4916131785212636 1.6723676740120292 1.794727970350499 1.774222370554629 1.7839128753645406 1.8318138468801608 1.9533769152987235 2.2316205982182957 2.704982785530152 3.1053565039597526 2.857922852783686 2.246208344014872 2.0827363351640664 2.395156133560897 2.748431515272443 2.7573554510492326 2.3424553226798244 1.8646963327494592 1.6713648210134628 1.6996482336807182 1.7036054250160546 1.6003326611325328 1.4565383715062192 1.3543959623143988 1.343376851117297 1.465940129689734 1.6991938773069288 1.8436197314066778 1.7365837929423884 1.4863031027153373 1.2812991795263406 1.1874783467575476 1.163123302036589 1.1243765492699567 1.0484631495680516 1.0063408386732122 1.0580004521116573 1.18829808114475 1.3731433677416405 1.619110132509412 1.8685184824400378 1.967465982152924 2.0011155869551804 1.9091198826050306 1.7262712755476934 1.6501483937823669 2.3566177694265935 1.84883450797167 2.1350910132498977 2.387414586422681 1.9963805972987632 1.6722358853856016 1.5843365258448627 1.5684242320580697 2.426259968406633 2.6265913690061002 2.3254210573405714 2.092790305579402 2.0297791573109074 2.4115787311426837 2.4081897986160086 2.022690803742864 1.7502151144037539 1.598196962237507 2.6323280805133322 3.023368811083725 2.7704261443778124 2.755975640610926 2.8973204431792867 3.842866272377391 3.4173302026011125 3.6572962749428615 3.4804902813436267 2.7241201486533626 3.005316096018984 3.483610330927264 3.6116371361407182 4.636913567374697 4.015589078891094 4.101008682417851 5.245273834932314 1.2115335816917852 0.7061253584367125 4.346303304688112 3.9793287863551665 6.448195229762934 0.7368919783453671

GTG>GTC
20.762484256392323 183.72162160867148 91.59588069440578 64.4648680371115 45.81393913763038 40.8490164828359 35.83015132834835 31.559364713004644 25.022209144842794 21.309361993009674 21.74317495930983 20.60166854084758 22.504002888125708 16.61457167095083 14.75800115407183 14.860201375597056 14.040695713791076 14.272712351840616 15.12529980474175 14.322506138920684 12.097575759187833 11.5057380021742 11.434007564039655 11.557122146897395 8.4438875393581 8.358221123098936 8.43442655465114 8.94129078856288 9.397467924317631 8.473458675916199 9.98881317215281 9.401824908056463 7.249467620440295 6.836057323906616 6.909831439511045 7.608177080721247 7.184250414900124 7.949813933791454 9.295424899706767 10.085747922682803 9.955362336988063 9.471441682737492 8.523879571561244 7.182452907236072 6.588464602808387 6.470080124422407 6.68485124266465 6.577032057126532 5.787706696128261 5.614003672666043 5.717736299792698 5.919019533874611 6.222820054393217 6.496203581910092 6.664832796556811 6.814843874953208 7.087972928511607 7.458885153068616 6.861595962029975 5.27324183831794 4.353502153120542 3.9172603097776 3.6441601821722727 3.7155234835995414 4.161449495371036 4.664822816925809 4.740630820406116 4.290502120406788 3.6395618289452063 3.096983801420394 2.839944013159181 2.9374447005228856 3.375740550002622 4.4469851335769475 4.799947529931082 4.268804442672268 4.177273119863182 4.146560487975417 4.040295590454676 3.8360565624820953 3.71792707789367 3.8259982019730923 4.0898622342329976 4.340997098877187 4.457677740492776 4.332427860540166 3.9558273329812 3.5932386904036213 3.5496906251058298 3.8045939733210856 4.187245445832422 4.634261952116611 4.981332030050285 4.971418180253696 4.669910524839781 4.416275225082767 4.313763147340124 4.1434592849167675 3.7549164145335867 3.2659972049294925 2.966097687071995 3.2181809280108307 3.874067001079445 4.623723976588155 5.069140240729276 5.1065407864277335 5.047695365383377 4.998875393393538 4.787033083368724 4.320114861309815 4.025802467523197 3.9516969651660916 3.938953083868193 4.044408108476455 4.497000330676729 4.620397067878338 4.458584199928217 4.478265493672559 5.739697956734013 5.9124717101780915 5.704773747303857 5.300589645613728 4.315520595596258 3.9963505900362146 3.9522647891974274 4.045074448290415 4.240553176786019 3.994710831877739 4.242906996598202 2.293944147075111 2.5080350200050474 3.1759104917374117 3.99958421354827 4.6460096235143356 4.713840480964681 3.840917201032269 4.712745247922633 4.095931479910726 3.579046904548572 5.705185386529236 5.361008993224621 7.085533366559042 5.305605875227334 5.153894400652238 4.4243670176019485 7.401351211855516 6.53045653126797 6.235176883046998 10.657143674350074 13.331524388552417 1.3742628373348087

GTA>GTG
8.157712320142025 70.39424489863283 36.069782243271085 23.385119572986603 17.34824820909997 17.534018538286805 12.388165480717396 9.364467453781346 7.330000607870154 5.93748426361742 6.737025562249972 6.019608955841869 5.890196903088824 5.558488215357703 4.887618301096771 6.72080402220783 6.176364850879952 6.236487968405993 6.913659999950306 4.732319201927541 3.8421153962768813 3.756636864788198 4.025367251747774 4.471060041832952 4.64461459202082 4.054088302622269 3.0739635366931 3.4258699318195998 3.9300788070185066 4.3648050951401896 4.298760795205108 4.685132703759275 4.757664897019897 4.450341035124232 3.9894137059307364 3.716624030025249 3.4800900341115324 3.3965100110672517 3.603728176246349 3.781869457547439 3.76860111718859 3.9386974655407436 3.830484753493197 2.267454101401123 2.1210313617330305 1.9965139015469517 1.578830065654743 1.649035561755184 1.6167361848079802 1.68425109629092 1.9429182763268138 2.2316054311870035 2.53714956814171 2.9433735707525055 3.065704047452624 2.714539131957639 2.383373526140442 2.140708423321809 1.788479070225096 1.46450386738536 1.2624830840115904 1.2869358534309934 1.6204760026373057 2.11866755974441 2.4854331879592984 2.5890402216746673 2.5618189747073328 2.5082419716904556 2.4195339687649877 2.3556722531729153 2.4350397381055626 2.5762252749655 2.531138941259855 2.356600744726413 2.352990275241626 2.5312025712299566 2.6541455829519576 2.5899126892120017 2.424583751831831 2.3525248929451235 2.978205077169185 3.003630875117657 2.4490033841367613 2.240568178675586 2.0673478007770356 1.7742771890433457 1.390563602643594 1.3023756300284743 1.6035571517726492 2.2214808657330987 2.6756648703711723 2.5304383000229547 2.242912320903382 2.2935060122844066 2.6614500086102195 3.117215449447018 3.337216619099788 3.0995873270590684 2.5117454413632547 1.9018022684939995 1.5072851785211698 1.4077116009054946 1.5192999360062345 1.7573538249529017 2.0808544509081064 2.384038795827892 2.538502195137951 2.716192289548495 2.5935239915023542 2.108729083251292 1.6681599855308014 1.4201867546509939 1.3252547823049108 1.4092232834903793 1.5578170188885168 1.4776618328683009 1.1240434130501424 0.8409879063396286 0.8682682287725193 1.029054870436519 1.4922381076027473 2.508940143707768 2.958434812439241 2.7663049180054324 2.8677397864778964 2.940429181888277 2.6905280535045777 2.4802506498497863 2.6951756534958835 2.9091715030883556 2.6262179672908506 1.9411475160293374 1.8704586281070863 1.9103443136708385 1.5222375635521685 1.775009878306524 2.78931997625513 3.2242752366094205 3.221312109084541 3.011679235603093 3.0975645628878263 2.7399055317320635 2.701999226008983 3.472862803780941 1.8339021573388232 1.456938630206795 4.836461770370816 8.30353558250137 10.324428418085155 11.09371582355422 0.9935621653397944

GTG>GTA
91.31491918306651 811.4811531564211 431.2152740612997 292.76479334913597 219.4560016289381 176.37206659303922 138.3645577928824 128.52389511025189 111.07884236924436 96.05273833907978 86.14558200289235 79.7784957794276 73.4817988770496 65.3179572515956 59.12164235172035 54.11981496755362 50.326355838463655 47.24657517389248 50.06648580357905 48.29406624003403 46.527567562424196 45.00005476925141 42.09934100524898 43.74451361976283 41.63890495914159 38.31337070801845 36.77445099650364 35.78398631732398 33.638554900329105 35.393349695275965 35.952368940993175 32.943439989412376 31.30016765560174 29.32484998320624 27.105952275006906 26.33714617670144 25.346060264387187 23.47387348962848 23.967695249026583 24.98525432067373 26.239406618206758 25.000892955650425 24.91331352397817 24.04177672072625 25.299163249081435 24.26285790477791 23.77743740546663 22.862372399562005 22.564856508526926 22.447563251649402 21.58693616336628 21.36138236126863 20.402212998622876 18.14346269656434 16.01001550151687 15.915387247017303 16.85053450921961 18.046105352517543 18.894664515489726 20.326461788298545 21.0238302688633 21.735432702674128 20.613999382948954 21.02469555045564 22.040646303829305 22.264242448225566 21.671136353859847 20.370037073917963 18.89952431988081 17.87807382164826 17.280577210624735 17.66452415251299 18.077312063706703 18.30090173121283 20.238783495563236 18.68139485931805 18.32527502987798 17.642604431909852 15.88361383298635 15.454078958186273 15.401071515429345 15.728920984458036 16.057994145686067 15.786651996307521 14.80320973238406 13.354018851009096 12.767829882747028 12.8681577710244 13.433364225224622 13.082598408225435 12.175960348753451 12.481601004267883 12.682284064321147 12.968980895554278 13.84774317881389 15.938088160933994 15.656845335313037 16.09185971828123 16.465205829428015 16.284546212194993 15.113624118697713 13.228535577287127 11.754394310460246 11.764637448793941 13.277285692160676 13.907982731651686 13.920872644983259 14.147098938926597 14.04885033929102 14.863710188785424 16.274693777512525 16.59103811728224 15.323293480050639 13.840022972945546 13.646311683584013 14.338648014431131 14.604982890235267 14.131955826501382 14.039894635543297 13.447528297992015 12.490566495326643 11.92220563205951 12.205836688655543 12.776925365509232 14.471705621017025 15.90239214784693 14.510006636278296 13.015289522634284 12.258742311121864 10.495207189297469 11.239340400097724 11.527499279803282 12.437687314339797 13.441170638711407 15.000113645632531 14.909561508864002 15.662744384546293 18.64720005518607 20.213957550690083 16.605840410199797 17.95717619604763 16.224613318114855 17.73797791028694 13.660586934433434 14.66319888418121 13.619322579676023 20.799769683706128 30.244539783817167 28.37253636117488 40.37800554306159 4.274579649013133

TCT>TCC
9.486424372329605 82.29151860243236 50.46307555859776 32.147905770521724 22.711561137584354 19.609469365215357 12.617202531002619 9.40207255563924 7.359895650318869 6.703675275858576 10.31937562097511 10.649537349693615 9.50467842767165 8.064617024713828 7.822471737983799 4.784854854375731 4.7812288922330755 6.218044630739262 6.8929072442860155 4.481707607251072 3.9875467917408804 3.9376069436109584 4.41958131374796 4.4793471080802405 3.6968181731030567 2.323816440732727 2.45219678656619 2.868012092103764 4.284745678479373 3.2192007758142145 2.691674100211281 2.513808529819889 3.589990228406462 4.271728839857367 3.2011154174697216 2.372368236732752 2.236674840389979 2.9106413371727378 3.6898724949633004 3.907338584158496 4.336646469806324 2.50322928273653 1.8821410634940527 1.575349077697081 1.9335802714879695 2.7345295140758044 2.510016309926686 2.488067231033791 2.043681194979129 1.8640406375369902 1.8050918780234888 1.8258459242459761 1.9245285166901762 2.2001474158251755 2.3845821114547476 2.1533129928732335 1.8622893692174316 1.873900362675385 1.9892132741412687 1.9798866276301956 1.7953288067606212 1.625640228715432 1.6421311476704408 1.7493282378395605 1.821546681215175 1.9089970485199026 2.048236926323674 2.1277480111663905 2.0445846247623956 1.8396755032669783 1.6679524913338464 1.6738533674900513 1.8172052841881432 1.8940646950652609 1.8044965377584945 1.6132349585494594 1.4409240792868385 1.3944549111210716 2.368723151181924 1.2313581800286122 1.0999991859717642 1.0715841837091578 1.1371528142035159 1.2823268538324144 1.4304422198780884 1.5004100009475763 1.5696330550051991 1.7818782355004554 2.152298812952657 2.5659611778181683 2.702067099822938 2.3161633135381234 1.7325078777835214 1.4905278943665587 1.6342876033395655 1.9101354238364832 2.1359526247736156 2.1422856293823966 1.883089849749461 1.726019011975542 1.8861260786553615 1.986380949036127 1.790418389983839 1.489317740429844 1.2338235363042664 1.035055644493123 0.9701710937416685 1.1122790500031272 1.3298557906313886 1.5084936662315513 1.7070028339440138 1.8779876982381725 1.9792650305910795 1.9311336701551642 1.6945916257873352 1.4390201896370989 1.3252681794166241 1.3220516308793637 1.461948009185612 1.4920987071389484 1.6618473371751228 1.604574227365461 1.4875073824052312 1.7144147076665617 1.9360988370234824 2.0389799760985716 1.8931344585227574 1.5088983412922037 1.2326156694146673 1.390302712868219 2.0561011864914147 2.714716197932741 2.2800359252702704 2.0317600871935353 2.0617085043067975 2.7307647883041235 2.0072037945150862 1.2687115611964963 2.0265779473247223 3.537626888785459 3.626665290179902 2.9919794751760564 2.5323703187363624 0.8455677513390449 0.5123923614194573 2.6716408967110175 3.9782088520575596 2.860547033879282 11.708300124069872 6.84805968744925 0.6578019745776769

TCC>TCT
78.2443951729335 700.7303004553024 333.6034475554696 236.64172912598804 173.48222590710247 139.21475876561496 109.04200902216228 94.53115322868595 82.0461588647382 77.1390467518478 69.60292108618209 61.647278755490326 53.38737825585368 46.582140768942736 45.503054418883615 40.816338198143846 40.86535672442363 39.910267046031585 39.0684498549843 33.25016654906147 33.58630876744397 34.4290997699076 30.60484264708281 30.33751400431246 28.78968362265339 28.466413427770593 26.275790321039903 24.275601680272754 23.77872421737658 25.44666696243389 25.906246919748142 25.344879697563506 25.61293600285739 25.31514396205727 24.93931160864778 25.061136171378482 25.17196103031129 23.76635891199318 22.70625945556669 23.786410606866806 22.83605091260018 21.975710923769793 19.782729947671953 20.440105207963594 21.598963458403123 19.338416321213558 18.28149369981582 17.712464691159152 15.193741198311617 16.54603879224941 16.340473186000203 16.150714131258326 15.40713461316041 16.291748377500916 15.432186558225021 15.287165713601214 14.887316253350484 15.536347015845216 14.101161312852911 13.61119976861019 13.186355856945488 13.298973608069351 13.425991402662738 13.38161962765673 13.613705846668687 14.178496899163207 13.90235347750301 12.604743773063007 11.553090780383867 11.44218568918284 11.90688028762152 12.258780563432929 12.377933790971353 12.554923236216375 12.94850755907246 13.222944201419896 13.223504832641359 13.137421343607144 13.28209113053211 14.08798477329784 14.701745786348162 13.90812628991969 12.288272972910697 11.136904936160432 10.508217756299057 10.243329197922044 11.268202370020044 12.703880835791576 12.4329167281799 10.799163796337588 9.46169120245739 9.244354606928026 9.756856771768563 10.085303825323395 10.279299897968643 10.271851193943428 9.844382784844777 9.510906180711228 10.339690666810686 10.689768071394333 11.290775835493454 12.049827174137349 12.231948333189559 12.297508149124303 13.341096150015803 13.401872495542214 12.507834327006963 11.350489801820263 9.605254839241057 8.462152308239991 8.417123413534226 7.624526471645708 8.295959618207723 8.908117992488831 8.959379654352315 8.976794069655634 9.550511096796678 9.396955004104715 8.87487077696125 9.100148372829125 11.95487133473236 11.137683527958327 11.12684182281902 11.316444560633801 10.839980103947402 10.130071495458077 10.104330692753283 9.025883438712375 8.252504386913358 8.934888294428507 9.0084265838786 8.608614020054295 9.23108652237382 10.229976699611944 11.55936157172938 12.600788016186783 12.02705942094994 11.206372854778849 12.930183980438388 11.128106632164204 11.156324886190395 10.983633472709467 13.534834684938122 13.107509241226204 17.66869084639681 17.485954551260708 16.969264580635386 24.415386237691727 31.81190716291017 34.275310635214204 3.870178925075205

TCT>TCA
7.018240123401987 65.56242012002221 37.50443052409989 23.703889986012822 17.937599928249977 14.16077938805651 8.846813921535269 7.2535341456207245 8.61097449166267 6.208718889288818 5.622512959515426 6.9491769498732845 7.787421261420615 5.938981968919803 4.884978402390584 3.792865434896139 4.1639757259210795 4.762512527416633 4.295515670903094 3.890935876195198 4.016616731880143 4.05968386700797 3.1194873519079707 2.9331382928186933 3.255092877337388 2.9048255740443714 3.2166029705341503 2.874327449462344 2.2954856904556378 2.210544604511733 2.466386899580435 2.3104505078973565 1.9569023866867528 1.80795035325361 1.782195778893124 1.5780064363934827 1.3981832342118885 1.4302779004505164 1.7328663489174316 2.173016243240228 2.4760842435686454 2.4951350287355227 2.4170154898954097 2.290425789133833 1.9413499871152078 1.5115525326964963 1.2525889002714985 1.2482851699372708 1.3918610523287174 1.6022622711046348 1.8390719189557936 2.059453752949619 2.2674110612679104 2.4479655446532194 2.456235083926233 2.1888522976609934 1.843389643106262 2.0850126696147404 2.745228780770426 2.3535574816435836 1.6533811942168046 1.5969314403768593 1.7170623672254748 1.9597782596692799 2.070387909320064 1.8761486005245747 1.494595005108395 1.162028525340215 0.9947730912295085 0.993049418385041 1.1150041392242414 1.5469870918203785 2.0976535722916756 2.665375187424549 2.6116071118320128 2.033818322909021 1.7333767557762008 1.3731635085464742 1.096684484787854 0.9325061516336826 0.8400115755031249 0.7734857518596735 0.7070436766891703 0.6412257241840256 0.6305179796008161 0.7471620135612919 0.9254288929137154 1.0341658159888079 1.1127766293285029 1.276444549543857 1.5136830449799175 1.6742207657731845 1.6038249770191373 1.3372347416921737 1.0646931816830922 0.9206106180717692 0.9098525768136283 0.9481294045257066 0.9278292477841719 0.8435331609417077 0.8295065415296949 0.9518955465072555 1.0593386805258487 1.0079059422432195 0.8682503211285127 0.7580984052396482 0.6888869036087035 0.6697233868865786 0.8908537380758595 1.2414569454953202 1.425937518020919 1.5919609982318972 2.1457650126712613 2.5067103991279764 2.2279763174487455 1.7904508670221901 1.5359374512294766 1.3129206607744721 1.0397239132149454 0.9648086270620525 1.0445673170987748 1.014564938752061 1.0316074745746289 1.1249334359697862 1.0595503300816855 0.8261961757235382 0.5876723494167371 0.8625715877466228 1.337983467173746 1.267455828357666 0.9068863568318332 1.1688707896768904 1.7872154627510433 1.5846639025851768 2.8066355276645147 2.3910657628970813 1.919320090459983 1.7048067233605628 1.7642396761653973 1.573952891897599 0.876407207134243 0.5218861217771382 1.9805617509504199 2.3536899016564266 2.535051793889272 2.553104047193835 3.2043498220463618 3.0530628398294835 1.813838934895394 2.8878344280179826 0.46009992705577807

TCA>TCT
8.750056763908526 77.53744041248649 40.34609303599391 27.020932038075127 15.83147346669122 12.185920815498699 9.774216925204367 9.215355345887144 7.880124312445417 8.40974895678333 6.175114492567301 7.52782151042529 6.346599565308177 5.3887786447115555 4.513856828693752 5.135897710571332 5.446412285578234 5.440340652978019 5.2829570342040855 4.592852587365683 4.149667026773782 4.409434234544275 5.214427442731748 4.420254957374113 3.357580493779323 4.269646117883403 3.039087459726188 2.3850585200825254 2.0171846553673825 1.734243666282318 1.8469705592168537 2.2497414165234675 2.7636493480995656 3.2240236746442203 3.3173107201498815 3.09113945041734 2.8063607164127187 2.2617085650719395 1.6732015914906442 1.1664689275166473 0.8688424715012995 0.8431633979882893 1.0750004683354617 1.5079591087313005 1.926157722149502 2.105390867882878 2.0665418592041522 1.9061416887558746 1.5612352145841792 1.0699809595032197 0.6770351383858911 0.5762201878148542 0.7898888424242086 1.1098287992976243 1.1871297229964952 0.9260995160411032 0.6658776941394575 0.6729646595030708 0.8089011125591572 0.8522233721023592 0.7986032573404461 0.7929414613247844 0.8627156525597337 0.8833691578012732 0.8181368480599964 0.7783695737891829 0.8309467839137356 0.9013236419106713 0.9296752991394828 0.9822950654575376 1.1340316211086936 1.3474460702092095 1.6984279138990905 1.8492790650742397 1.4198397881003355 1.1876127512932668 1.3787823392680254 2.430591827194551 1.2548085557806405 1.052143666364046 0.9994261086738327 1.0490402288051115 1.073682702276335 1.0395185218070957 0.9825689563989143 0.9269573193102135 0.8625951422288477 0.7639979165148568 0.6494214740494739 0.6046072506569351 0.6539844740091673 0.715207417005414 0.769757599615099 0.8702485431164695 0.9625147461906224 0.9205969372877535 0.7459391698638868 0.5798742132471242 0.5471042885360862 0.7180836575615694 1.0197842135706712 1.1814803103550136 1.1238688552223455 1.0505549864408756 1.0605812121556615 1.0580645607219494 0.9276512293178711 0.8215229198079476 0.8911384646180398 1.020824808481488 1.0682537452784393 1.0378331205871698 1.0040589663522403 0.9821826808171902 0.915009330249424 0.7712498908876727 0.6016948220212376 0.4837143429036244 0.7942192577486428 1.3195765236622736 1.5554977092728663 1.6175811546810714 1.6218984800147191 1.5510067860346743 1.4451441141679835 1.2308855368995988 1.0549818604207724 0.8470649711977396 0.7611123605998793 0.8830564729065621 1.4491875664214038 1.8828872556567287 1.9611307327764689 1.7188272521894765 1.1894248450654983 0.9777816818612538 1.2562121297313258 1.0431418082965975 1.3680986773538513 1.8052365172001061 0.9820964580778498 0.7059821492997908 0.7472618978194857 3.0382860659385997 3.926099706633302 4.436796937139846 2.60079543711993 1.8081187334944864 1.111356095284736 3.5750336697261638 0.5525479554072936

TCT>TCG
3.4351965429141433 29.554264687904514 16.860553863904492 13.803924933902586 5.774296610481653 5.466779809854038 4.708644680628818 3.549034291307024 5.194027738214424 4.601668928729821 5.060322131063959 4.791751101175181 4.078949438943694 3.086218294779247 2.937021564749425 1.8735787643078259 1.8566177878990566 1.8819591272437988 2.6915548028720244 1.745865265423355 1.579656318943582 2.1246962750642093 1.3728623885043334 1.3976993269546818 1.158676067702801 0.992206027132961 0.9920175589501748 1.2005332187905395 1.3543496994329771 1.4360639451522397 1.5577428788762953 1.6480025900052615 1.725649046657428 2.065614931538329 2.328164012915803 2.6727739729189564 2.8310678977033663 2.325006782181492 1.6627576399763515 1.2717273377658294 0.9991235784657846 0.8430520217649216 0.7131108272557805 0.5494459672199452 0.40246679781822026 0.3550019360978849 0.409959444050389 0.5118554707047148 0.6035980237814884 0.6411902680201897 0.6283554078184022 0.6322198913054 0.7227161830945359 0.9152410539878226 1.170282859144096 1.401296732005954 1.5612720893940555 1.7363437898126999 1.8299541650635172 1.6965157134105673 1.7505665451969041 2.0683055371036074 2.076721548300456 1.571502156022537 0.917258712454781 0.6245854511188517 0.6521902519238261 0.7429603156625604 0.7893611192430152 0.7722997052694534 1.1881200528880598 1.1645479701769403 0.5375615463767585 0.4717634132144258 0.47210081474465865 0.525480443396051 0.8377904913528484 1.0712416397138877 0.7352321553237084 0.4221876200670932 0.38234927635872873 0.3948438581934398 0.4647627768818917 0.5811782595310644 0.685806300853981 0.7182787921036498 0.6925913520431066 0.6684728377702043 0.6651689376248823 0.6560987514929804 0.6325545706544081 0.629292973275484 0.6736410662260406 0.7271300193406902 0.7095108395206782 0.5846484360772568 0.39675225075798365 0.22061596411868495 0.10044950596588689 0.050086526494324296 0.0830161490825557 0.18078611393183883 0.2588548898865437 0.26018577740493803 0.2553181870477967 0.34778293670389604 0.5105563381934086 0.6120992843163068 0.5837247780538157 0.4871223315752025 0.47515165522459635 0.613654441379041 0.7515124588685312 0.7322023805537998 0.5921635320348502 0.5706359141364349 0.633200138554666 0.5395792926200518 0.32986750134700427 0.21008004721325607 0.30304871214704066 0.5345989041256687 0.675704769069575 0.6943696274831908 0.6639517106680762 0.6071157534790531 0.5646192377199524 0.9461197546871233 1.3011381351661386 1.2895157141835747 1.4986494429325286 1.4331156316725984 1.1889491755343642 0.9944201087914598 1.020355398908379 1.6364776872349158 1.829549088151109 1.7615019497022624 2.3784860760232154 2.0013408467406273 1.5874149318115467 1.3952185443339624 1.4033995815734994 2.395739504309625 1.3831487208086917 2.350206308719162 3.146856181954647 0.8576129058624077 3.236437017136878 3.5720691618303415 0.3228639805909967

TCG>TCT
30.36492765732053 259.18659230582693 113.87100496489052 75.02993814719433 54.27818995658487 30.795603272305005 29.459898676090383 34.91333967216934 28.04480697413398 24.32883357474626 15.91275290007966 17.068989522504353 15.592385141879088 15.811635621869915 13.278832317902276 13.091928491624222 13.143893160072277 13.130877787129657 13.237084089912026 11.482137819448905 9.891292469851736 8.916562513905955 6.676902693361051 6.064445940476982 6.081000049355174 4.713179223396785 5.937613611508718 5.253019662618322 5.402999791760237 6.9431796250347055 5.742876504282284 5.582475689143378 4.995459119429723 5.301127832804456 5.298683915491362 4.915478163937613 4.286599345117886 4.00739714970289 3.9977084824639464 3.87911813648654 3.6558073325880724 3.315901154243284 2.7282672141479694 2.7495563658792963 3.964290886565821 4.227117360887444 3.4983667300189114 3.856367327129586 4.352402710901727 4.929315931913749 5.077560901591854 4.791265186879011 4.917508686311142 4.8506841755913745 4.1401109493128425 3.31704145499091 3.3879891726485263 3.7555100370902004 3.9717587027791694 4.067513288102807 4.198248426194941 3.9495851149363443 3.656303087987663 3.5024595000360113 3.5115961530936333 3.581282911625348 3.781911712613099 4.0465804297856085 4.062572234901429 3.699191025726501 3.2346567190450375 2.944694403082794 2.7885138085934167 2.7178398291979113 2.679015927830648 2.371507115892994 1.9793448816893768 2.0261436407573874 2.3819899129819637 2.6109560449841975 2.5589571990575273 2.3618396955515926 2.2056734090451187 2.3257863524183624 2.5734352472933475 2.4210046528887896 2.5569825693861397 2.1257389700414437 1.7392175893650788 2.051343657364243 2.4228968620894733 2.6044529090175583 2.484723443459338 2.1210288461613387 1.7251595912440736 1.4763917986683106 1.7442129976511216 1.6120808753949998 1.1182724370620487 1.055967920943699 1.4381982746516422 2.477868982714004 3.1483409901238777 2.902056475618279 2.795881305621573 3.0956137621024995 3.2579994261773146 3.204811103024233 3.362802413915694 3.378757512079716 3.0810796764149027 2.854105236459819 2.684365347273199 2.2979852336088338 1.7172764641817424 1.1593325089804862 0.7719527508770849 0.676502239315701 1.046502911498689 1.287595744901108 1.2661190011688992 2.3600747187095066 2.863559608987354 2.057650272119409 1.992452951645377 2.264795786434722 2.111456591502251 2.648723015774326 1.8561283994825626 1.5835521443275844 1.9057590158798934 2.301074642307555 1.6578053610651926 1.7283901656339349 1.3950023517246266 1.413814218730499 1.5216793352728377 2.80925566865541 2.8848665521352577 1.858164209197375 0.9039665833976924 1.3482678553817196 2.2121176742641504 2.7639194434779464 2.1665410671132017 2.5591208908301977 2.8593277591163937 4.940004462079276 3.6264434377062034 9.9513001914249 1.0749708164654024

TCC>TCA
31.727064318713282 275.0442425885369 142.15703282687872 95.89907907331732 66.00462052258236 56.11178898080351 50.016746984923 43.66821385841401 40.694005356008944 39.28386145056785 34.66289431773642 29.370084432606607 24.371073182276685 21.751539195935127 17.066732648918897 15.733819580600068 16.905501119202178 15.896551399870196 16.83233348253614 16.115099550133408 13.855743688382017 13.151882612681241 14.046619857288727 13.927246635276672 13.675592041683977 14.968078598335843 14.460226197067758 14.177447628179134 14.47043454856825 13.719951705035763 11.759481650284327 9.006590748087065 8.19806659240268 8.98939949932364 7.936801491745402 7.983008023730883 8.581761749355994 10.235758424325637 10.374111162282782 11.602109064361523 11.785136595319441 10.048427652676416 9.156282895368719 9.387959343588848 8.86911021889428 8.76205645530945 8.461284632813333 9.01623888900884 7.1798735689866096 6.483017182878079 6.449597702317605 6.61081792450619 6.577127020538472 6.554466420527448 6.732442699939025 6.989283967492566 7.225443825264223 7.251409633429271 7.160241764901498 7.201828878971397 8.175200554839186 6.831036538602422 6.289860536550967 5.775517378411019 5.509452616640935 5.45834369955272 5.363888090482113 5.114215005218267 5.005327619755533 5.223481654702389 5.1461061124304415 4.548239095406843 4.199517044629969 5.076720563553748 5.970954338707749 5.879109807293171 5.6393733985641 5.469738116205785 5.3577355511277895 5.018038059164197 4.865310272995198 4.840199350951824 4.622447546836252 4.413593007398301 4.199739967297661 4.129131459659286 4.289395827935509 4.417280989614522 4.424652968397235 4.503505644138362 4.76695857430688 5.033656637454142 5.179295036397914 5.392881850555773 5.792870733278182 7.078848951043235 5.906283215965745 5.35944759652638 4.719529741638585 4.162800439868537 3.978040495474775 4.129404821952325 4.4670214149261485 5.010668291692013 4.983317410199156 5.433874464980904 4.046793663650977 4.510342324131523 4.617684614496754 4.626798200378407 4.884079416199802 5.529041984223859 5.578252899538953 5.15825660949291 5.0044047405795515 5.639419715636588 6.14601179881385 6.421818858799031 5.26918454780395 4.082379475944133 3.923892312060624 4.194825720921217 4.239113538309861 4.031071259870597 4.648812111405082 5.086619397685338 5.947905458834387 5.845418474452806 5.390430491974208 4.526115307839963 4.801712540722203 4.566276791608028 5.2604173637797516 4.785089939196329 4.800131699910552 5.215860669266151 4.810831412281318 5.899416078903763 5.03956865463704 4.913963645972222 4.284932713402243 3.9711186888675654 5.82194418891762 7.524600379119238 7.242122491397409 9.559967197684049 9.004485566498401 9.767312002891966 10.56483573577227 18.4995349661734 1.8305477949372053

TCA>TCC
5.514792124758324 47.33097714835416 20.7872894588333 15.676529288006035 11.035824759547637 10.320072755006894 9.24450111717514 8.425294571432513 7.455887415887049 4.5314929507759025 3.561868385021001 3.1519635743740304 2.91930851432609 3.1259314151989566 3.2559827656321825 2.891026258819588 3.0023131052179526 2.599104702371451 2.6518123015286434 2.6673520993595567 2.9097809374881134 2.78395994746554 2.9255849631069046 2.811048146751125 3.782560991003032 4.063403844296747 2.54408841115277 1.7004669481955066 1.2206859827130878 1.125002453707516 1.3516014099810743 1.87602558249809 2.448594344176919 2.5456500613824438 2.1002298974933957 1.6715858989708385 1.5519027968082932 1.6033137466492253 1.8140402294925095 2.088936727031391 2.46631259854281 2.9880664792697633 3.2231078230632653 2.653348849688461 1.786781186378006 1.3641890641251413 1.2171291211686206 1.1076772760022429 0.9628985776077243 0.7735535797126406 0.6194290471052241 0.5565751559033334 0.565582833125605 0.7558962260277169 2.2343819574638992 1.4159370468269898 1.2467182042218765 1.3105629585854415 1.195670319606967 1.070251677505702 1.004623792033212 0.930627035837515 0.8222727689818149 0.7167517133592146 0.6519380084189957 0.6581295222243628 0.7554353941623896 0.9279507234792415 1.1034574666231562 1.2852042507011985 1.471044642740217 1.349962928476061 0.9339723098222213 0.7079500639265294 0.8047333807517574 1.2166307318917569 1.787626498087464 2.0445681885467697 1.8862414580933031 1.6084457854221668 1.3495695491991344 1.4087385817349742 1.4156885516904865 0.9750931256881835 0.7040012680736674 0.7536447001950611 0.8852959210292092 0.9805097509253992 0.9179199634861455 0.6918940192430111 0.4419362172680901 0.3435864019503751 0.4723859459628726 0.7574015600046836 1.0446898016792188 1.205588607777144 1.1992832108679192 1.0650785263753908 1.162007566758679 1.1439150590423601 0.767616446242884 0.43948421652874853 0.2786787006923502 0.17609620472218881 0.11553752214188497 0.14858574168013902 0.3266031330223219 0.5962094426092102 0.7878231059956742 0.7790552778538034 0.6081382332643122 0.3953758980266003 0.9718679284115322 0.36379133858770357 0.09304502022667006 0.1819383531806718 0.2764457959596078 0.44235642218155846 0.8601336906243648 1.3428108112486667 1.5967308867964656 1.4882352893512603 1.1214281028551594 0.8278280504963303 0.8416632413272024 1.0768039448779936 1.2751934002738385 1.2822599447485508 1.15197890699837 0.9999486971529827 1.0120804338921352 1.0524286144465111 1.1162352068697996 1.0934799286397896 0.8754982007726931 0.5673954399224386 0.30378069301820027 0.9350942932798413 0.9354003429185601 0.5972401263944033 1.1648819610086605 3.570120775791818 3.8829024949909257 2.313583925997335 1.7337762951963658 0.7772409575713837 1.4500984815059001 3.128295028247101 0.6564101583005186 4.682766634609106 0.36997325209375737

TCC>TCG
21.118177524305406 175.3451628691599 89.41928242145013 58.49602412099636 50.76640391911723 30.318810292394883 38.65892382221511 31.587146716762188 24.619883465033332 24.187966471635928 21.3860181764507 18.77617064269482 14.113548068383103 12.723910095379846 10.517161858666466 10.380706375143408 10.544257145406906 11.902451348615338 11.156565258074586 9.92718026637847 9.935345239320062 11.422964024253751 12.156261048449682 11.628867631721013 9.94370297239648 8.204340127647992 8.72714019353632 9.53564673370777 8.343021972189812 7.86647466511847 6.304301398732442 6.120910366092792 6.0385669254843455 6.190320295138495 6.5224317366096125 6.7411419216051 7.092541422554886 7.546498046248819 8.535729176972376 8.561838719763621 6.361966700076239 6.234165411171251 6.205361155794149 6.081682303100584 6.135156033542105 6.335811841741105 6.350329924165399 5.9694813379829235 5.371120094588545 5.070718655180512 5.175185184582778 4.985178919734546 4.759515266657646 5.0627774614346865 5.0441791499133855 5.83477779404479 6.056402338568654 5.1582058688964025 5.032144385493951 5.155632373839565 5.26617396919917 5.033176239623813 4.539280409249572 4.213901555735065 4.165152474456946 3.7655334521645334 3.118404463239355 2.8778874699302768 2.9286995572971217 3.3345003043567223 4.315473361305827 4.981675993706535 5.1582645140610515 5.523910979976747 5.7220937093185515 5.504515669449874 4.995907639311617 4.481091257452081 4.398854697724215 4.411397372719525 3.9980844239668665 3.6492959341823132 3.572255674686171 3.698878675442986 3.9046609221578055 3.8509557110853576 3.4991620751733277 3.3944005218701205 3.3605638982562045 3.104058946270693 2.9187603426152817 2.85946613783328 2.8419567378184674 2.8734668451917633 2.9569393717985903 3.0645105027492203 3.2129616189105374 3.6973607160652366 5.47280769650678 5.181922344496616 5.680416836162272 5.715202896414232 5.181583553586403 4.471594985316014 4.028888596907873 3.923720573083176 3.841136428468008 3.5281085453905074 3.1094934916312074 2.6886661792538034 2.3127442238496307 2.2251657237332703 2.3496096134047586 2.718724405142267 3.151029696833171 3.426301636810891 3.281066703990679 3.121421456556659 3.5578687358627548 4.433843239736874 5.202072771349012 6.034899003359278 5.139647760152499 4.820831664323101 4.44909656871328 3.8471801040041327 3.414065963630787 3.8098079988569937 5.332272430905153 6.135924549668115 6.187485491761528 6.448422348586785 4.381250579770041 5.029692083704283 5.96841525580138 5.93270236157881 5.580575895185469 4.375763057055302 4.053247802107236 2.982242582126068 2.5009885726712313 4.388265723195628 4.614815978621726 7.148063081027829 5.798661800012477 6.5286972877892655 3.1650410236417015 6.802139812430323 14.526851933308292 13.755804756862581 1.3065343719918427

TCG>TCC
17.8341534378624 158.5094667095873 94.9310935685853 54.98748516175842 38.365156138453244 30.741194221731124 24.3917221876725 20.565826772898305 21.239187008388885 17.69909368336171 15.827814934162246 15.350059651201692 10.56879134089013 8.581441142367416 9.564629874889926 9.854482678888136 9.34402681440216 8.611526119751716 7.863915611352217 7.444045443228391 7.53801043007776 7.391421690268464 7.4468108747092225 6.4277677599509735 6.430920843765698 6.585495531125551 6.062867157243659 5.077601478189984 4.363147006281035 4.068303314069138 3.9831827592687965 4.218423610263189 4.666102863573661 5.247898883706255 6.090739310748453 6.641068526846143 6.400644624845792 5.7102646357497076 6.038817078530067 7.172516070603002 5.505161850142476 4.81329185012155 5.019059968000557 4.195226080102606 4.208964359271592 5.310834884590298 4.349219164450373 4.169757708404551 3.7840149715814952 3.421501469754863 3.3477369122733855 3.5648809903239926 3.7942432770695027 3.7329704968250477 3.454236848190438 3.2551480241054445 3.081956155752386 2.766484927265702 2.316283349748162 1.8531432155982945 1.6501224175214453 1.7861755723181807 2.038757067581019 2.2844941933233027 2.5711422444588043 2.8985671486110154 3.113477440019404 3.0643472484048226 2.7698066768732246 2.449892551058614 2.3935953150307863 2.6644787160277095 3.015011638031981 3.1864145314190906 3.639825716093475 3.478284909774006 2.792013079190319 2.682770055283944 2.7330187340788235 3.7821294431467387 2.477044069044097 2.0379557848415844 1.7968862086666844 1.5919670720490324 1.3367197317872217 1.2081569923693751 1.3644459473663928 1.7727561409099861 2.240776429627776 2.701227289250396 3.002947038185895 2.830157639303291 2.431731716002404 2.2471997726314425 2.131289972905079 1.9072578896336865 1.7474749098017863 1.7603672022439458 1.8413798070678928 2.0791731413838175 2.377438375380205 2.4658121162155915 2.4521405981369875 2.4125797277672536 2.177214799238137 1.8543393524320142 1.7605766706102237 2.0087426283503995 2.484043501117612 3.0906391228577084 3.3304442047235883 3.4167539559798534 2.9806926748097657 2.7030304821320796 3.178025449033274 3.2001588619341574 3.475025509232473 3.8390032836152623 3.761208065346629 2.99220071206768 2.073111477312278 1.7381360750462507 2.2223840457225195 1.8403579958254384 1.4971581592754029 1.8262539972122183 1.9141384340238214 1.700050590518112 1.5710020859079168 1.6187383010107261 2.1185695415510426 2.8381337788593446 2.4111340473032876 1.5147410539268193 1.039683227966729 0.9085679347901655 0.853539768310432 0.8105228292204579 1.173263062846302 2.3576157866662353 1.2412560731390385 0.8506225955141051 1.4157196908453868 2.5887729178671717 1.2887736567150654 3.9676588221177878 2.1861834766507 3.16478370903683 5.6962076340139705 8.39756479672506 0.9328114349575107

TCA>TCG
9.790057767334902 90.43797140539058 46.62492455523125 30.908009933020473 24.41010195505926 16.056702563209978 15.308754719048668 13.378910217447368 14.025449462434251 11.561645042759526 10.889840377228964 9.751654201274992 9.027515471014315 9.754783954788538 7.391018872869182 7.371507611832634 6.445991521729545 6.852008510195621 6.609426255777262 6.2917254209735685 6.027892624089503 4.1808315869607435 5.256997576010304 6.05410527718174 6.0131527642311475 5.3703670454019905 4.497033403083608 4.14613905875976 4.513799399649065 4.3333152265136246 3.773521714408724 3.5090895630156878 3.945596482065625 3.269431991131691 2.994620115630693 2.217011713385595 1.973467805641886 2.3124560399177203 2.7814043164463134 3.0629127855457168 2.762284068750156 2.2388545757474523 2.1613110790592938 2.3669613311269457 2.8563611053477462 3.4738377264762748 3.7543992831992266 3.1557130215164855 2.333675658651696 2.138765137095784 2.1163063253384293 2.148966197557327 2.138845251057999 2.1073682807393896 2.15072757174328 2.302654662427993 2.5074632179915968 2.6744504446913577 2.656844300894215 2.3976169225006974 2.121113438860236 2.0580339118319078 2.1891022589931497 2.3623916637468594 2.4147878725977803 2.308156672063789 2.1726114545599025 2.125286138596896 2.148359310761061 2.1814466904569887 2.235574058022555 2.3289585613663877 2.3925004931887224 2.3568896013873935 2.7419397707194766 2.598231642860199 1.9298295230089473 1.818639294633066 1.8136562837319732 1.9213596100678991 2.1472034435791967 2.411313618714372 2.5595145480853767 2.554849537848009 2.471651392464865 2.342257023115161 2.1684660693387796 1.9900128630873362 1.840186678987666 1.7182737117035192 1.656130091668388 1.7045596591250907 1.8466395027517506 1.9911635594818236 2.0837423246848052 2.147312575481215 2.1751783216196157 2.1569644496100775 2.127765199256506 2.0552464422782886 1.8487157541990824 1.5376806823806517 1.287656176963246 1.2619019267273321 1.571299793025825 2.171726066826608 2.783293562817561 3.088587695454019 2.993416586834267 2.666576172184558 2.354704434143333 2.132360470461825 1.9389547658151958 1.6936019066170815 1.3634307737902962 1.1207906266027323 1.4368874940031893 2.928419839647331 1.996726891034056 1.7486501705548965 1.6755663798463152 1.92203544190049 2.1361588404095473 2.3823292207799662 2.835763306529893 3.0566018857223796 3.398991293288003 2.9564832350881725 2.1420996285371987 1.8275992813838684 2.1189986367577616 3.035136694424084 4.379669751223018 2.8568054393819966 2.1087072341346498 1.7258931062258924 1.924112898817515 2.3740847383485857 2.1950783889669943 1.7136771274681626 1.554593086389021 2.5291104652483467 1.908414490430483 4.4666159784050885 4.180667226382484 6.356260627430159 4.490280504768901 3.852358132044124 5.674386652758434 8.452581655068965 0.9117051278140226

TCG>TCA
52.99214239754869 482.17644906135513 252.6701774113795 183.96253067867377 131.61569170875057 118.26786352712162 84.30870122376922 77.5098703249018 61.40992097834974 51.845286785768764 46.27760699881161 45.52736930039005 43.183500211817 40.903059981910374 36.07078020359188 32.765016378603896 30.072741416617145 30.0056507528548 26.591541745202758 24.63977167479752 25.18005394197043 24.8206680383313 23.36748509176952 24.466197213588295 24.703056137002683 24.773503492316795 25.592845799501088 22.49577390836274 21.747480780404896 20.980095377635738 20.244350542625288 17.86653292719395 17.12930664782014 16.887805725694008 17.888499450534475 18.508510016081004 17.233598758283613 18.986547531709128 17.541883063540308 18.52576477496763 17.218736642636056 16.122054328798313 15.259757611973978 14.736515560948199 13.205548623756737 12.398890901134887 13.0307216573815 14.32564028049101 14.264267092219544 14.31778101737653 14.447558322915624 14.10172790694006 13.352173303937576 12.474739174591207 12.443532587491177 13.267692687589806 13.424328934776987 12.120701352203689 11.608938885127078 10.731458504702585 9.974273825006172 9.466042187475333 9.011560224218366 8.971151046156683 9.49538973725396 9.945690162200753 10.157076582753318 11.265926792738043 11.940768420231297 11.655088207882862 10.965745232379927 9.841790955640985 9.540702245957206 10.454257104329345 9.59345213612539 9.517732305556088 9.195518175432818 9.040233917317309 9.16083481600234 9.921209888099686 10.096620739061493 9.704763586395119 9.726539910871757 9.578789718223565 9.283404272108438 9.169350666568253 8.768293385600687 7.998903385614631 7.4593262621667495 7.715918579947742 8.577550188053497 8.245513210196313 7.937180127316426 8.247194120558065 8.441178466467118 8.47774087978849 7.781886734963875 7.163986300885529 8.489088350304533 8.407750522569945 9.314756160325672 9.693931444465733 9.97214202333253 10.628022360521962 10.541406071845744 9.991163628089481 9.764833206348266 9.925694495783402 10.070802369764944 10.24860302690753 10.703807268409925 10.707030543704674 8.764152089070416 7.421920421921633 6.705559253827261 6.366418316732398 6.449156680738189 6.4330739837296935 6.100318458169723 7.005317509858364 6.915864835420856 6.749716812677762 6.4144845984639876 6.177398269002721 6.052251588647713 6.7739083965318105 7.052747908210365 7.755514764139391 8.864636652179392 8.257674843332882 7.278072757792689 7.305300192743722 7.018111202644282 6.845374129099334 8.030424620006565 7.263186547532607 7.898370324846143 8.27611815203466 6.724049627573807 6.758758410712454 6.234492846624837 6.697032457666813 10.065869380891332 9.981632059053952 8.667540248627418 11.750968945915353 11.843414300989872 16.311729653472977 19.018025382980596 23.048954185677417 2.1864458619973135

AGT>AGC
19.556045897009678 177.60439835406282 89.37183000070873 49.573924226362415 38.817518218333774 32.84352578889796 24.777455642572587 21.497079113958897 20.98198031036882 19.577774762262603 15.020151578213035 14.75686557983137 14.924700700998264 12.905009724408123 11.714537353451146 10.056288513441572 10.469827887871528 10.26093361280819 10.854443534970887 10.438132239934415 9.161452445924377 8.091360007415169 8.150482591553303 6.611498090214942 6.700163588489061 7.769713282120077 7.151942624529623 6.189793095155055 5.717593914339776 5.936484376003934 6.649630510563695 7.531879095828748 7.971586374097267 7.906959734542518 7.27596386228593 6.371603226666957 5.853528906684075 5.805623961723816 6.800312104209992 5.52165142730576 5.266445796605116 5.249922358291527 4.932442583015857 4.400050727875136 4.066604054635956 3.9812192038179264 3.699341550934297 3.571200787076219 3.9771006454784747 3.4950094877030797 3.9569892126527773 4.444815769567864 4.393183876650958 4.201882748177269 4.458413437429451 4.642990402960871 4.510417765049591 4.334381899216639 4.135794935964492 3.5356334093002517 2.9650852630271936 2.9216496547523634 3.213614210527758 3.5651897737869356 3.6786130463418165 3.621686941938443 3.704911463685601 3.935172727461628 3.9911031752733788 3.769419267774133 3.5428890220146108 3.554919275618985 3.809214578468794 4.097926986390559 4.0831889567949275 3.8218038352433057 3.704290981711434 3.84181648495314 4.107071025533809 4.335189981687456 4.372768227790947 5.429122720890441 4.2074550918688045 3.5445735018636677 3.161613057323783 3.120221715689811 3.1999604588195187 3.443305544511763 3.6745216432504626 4.066839483161143 4.24702895980082 3.6665794842876194 3.0339431618700843 3.153363773214257 3.528277499002706 3.523716547233922 3.266085172038907 3.375323913763695 3.300561698229368 3.0652307598751687 2.8956921864844083 2.730544125585912 2.641046099011303 2.500702742833199 2.256047909940232 2.118423139855057 3.2898408540454667 3.767150885644386 4.173401027457294 4.41372401092219 4.304662971865855 3.931065518559711 3.863280313098165 3.097745445234211 2.907138830370618 2.9488709661267944 2.823563207093789 3.2943142740671716 4.803736087267008 5.1010009467663355 5.217065472636755 5.190216019143647 4.69476461028218 4.035787421447282 3.471039314887163 4.69612363269643 3.6437839947187793 3.514692352901535 3.564216739645779 3.253438660096633 2.5467392188062568 3.5050460737708433 5.354431303574621 8.043655460308637 6.773786147398823 4.597574966987813 2.9448078021632758 2.332854132204909 2.26207763789044 3.5995939458008044 3.809452805513551 3.198433787453767 2.152318799839848 2.428050285250618 4.210158229704281 6.769669084033379 6.850143366171953 7.657893530088341 8.246117212763526 13.930341313663833 1.573039155927482

AGC>AGT
65.07930238206022 597.6408187556258 338.4907090010204 229.64460516719816 178.67151149831048 133.39827665858414 101.08617331623167 81.91572450549693 76.64407799090995 66.04043983954081 54.1730571283983 46.3260033557546 41.228979277125454 46.459361759841485 43.22404656207454 36.90843691361302 32.79809876913925 35.480374278158486 36.206587353191736 34.20467481308789 35.111642499859194 33.59553486450828 32.756318542208135 30.270341975616883 28.89282799228503 26.111480792363864 21.629859671709937 20.02775755860001 18.305432134498137 20.47192295502701 21.395849807404307 22.79867667703181 22.126670260919838 20.76330598134326 20.152559541071973 20.099355713490045 20.493822767293228 19.534595198621787 18.813568476339704 19.95434652590218 19.315747977984106 18.423497150746506 17.338100498368924 16.445467589860456 16.66006309295453 17.619859368865285 17.916969662761606 18.27259005233688 17.256092455910412 16.827977755935912 16.898804208147855 16.411710254684724 15.340385015641091 14.699416029966493 14.385536391375823 15.140490719509666 16.052358095384662 16.031779749811232 15.122242838999579 14.482016568438855 14.746830054877215 14.496439760234656 14.083321565745182 14.148282908465255 14.331365074569637 14.58588108610572 14.66988568699652 14.019368537854046 13.478554378978346 13.141703553549883 12.57266318427122 11.725619046596455 11.120531378062848 11.522883819930227 12.28376137174759 13.228568495617246 13.948707030983885 13.778221387328298 13.068257158262858 12.41610997827331 12.160305644138667 12.5601031628234 13.353946320797096 13.779498103171075 13.432488777263499 13.075251378506076 12.62143148772444 11.647436506954785 10.904058168223816 11.616344906371486 10.148411487747069 9.481155164771346 9.460033363719981 9.46889850307449 10.410077845212871 9.943368782933872 10.7684185598955 11.07521868212111 10.34711559747728 10.123654949921342 8.880481011889573 10.441043802873738 10.327061720416758 11.523481725693992 11.761275182281507 11.160398402464669 11.211109340590479 12.107125376869751 12.53535853723616 12.327328887779299 11.800225379832836 10.926158254382903 9.810141127722028 8.397862544813297 8.040283017590488 8.658931780057742 10.36909205125768 10.570932306304048 10.296669955870449 9.768760176297768 9.469428819396104 9.595996754888205 10.474559245869258 10.228464979401974 9.692471228303901 10.844175517802643 11.65245470374154 11.6176312052641 11.776902947539181 10.720426377434205 11.20592769065588 11.4502939006427 11.297240751459919 10.012513864333815 10.01087784664642 9.848249577561276 8.920632182437165 10.849015664943204 10.678083348013223 11.993191251405133 10.390187951270894 9.99429813684774 13.044832473196962 13.127484274210119 16.303803720377047 16.941884928993513 19.599959772610415 18.97385607616573 21.947789853526768 33.12320357104944 3.9880332113446055

CCT>CCC
10.354587666096627 90.90144964687198 54.181813514591774 32.10764582451732 21.0176080408061 20.09113533828455 16.08049863216363 17.77189596303756 10.82707162996988 11.133109041980234 8.154598017198229 7.12172066400857 7.498354368090235 8.44017492867389 6.391514020990437 6.104987242015041 8.217842094180533 5.5323148600643 4.343063940396971 5.020404989820208 5.146820153659051 4.186684097728174 2.7733062260150567 2.595279438842736 2.5065997831216866 3.556549794249598 3.7920326870292604 4.883648259184243 5.389879385495534 4.882552966048149 4.339934534031749 3.938711618359248 3.939457711206499 4.080532499019775 3.86047737905753 3.8297612107744303 3.868167783068198 3.1190928055368667 2.874007280730346 3.3872100909895217 3.9693668039023486 3.658334590777524 3.450939700590293 3.051683890658363 2.8349095053472206 2.8638695153923726 3.0087964543388055 2.972846991385274 2.7275685761877257 2.6458923212539123 2.791453082776707 3.0116922748389454 3.2083571996371 3.2928310341137355 3.169920861549417 3.8152953409045005 2.3867589807558343 2.1118651620135798 2.096873154468352 2.26167047597398 2.3525608989729982 2.127994332785923 1.6949137538854357 1.3964698535478048 1.3712338440856138 1.4997432324362716 1.6234433774137398 1.700240150101345 1.8285372427486295 2.057300554729269 2.241424306183601 2.2339112385659874 2.08870071577341 1.967205459612446 1.9880241706923034 2.168983961717081 2.4057745320789476 2.559278905241306 2.582219621454906 2.505035418813706 2.450457368380702 2.5034072904867557 2.4899073641504614 2.3749213715648767 2.3290598465167043 2.2484366732804766 2.0049581759800716 1.7325942277630308 1.55449147119825 1.4662298947833472 1.474069149119224 1.6275569697402343 1.866861811599639 1.9823127953564141 2.2498905808296605 2.0570871171537544 1.509143348460817 1.3165402812740903 1.4646293104249488 2.2336603798384327 3.1108050347805603 3.359856567874341 3.0808057608326496 2.6382886537762817 2.3925156076439764 2.468978299412564 2.5818709923554994 3.148399446120498 2.755593845771243 2.6592404863541232 2.5653545451930566 2.150437528465737 1.7306618689145605 1.5624110749542799 1.5824619931908255 1.5581445889233627 2.1417962514644975 1.495091796482743 1.329167973210965 1.5722150595740767 2.3389759947188247 2.321496668741814 1.721897525058683 1.5076587059408626 1.8335040906114375 1.8386101666942523 2.142588756283249 1.469398736364928 1.1627949650356257 1.387258868288966 1.728165128079279 1.905477555323164 1.800550113183054 1.3968190301346692 2.3467870735964116 1.9363737100328935 1.2774301316554255 1.2668171465433813 1.6981001450049842 2.2474558938794833 2.0994348370708917 1.7335052122206391 3.006535766802419 1.569651684957081 2.099142837588837 4.837505952340192 4.766972106264564 5.0769667259605775 6.204967395851035 8.401578248492518 1.0888484084696384

CCC>CCT
62.15052965030666 535.3396082731438 282.0398332497537 181.4645057096058 130.60068356598777 105.11160827592052 88.74360479563623 76.21574541418207 60.21482534165023 55.94363061311172 51.40846162674412 46.402915927039494 44.11894878666888 41.402298036812645 39.27977976063502 43.15428293736833 41.74047292791016 37.60817831326584 31.792172622395483 30.421682798648064 30.091933582680824 29.646943778536606 27.128147972517766 25.004879797047053 25.884556835990686 25.023000493109528 24.894633147975878 23.37882463559791 20.57494564077818 19.656259355945267 21.99435003944018 21.171065105899352 21.11897604439579 19.088878679284143 18.11617334677626 17.17683121736816 15.762674200728668 14.929078012897051 15.755893929576326 16.598939884498822 15.462679702781319 15.429169596600842 14.75751832169712 16.091575807033365 16.768334735196518 16.01821617407029 14.854503753675626 13.45301972929332 13.46080242271585 13.81784360057902 14.244484406546993 14.389293245298001 13.380327875675574 12.011394840073418 10.295915985831094 9.811720800090384 10.500546463535613 11.524843827174852 11.729727533875161 11.693471817855563 11.90039986349688 11.908040022227903 11.613389525945408 11.3163094813211 12.501320973209436 12.910235283352133 14.355546536188319 14.173394455930543 13.682229771940406 13.134779490758115 12.969373964951108 12.788915738380597 12.886905411160688 10.399591598331911 8.95768276913947 8.521778236533589 9.654726012526586 9.046169096850802 9.194642859415417 9.320888524022592 8.986525681840114 8.803580833908423 9.240153934585 10.454277769581086 9.454608589160603 9.255820721098226 9.000736178643889 9.006582538705485 9.235817863507975 9.43170238698561 9.406062983301853 9.16806753941619 9.072098690492782 9.223861414989985 9.354958959700063 10.01458304991872 9.67597927449205 9.544888319769349 9.74307457315369 9.62183133636171 10.304776472723002 10.615562018375567 10.306820065631177 9.616007721398095 8.592691850722682 7.717912943954531 8.247407573979936 7.481033580834288 7.570959143699813 8.283917078375854 8.061657833580306 9.658318887530816 8.44185052348333 9.355753646875918 10.8258009877247 9.41491322024098 8.41618503301516 8.41198591510064 8.708446745960433 7.445153782831754 7.03496786979355 7.84455933905174 8.99170343876681 8.668990308228716 7.557032386649484 7.985364138521188 9.177170957916228 9.03908417182054 7.91887604872623 8.509947260875942 10.21277818449137 10.288267578759577 9.517421441005244 9.805122151505545 8.298191826887257 7.498960517140048 5.60744422061636 4.836171126798535 8.000902283302734 9.1797009175183 10.138493426098519 8.791552999596368 11.403307781881873 9.987955686138527 10.647278424469146 14.756490519516154 13.280928167781529 12.781710913956921 15.635416378422088 22.946319944296313 2.4030573407016553

CCT>CCA
13.17300374342498 116.98398193957145 42.686038540735005 28.54399730395809 23.59708429458689 18.992607720443544 22.0761727359246 15.76372450378283 10.319263546527795 13.73553054599156 11.873357672132766 7.678673910461482 8.101203736918023 6.719563650010789 4.257618345032907 5.394436956191223 6.515718040691106 5.7531370119550385 7.676916763619867 6.8564463998071545 5.475204779305018 4.772453686730059 4.912562918096537 5.49668453683178 5.482243368285293 5.715951608446804 4.9595402431774875 4.381992025348461 4.080654856833711 3.8124155140530434 3.395836675281778 3.1982662453207573 3.121620453694645 2.754993454358604 2.6330674633198763 3.238671261516102 3.9113662023395763 3.848225539286105 3.343871644237958 2.918652944297011 2.8031205351189885 3.025405352119572 3.4996259263279734 3.8346791238230695 3.3628553415637366 2.4711192387909198 2.3531501681329807 2.966528792015382 4.066822205885239 4.898563570099459 4.903302300603664 4.158527678883355 3.869871697163556 3.463856898858927 3.2507526811888594 3.4186620236656893 3.7831320612962513 3.8848955594935104 3.4462179378124356 3.1927546792389596 3.091885363416562 2.7058266968562794 3.0515401460165745 2.859008860349735 2.568747921333566 2.6834228804141844 2.7556251586541705 2.816688399311732 2.9161444998520403 2.9903595883357683 3.959956825213151 2.861131265331059 2.7303000957196253 2.4763733460645665 2.0764299641538138 1.722090033065747 1.580152789534501 1.612948339775419 1.6990970944993413 1.889161361093763 2.0857537556590864 1.9704399688206073 1.8394690530516307 2.057490076633581 2.2884698777440473 2.223604227884125 2.033141159350169 2.0635219829513636 2.370714772134959 2.588837582691331 2.4599203844430066 2.1696217770453616 2.0673413058932595 2.292802383174348 2.7493030169995847 3.1329428224377214 3.143250197818709 2.9254315421957537 2.788869471670184 2.8244212851764305 2.932128581082423 2.9165284439866364 2.722829103293232 2.454331860903126 2.2057819296871823 2.3584330478257263 2.342482701853537 2.074389465308811 2.265616296078583 2.4557225210197604 2.1704167031227244 1.6913924711675326 1.3410516254833504 1.386476887958365 1.67444540433852 1.8706990269721604 1.8388192166813093 1.6550127872586329 1.5895466990348608 1.6553456145308132 1.699287624984699 2.063331961504188 2.884853550380186 3.063956653724675 2.813994485912959 2.697802409576011 4.00164412925361 3.176381511454852 3.172743852135735 2.873874979311107 3.221442097720892 3.4539626580865295 3.3838720973323575 2.64779246133194 1.469306650324297 1.2820887517229163 2.2511790423408136 2.255404132582698 1.9552609061649386 3.099869318022621 3.6467417725063225 3.191701704881446 2.6084683078065045 4.29130707376715 3.1893775860406035 5.463150257325231 5.125011281483559 5.364917122644929 7.406449292682253 13.20368567627429 1.5108564357553187

CCA>CCT
11.564330874063419 107.77422715549788 62.14767171643047 31.46315782515803 24.606002486845732 28.551881134306853 23.591218182431337 19.475613092191335 13.935146098346735 16.19386037034537 17.679451062112637 11.58020845174194 9.50796866311454 11.513293997059474 12.031985287684517 12.119803010436085 11.46462488277411 7.641528905369289 6.209305813599424 5.343359705969954 4.754490913658733 4.514255102581036 4.234208168446853 3.9590597706257826 5.011812310852678 5.547452507171918 5.2984224460449525 4.8431341929089955 4.4392239304936085 4.424641374252895 4.487028272004628 4.104896895408939 3.351786712131441 2.728689307542587 2.3522113355680467 2.376011419681367 2.3982080545168007 2.3668863785765595 2.3436235019774925 2.3446469934489893 2.4827074110889127 2.783885549631739 3.0198736522204976 2.8593795139092637 2.4724742313316037 2.533906369901589 2.901974347008442 3.151108132458175 3.0055212958230966 2.909727369748835 2.520151549639873 2.549253037413375 2.1866794354058183 1.880887316123815 1.9728373113981126 2.3138287357919314 2.665408688979136 2.7246038853404873 2.7707662049723063 3.1183044974752354 3.007346327335206 2.358551472205648 1.8570328978240647 1.4127980734101673 1.2094021405651088 1.2580839796099803 1.460899186873355 1.6309044899941973 1.5981149321491401 1.3767144477688538 1.1567097694800808 1.1002989644040269 1.1840801294746504 1.2597420705141562 1.2512249474144184 1.2509510436146034 1.3610445715109183 1.4938812032266666 1.4782638154005312 1.3011644380561613 1.098447472152625 1.0049658282899767 1.0953730582619075 1.3769857284627118 1.745184370690093 1.9288968135463036 1.7151546741113004 1.2774652567149885 0.9719981706996522 0.9472626180032342 1.1615725998305044 1.47716360262962 1.67179832306929 1.609744466620302 1.4084385134006898 1.2875623055701622 1.4485478692421374 1.615632174487112 1.408384712475 1.0821780102343446 0.9758072974438057 1.0356767912111489 1.079918142810636 0.992310151354845 0.7742665921728418 0.5736826287430774 0.6179924411170998 0.8853714563102056 1.1132738897784002 1.2100574746949224 1.2106886419131546 1.2545224063305165 1.449467432903487 1.7182857977726962 1.9012520038730012 1.9267134251174856 1.8413423398966902 1.8108407398977997 2.078661639446355 1.9250601399624416 1.36124744343296 1.0166949373769887 0.9888115385363718 0.9854239722311839 0.8221371323650165 0.804012858058828 1.027463216146705 1.433688704430036 1.7339435299659496 1.6056256635498687 1.1509040687324028 0.7249206001051974 1.0945818343455596 2.194377803016958 2.239151814403113 1.87257855395911 1.7450093406267586 3.411959056329883 3.768551872305799 2.97263612289173 2.275932932251562 2.4034658209354607 2.504328728894357 3.151434142171148 3.4311966931633333 1.5497996520058206 0.6402867805091721 0.22347937651439134 2.300122757178119 3.397358030128459 0.3551112823275976

CCT>CCG
4.031906048280647 38.101854702342216 19.981780868164158 17.162930323384828 14.990937349489036 9.664507822183479 5.543666829227829 3.1797316772137987 2.9905766237227187 4.1251452045572545 2.9761322306942946 3.3457687877375597 3.3080595062010576 2.58089051816539 3.1498415159347792 3.8468765272167245 3.0860284002932854 2.5496499870293343 3.251767759099951 3.766102243353896 3.4587683852171964 2.4804196617604086 2.1805363838266256 2.079725907192903 2.113263903995631 2.0902088662777465 2.0229338394495873 2.0409627068806167 2.1988342167640766 2.098358090347815 2.0870702982433453 2.3310892039910383 2.2494037378276506 1.6741298032095737 1.521689541734495 1.4972312174369955 1.5279069294182976 1.5383555376142677 1.4070051828648849 1.1182431164687077 0.9164472269775299 0.9145154527221466 1.008089551850074 1.114479067318774 1.2266623484587846 1.3976285511350235 1.652464033481312 1.7634242104953477 1.313715584720437 0.7622504600079508 0.8470437638692774 1.138950984126117 1.3245300072151798 1.2273360426537474 0.9669140564934382 0.8133077020254901 0.899285863764392 1.1162351149438845 1.2670950901513776 1.4107209018791893 1.6095646225355733 1.3780649375595306 1.0231672311127915 1.1275799761633178 1.3641237325468616 1.7917169959056818 2.0951347846395585 1.9718468127457105 1.6384421812249021 1.265824894047741 1.015252949279243 1.0410761036529939 1.2014183651814445 1.2961457815095059 1.2352705007481661 1.1146060271425582 1.0648900929477048 1.6111765990244455 1.6720410227148454 1.363553376910959 1.5778981890996668 1.7259596110455921 1.718140396040182 1.5419656479344797 1.2736192209272856 1.016772720198381 0.8211328351008153 0.674865845922417 0.5595051846540278 0.4847431545453228 0.46899635338213974 0.5009963809663941 0.5424097664880918 0.5789374148812673 0.6819933912021574 0.9512746889240324 1.2937713748121331 1.424251951744433 1.2121398505297292 0.8457278267897913 0.6706861206785847 1.56419104337352 1.6314679893303707 1.549626323571439 1.4964034212901625 1.2993943193439006 1.1068686659469404 0.9649722857762517 0.8819801016064179 0.8286236004086747 0.729026874411814 0.5511510390660441 0.3842367308584035 0.41113374006514963 0.7120076080971967 1.102967467385664 1.322401778821806 1.319291160394806 1.2677857156920285 1.3260902703106296 1.359370250991134 1.2039257339658995 1.1499587818722457 1.2600915527814784 1.1846505867599557 0.8337174635002665 0.44458805626565706 0.215410188998862 0.16686810113260128 0.452172850351234 1.161384463392739 1.204884935114 1.2669588088037431 1.0001852970761504 1.064879287653561 1.649894499168564 1.2485053810655764 0.5624171100722388 0.3874281976551223 1.684260714000717 2.6321049836211814 2.1928641537074554 2.5263885176970207 1.2362584789851856 1.0517890195257704 2.792762144373601 1.315716400182044 0.3586445473086742 0.8950732714199523 4.8059254584560005 0.363228245786119

CCG>CCT
19.838012718973772 180.52815488992522 94.50573238964945 54.50705863568706 41.31302662839421 32.14357524693309 26.80122727821121 28.758480618182478 25.23108039108911 20.212297575641625 16.805839515049843 17.60785568837431 17.27529416671667 15.867816147786671 13.836282787568654 10.060718014216045 10.187364058568411 10.943671019204102 11.891180900584105 13.243601598469777 13.249285766518941 10.56867851540641 9.91936029494404 9.43723373518972 9.730093557519517 8.384982308810343 8.079621006756204 4.760072214178758 4.196084300326729 4.928536630006747 3.9464569248083405 4.316437630577403 4.588185726483754 4.9258783119734675 5.512751033824473 5.781096809479759 6.492812499799609 5.773310928579494 5.944852554759068 5.6070231608867145 4.336577647484356 3.8481593028604366 3.308072454579818 2.811222426259388 3.856168021194476 3.0459545968902244 3.4934028619525184 4.04833319127746 4.289721319683882 4.017124605337314 3.5874131584302553 3.316095559971961 3.2269765635645764 3.60403891559418 3.8868145721565432 3.829134466594567 4.322629443965776 4.788425964730214 4.51976392249627 3.6905270201833167 3.1382382648240834 3.2595622171281122 3.3548570467484393 3.2993204536852776 3.3161689627048174 3.107091370901737 3.3438243427544974 3.230661749706805 2.33353688472252 2.0376180297233324 2.46518343611005 2.7535620323081185 2.670092852087918 3.1239860213913473 3.183458179249647 2.9555826805584933 2.858986255439579 2.9160781109606573 3.0557499339972773 3.1310783908871125 2.93001969220494 2.507337256876617 2.0791917200918406 1.7632350281563465 1.6604452907754026 1.7672880589001876 1.7983793989106778 1.6836696917151153 1.6709023806376793 1.8235600752042256 2.003216858711365 2.0750544220637805 2.010346262485026 2.279514093071841 2.271479067881204 1.9403216015888003 1.8729336919045614 1.9322567307315381 2.108424808336578 2.453509672149188 2.594480548171861 2.4232920080400957 2.309742391338197 2.366806820681501 2.393142580387334 2.298570229208824 2.1205399251227535 1.9300418089659273 1.834393007127259 1.9362829002996402 2.241187034292933 3.326199396331343 2.973970249652192 2.513333716728915 2.0874515798972006 1.8760381319333241 1.9264109885314442 2.1026557116072 2.1751757060992527 2.0442680521511685 1.8401078387668723 1.7218424062134283 1.6140054007945557 1.3499486398300435 0.998041431320635 0.727446299372649 1.5918939589311314 1.5910370591199732 1.4361012001205538 1.7541701703874026 2.1163017733180327 2.76266613574652 2.7227445537658297 3.4206435190123687 3.049601927719809 2.0809974264096827 2.8191178632149136 5.478699208043539 3.5738531936428006 2.4295298561501384 2.0443164310914246 2.465171648548437 2.5486410285617564 1.2458015226551076 0.9440356231411027 2.579020688103777 2.1688852646253474 1.2110132990400535 2.7782855244382922 8.85423671034885 0.9145563974470402

CCC>CCA
38.119431141470415 345.74988192245394 187.88058280072434 115.05086718680938 80.56919301118896 66.3770447764765 64.23214670256608 53.90688859365113 46.989882454799385 41.34068772992263 40.380457532151055 34.75975299242608 31.15165933946906 26.152971461041325 25.383979011996214 24.321999719929675 20.846386891983347 21.829475049620143 20.225992602507006 19.64117082068481 20.850504221097992 21.17626313917442 21.352649624783037 19.942716399797614 17.486094886541196 16.25680439199752 14.575248461568782 12.873052015588774 12.165596874959046 13.813564533125534 15.162984123123923 15.844845531960551 14.08700261124678 13.906407497482792 13.035890640451951 11.939853551749128 11.613497546149855 10.063645557343984 8.14584606375475 8.124414422332979 9.254676921055234 9.566717459088299 9.540141491745565 10.506043266715585 9.625209734245926 10.143216426194652 10.291553896260167 9.684316819679495 9.278000757563317 9.052258629612105 9.630896283526516 10.277582715897138 10.035740654034923 9.431343190130821 9.359961857092273 8.926717059174292 8.028189071724304 7.793850015178849 8.117101836503796 8.659973530254216 9.352595297959597 9.516435451752347 8.810396008597463 8.64441219560771 8.606764661189125 8.731433956986967 8.744153761702462 8.79911133520266 9.14886475451671 8.744946370733766 8.178175182844637 9.281347035376125 7.830483343718198 7.490358414243142 7.435793305523641 7.367153425188854 7.259737071657554 7.109749999379909 7.3964783080361425 7.716671000880868 7.617520668543507 7.490340305949509 7.197996636349341 6.898563605143118 6.725871328992375 6.550816760781921 6.456206026924439 6.6824667508482785 7.168352359765445 7.446006864675542 7.31490866300265 7.01665400672994 6.888351687701198 6.92095608708699 6.824931638614129 6.605240031107185 6.652438310763358 7.111272675311785 7.778071568909201 7.807600929831535 8.058586514143634 6.244941036865229 5.92531090743306 5.8411886002586755 5.6127172878321305 5.687586764846344 7.010999072747802 7.451689963773695 7.975042477364598 8.241433819917726 7.606074363391536 6.409563647835158 5.453178822200617 5.677083263574029 5.748800940728422 5.960542027134059 7.470834744825258 7.593391168965656 7.927590881295025 7.772318620251726 7.916035914002348 5.88713922038849 5.129169076815437 5.183051850973232 6.226728664556698 6.826655711313511 6.504137796341244 7.073788938419219 6.644582672904127 5.618845029443664 5.485007961712743 4.546385339115685 4.9639267902666715 4.837825549169043 4.382505034896909 4.660933744776892 8.344943928599719 10.031656890694228 10.439801082651526 9.948553853237033 8.697461694430203 9.365712735519645 10.537871004044707 13.811492142264326 12.32163256715701 9.990581192707253 10.405864690995909 12.650967892956714 13.715837280295402 21.760787446986065 2.5707881370712085

CCA>CCC
7.770613863121131 70.87860485147603 40.502627285292235 27.906561703895438 23.262026219974555 12.780114506818547 11.93202547238524 9.996903483702248 10.104537949666735 8.023056208718172 8.646209628562728 7.762283766371068 7.561132877569274 6.16573097112517 6.195012837248185 5.625831842028472 5.367315092227763 5.715725059172437 6.328690264891785 4.553776525000407 4.3003251074674065 4.172737168442982 3.441054374389885 2.8814686864142294 3.0009003402693324 3.172356171618096 3.3697586231306893 2.9727537262814043 2.0009088470969028 1.8959924710645817 2.1611583430783385 2.691408504090552 3.314217912569721 3.5391735082361397 2.771607291061079 1.951815291416133 1.8586537817028401 2.059520756893111 2.538573743638153 2.8901652210203888 2.9144853097536725 2.5558736740105283 1.9187983086912697 1.4538366811837675 1.2957497368683462 1.375082523927266 1.573259582063769 1.7769078958813997 2.0354459331176127 2.3492836589109514 2.593266428774151 2.8874697317219677 3.1471892002536555 2.796125519303231 2.0735762997173346 1.613005542609827 1.3556540236227916 1.3000287223377116 1.3189574132438198 1.27601440932215 1.1373050722301756 1.0205526243472565 1.036760684282395 1.1190083848632095 1.1167140582805797 1.0168546371810703 0.9481367733349833 1.0111851391935578 1.2010981459931922 1.4117099335163399 1.4789544621279052 1.3678614250987746 1.4884196562633756 1.7509959777331048 1.567468808311293 1.4346888257389678 1.594039884066574 1.6838291362706084 1.7442794701595645 1.7620482389073318 1.687529672120864 1.6255870196376294 1.6852079515288467 1.845074909586899 2.0778946218296865 2.290522719757507 2.2340528223839597 1.8970276206040617 1.5241564284296887 1.2629275218029417 1.1265491109676298 1.0563100973969952 1.2465902758449436 1.4356839833626251 1.255871016676654 1.0143741381532234 0.9388160292843939 0.9739880994956176 1.0650407367246728 1.1517023702869769 1.220482381256239 1.5572264155778657 1.936313781692316 1.9044811474764471 1.6560825969533877 1.4973281981835105 1.384573783061356 1.2546287433162542 1.2038952317383838 1.3487355889281434 1.7463669572563583 2.1067937671183303 2.0550260818465134 1.7149167358569746 1.4106852575781261 1.1637585366392362 0.861934466377553 0.5346282190612885 0.3429313499424725 0.4206685584860236 0.5931589419216212 0.5688509008666135 0.6642165275362953 0.6144100028633213 0.5699359762607112 0.6244239156618098 0.6102077322439378 0.5483752914952513 0.5599976182376363 0.7193593372484123 0.938408585290224 1.242782244201779 1.19967127513347 1.8809456315132929 1.6475711119503096 1.4554428608561871 1.1410944004324113 1.3571175101174684 1.476101835894577 2.0218177641185067 2.267766802935372 1.4729181146452759 2.2367752704790838 1.7951021155625368 1.3913885146288367 1.191916861278307 3.696534447896481 4.161088697396618 6.12108764973563 6.138978395447346 0.8109365095830294

CCC>CCG
20.979407644431724 184.94863549975778 102.72033773878735 55.89795633332472 36.986749787930684 34.694391080946055 35.76538118213141 23.159830145996654 25.435818784883374 25.924466610287624 22.37093451798945 18.167066874466187 15.546634577414586 13.333790159927423 12.343700043820693 13.558487321870441 16.24290091686929 13.16578184588467 12.122320642015408 11.793669476553285 9.336854624993343 9.756447784710758 10.619816604394693 11.644405906000822 12.39551886715448 11.13861325385825 10.14523462850202 9.09143053568718 8.368845595943423 8.166032565871594 8.202247465581225 8.384026063127717 9.508287068153475 7.639063411397727 6.559918187665189 7.480247595805417 6.758760405558959 5.412066243323209 4.944445834082855 4.576897034055219 4.562456485347404 5.081938319126223 5.4390905200501765 5.529333849469546 5.738852129907156 5.866112941274317 5.704512677009592 5.47132406186075 5.41002868637699 5.113371014135156 4.627244591444524 4.155726804829866 3.795073613002819 3.5517584793028747 3.626504764185387 4.193297280477301 4.968667623596985 5.618235757118957 5.930867671093248 5.804455850453956 5.395205057803978 4.841867371616173 4.347068255998952 4.149207047989124 4.241483576778582 4.320499671187984 4.102822134197558 3.9533634289769872 4.247007371209973 4.586209816742713 4.44371224851158 3.7824510470435926 3.0898767406444114 2.88291528595758 3.121822288936856 3.4694407996372667 3.8312397986573976 4.253087024605049 4.486981910246858 4.311053292686495 4.074889250837217 4.123213841645596 4.3306060919543174 4.345049445828293 4.068697333208148 5.075264444600207 4.348494259812587 4.3375669475444925 4.363626296569008 4.673316404745072 4.78952418935484 4.3893971371977125 3.8956663421570563 3.6119502298293997 3.230993559169746 2.8337161534947675 2.7976131095162162 3.1819350031538485 3.8418821809058943 4.471966724313981 4.760806503740957 4.746984303689403 4.7778524926578525 4.682742823598238 4.129470404505965 3.4894682153228076 3.305536098395351 3.2891067275446733 3.2239748995670876 3.3894045705201483 3.5921641519513994 3.9241443715443514 3.4165382349491056 3.102807820703142 3.0691698694347296 2.8064820894222113 2.6069000908494115 2.9220918627972856 3.4244672332048642 4.181710785435074 4.099472554510593 4.190610381089083 4.092971693830059 4.173027820797736 4.48127000813884 4.07729958000526 4.704267988971905 5.442463835502647 4.863750300996906 4.001561423318439 2.809982111648049 2.773757742473674 3.4116032875056046 4.397695643444248 4.2454145435488435 4.642946373956854 4.604610069492169 4.416482507469105 3.966686081774601 3.016750111725304 2.9010442941253887 5.298424433796843 7.052191661682328 5.298290575197774 7.471135455841529 5.201036920814248 9.241288645304552 8.53800834776739 7.126732253253521 15.760748139617103 1.7376945660782093

CCG>CCC
13.770460052237098 121.55019909488888 53.80929007217371 39.21606115133248 32.13120446823037 13.710490617692583 12.009147480958239 11.788796411626043 12.184192637587975 9.445160706802666 9.10011630140227 9.209344494632562 3.858105140675359 5.308546052771397 6.943833122648283 5.9257189652613045 6.093057016040184 5.219986279140161 5.199140468327934 5.557562946830841 5.2922822789621415 4.4613325885875845 4.666846715394956 4.180662480580303 4.388706535481232 4.291108714539692 3.9087883244720003 3.869635377576791 3.1714737905706847 2.285529612185818 3.366591814243747 3.1498511875062767 3.503780622646098 3.361785933432073 2.6242204368631796 2.784481410704431 2.984966306006895 2.9888331113284488 2.9124546479276874 2.972984955992445 2.8956878737173533 2.5908864288336946 2.290058767179553 2.1312692192086007 2.12560008971237 2.294376462118652 2.445001348065168 2.257308505200769 1.8741848959526561 1.7492028966542819 2.04042623494082 2.5788031741098862 3.0561221788364636 3.210790583594792 3.18866740587596 3.3210175442742855 3.4069901401097815 3.1173635340466874 2.726983789851774 2.4443523492250345 2.1947790891163796 2.06989414106474 2.1331958354171356 2.2973594824616788 2.406412030134285 2.591985930729429 2.832870704406221 2.6064461010178714 2.496074323453864 2.803231543552662 2.6675349086214184 2.4657427340066054 2.416217455970111 2.1703852545802427 1.8561966875246503 1.6081732025482487 1.415840105666092 1.219194540472353 1.3205799641787628 1.5283685654516106 1.5382045360108232 1.8564177409934142 2.3172261312762337 2.4691946305796773 2.428389075265818 2.385338066298535 2.358324980137065 2.259247600660313 2.2050412416425735 2.333616535532217 2.4525886352547484 2.4051568734204927 2.220160680443364 1.9806781161423583 1.8829123046367957 2.006581966806015 2.07999664388747 1.861358462434042 1.5103646572583778 1.7431984148567155 1.785185032863076 1.6200479229057656 1.64546224060794 1.7647931833550172 2.1095803621942935 2.355630228427588 2.07556548015953 1.6017684999785806 1.3487689462267387 1.3233135465770869 1.3694074970114298 1.3631438731366852 1.4370792590790067 1.918291303146538 2.6492950998454545 3.034492900609749 2.7814494162055086 2.1165921327888415 1.618284514329791 1.3970796900751499 1.4500727397702284 1.7715901884571197 1.9635719082270497 2.6940824707707183 2.096538647895941 2.6634438056685763 4.507232853388318 2.389376814417599 1.7362074154776863 1.339412955832957 1.0248396638783852 0.8944391637942718 1.215918078538165 1.6203319182133153 1.6848686152237846 1.367585900360622 1.9166150628496947 1.6750478952379098 0.9923986380611702 0.8967292378610913 2.014874792879627 3.437517046558696 3.1632468693303206 2.0394610540747613 2.1927086639501843 2.7478093251238036 3.461810972967499 1.1962443798674194 4.812173156486756 7.653315768673244 0.7289992249564481

CCA>CCG
19.178964177034672 165.16165776300616 102.26513271749695 70.46006197171303 49.21892834230838 36.665335180131436 23.458408491659338 21.074878536272944 15.985645065236564 17.7540713935851 16.176794387631748 15.655808988836647 15.913952490177714 15.549242004145686 14.00039602377623 14.89282014528121 10.160044537164367 11.030402579769918 11.801805719616514 8.467083353418206 7.511540914817831 5.584747695835505 6.794245509774491 5.764857874360865 6.400453977153707 6.626982688430685 6.647597630191283 7.209432262758759 7.375107707456421 7.4127940140237545 6.712054924429836 6.685999427946401 7.097356921338073 5.958115887637635 5.243649474075868 4.7455842192741615 5.969433264178786 5.876707044292038 5.398579995446079 5.188117746317976 5.267426959416648 5.277959049225592 3.6207053753699503 2.9581197863514785 3.4380411569780813 4.438043392646189 4.67273101124227 5.728287871786967 6.3491118597952925 6.212768683981233 5.703927905879083 4.894359980998199 4.004834640796375 4.022506376119225 4.516233543984352 5.179642146484719 6.064282269185004 6.382583725001816 5.291686180426833 4.606731020526445 4.225492998486746 4.599231143821434 4.6971330003812914 3.893987094294884 3.709041597752128 3.4906169020978597 3.2621509057238325 3.134551307833927 2.92930008905797 2.615403257985222 2.4474398986206842 2.59537259192198 3.1324916026453837 3.845858373518639 4.482490926704256 4.654596081789426 4.081729265708634 3.437669572200632 4.063821975481525 3.1691186546110073 3.4869268777647444 3.4055312503979005 3.2729601137286837 3.169880452341523 2.9788349520326194 2.986157547907145 3.461039719555236 4.0804203091519735 4.328026518351169 4.333727796388363 4.217872216227849 3.8485974370564358 3.553037754078532 3.6118609314130987 3.6210963499576367 3.1901289781969218 2.5409038603625436 2.0755664867913777 3.0434209294850794 2.3602542802977107 2.6198251956780463 2.5623671306151636 2.2876380499479287 2.1074367964323986 2.2788942700266643 2.8996593421683725 3.7550348759493497 4.046008543899912 3.738267055934174 3.58566489968171 3.8448067713254814 3.5429785850297217 2.6906651082415487 2.1164023562998096 1.9225830701691595 1.9723411319191468 2.4745854236661895 2.391395350916584 2.7263151229931624 2.240601857175371 2.331527074387411 2.037760298444728 1.83374536183297 2.0815939836950172 2.300656608860817 2.7189607356230256 2.345382903447612 2.1799189527117315 3.029027112943895 3.7875993572587605 3.4282402612289715 2.7620625826637677 2.602932105771412 2.3777482716304523 1.918146389739975 3.956188464460324 3.4685247466391833 4.037673592978824 4.491316600933048 4.669537926266299 5.530640717361543 4.289896703915861 6.0470773044908235 8.398890509102142 7.57257922193177 8.393863015700862 8.673777423526571 5.856593264397616 8.124279177137353 18.499963804274294 1.7119066022503213

CCG>CCA
50.43333998936869 462.23652300372055 283.1163034329368 202.53695122867487 136.96189804435969 105.4207695415081 90.02138767251847 80.22452227994143 70.08071793603183 54.03179695894799 55.781167767156134 46.107786603973175 47.299532045771436 44.74219659797269 39.578904202395734 36.64629775313618 36.56172099826716 35.41659271733139 33.7472617532451 28.56963983853411 27.804867672194845 27.056110157060537 26.926611414938797 25.57829935446646 23.202716296157725 22.74611829454642 25.020896705381652 26.504813621154376 24.893077576204934 21.641353420762602 20.189941078097164 18.749364352731085 19.091197849325084 21.139132259720117 21.12034616576427 17.310809340059023 16.950165971506483 15.963163051426065 14.830492876698257 15.192822815456545 16.18490784544467 17.323107593903686 18.17196970109648 19.229167725430464 18.223184664413957 17.651595742864092 16.867804011843763 15.800663586691735 15.429401896648335 14.619211513447956 13.891275704044848 13.189991469320631 11.688651127743336 11.491722832001125 12.04264503061882 12.494021741518152 12.303306802992589 13.22160659611458 14.048345806824162 13.983514364047455 13.152316677207669 11.82673512492678 10.345677508235033 9.711570657355367 10.185451498997288 10.86770135943791 11.539859928061857 12.655011873828355 13.41470341529914 12.49388065554132 11.828528532478305 11.91228252618055 9.488621193165752 9.951191725346577 10.662526895375828 11.214284284838184 11.606576230071644 11.6166829410665 12.201605989281171 10.294821107680217 9.630637661779875 9.227688984207349 8.6284288067575 8.669704843510196 9.352097424410767 10.921997577677393 10.302103035172655 11.045414771375603 12.191343664855342 12.963235567268441 12.88562637500952 12.116085531520428 11.229384172570033 11.272543133121903 11.729079991221518 11.693195434986992 10.916765796273154 9.576378862494181 8.150636482252855 6.986397017667352 6.8710463159792 7.007771036800366 7.648072085741823 8.281194374852126 8.85680288732669 9.893875249939052 11.5338468160839 11.041072078371965 10.034888774944102 9.674599924695524 9.85977222338461 9.90527161409854 9.615393863455543 9.29451558766883 10.043570324992627 8.89344113919914 8.804846512128018 8.66532276537375 9.035061901237825 9.37060480796611 9.340052067425747 8.608096439544882 7.347265428572389 7.30961352676215 7.694743471866936 6.87368482107752 5.9102919328705505 5.977228453987015 5.787764906895812 7.771057458926873 9.87968989782309 9.790766395998155 11.266316976872993 9.709693268337116 8.419874879196788 7.54876061466123 9.919996281213283 9.518429283743703 10.205828176380319 10.36502976280628 9.861174080464755 9.775420328656192 10.272850608941434 12.611721842450113 13.897454316825076 13.681026254283129 14.918847201140135 21.781034393070197 22.583584928666056 30.210046931224095 3.0892031301129395

ACT>ACC
7.298476945475318 78.57137852070102 52.55829081485416 44.37342625792017 28.315098007115328 17.996064576594044 14.099027544530962 14.779916368162262 14.764181647407293 9.983177228284362 6.937740653865557 7.531828076878629 8.059665318261342 6.435110086991083 6.284789540318229 5.442699248582023 6.12529343482157 8.034895987528271 8.217122989310042 5.889303435377941 3.9183688181150584 3.78962339917952 4.360280545115193 4.703167760402153 4.690155798560883 5.209558659103413 5.282097620228059 5.100041179364421 4.691004631088282 3.7774436967884686 3.584226722380176 3.714726484136073 3.8266066457218124 3.8195293283224827 3.712733660301341 3.512914494308966 3.3476916333584135 2.97427390578793 2.150949315609387 1.5110271346611883 1.697810799313887 2.081201343261975 2.4137793627820265 2.5428138361207107 2.7312896628342256 2.938794291668875 2.6608621942684985 2.0438904365837476 2.2662622743624 2.2724504400466348 1.9965286815188208 1.8369238907570786 1.904656181147496 1.9714931160251066 1.9212835771166084 1.753003758293974 1.6336027444336774 1.7871298206692807 2.2030488592219504 2.603847787466196 2.8604814780010948 3.0613875110471693 3.1144863646689203 2.9354098265572848 2.8207641121192055 2.857855298568279 2.6969796617309374 2.4163763087647814 2.340672802975763 2.2938103098571423 2.5618959904021357 2.407470112521454 1.7564257844226732 1.7457797239452921 1.9248130119695364 2.2234427879487333 2.326517443236547 2.1774995367168155 2.0939116713947725 2.2790096207620354 2.6215435709752417 2.8085041321726716 2.6633698474245726 2.3623509270073124 2.093868541205219 1.8871672404793727 1.7926622727509052 1.9227166345679985 2.1260766093705805 2.0337632146956475 1.7107454091906282 1.473272716966504 1.3624903488939137 1.3187308443570982 1.346218839763265 1.6712377344222848 1.896980690977915 1.705780892286861 1.530729073167384 1.5854047157744309 1.695037323627362 1.664775614825262 1.464008416397788 1.2605779586055572 1.3382940665091065 1.7434624528523184 2.134583207314671 2.2739579908573173 2.311698039650807 2.438932022923856 2.5420283355810085 2.900848427890708 2.748611535951071 2.2697366589616585 2.1002944066910247 2.2184570348519257 2.264454969508221 2.0347925245412557 1.64047598565248 1.2892867283914002 1.0482201608910935 1.3571309910922063 1.922060404343034 2.246374952387235 2.264205411022832 2.196584016181358 2.1584202252697136 2.681075570302184 2.171949314853695 2.342088518534559 3.1592030979726298 3.5891270527369437 2.934428045893131 2.0965395912004396 1.7502225058699934 2.2508213222077713 2.6861679347700074 3.26199636111281 4.062738102559183 5.011159309244265 4.923357565048189 4.190890422160207 3.372275194118367 2.127593295360706 2.713341633895602 3.6921958395771366 2.0609021603121773 2.1871980889608413 5.207013965890064 11.347651393736495 1.209569063443972

ACC>ACT
76.18704189059838 692.5077518897782 343.9218741907864 219.54482884127597 158.95393184488225 129.49262594268816 105.93962510030939 103.07957521434403 90.06449402366142 72.12716109035598 68.4917021388672 60.0210419686278 55.86919157306557 48.980799528158585 51.102760675346126 47.100822712813255 42.028041753110955 39.34220240940651 35.06975182543778 33.83021102744977 34.2588504405693 34.127714758307135 32.837688122796024 31.328070121981433 28.429226681756383 26.746638453665312 26.77175836511776 24.79371382823924 25.24190431142474 24.869785055814646 21.785876305905813 19.686598493456575 20.499528864567345 19.268919341093238 19.192438521864347 18.53081668408998 17.316379687367778 16.484098489504273 15.779382386365128 15.35068127912086 15.806218006584196 17.568921438195545 19.217632364568075 18.262832719421585 19.354297389728977 19.927672513364378 18.599638972719585 17.38951869931814 16.716370871664285 16.96111141369212 17.698633235719374 17.02683850960704 17.31099503511664 19.076937354599913 16.06222122246323 15.49780890298784 15.730595625177457 15.519606802325232 16.01037609492046 15.072232227712066 14.759955138173552 13.506856717281407 13.173605695895718 13.054174567606893 12.756861751703202 12.585213278767062 13.270533990473458 14.096835893637106 14.375294934233505 14.10335256188665 13.453787253921378 13.397370085651954 13.388164139078924 13.754781219843986 13.71664643693541 13.564798135499782 14.212959215268134 13.370842758189898 11.761309911275902 10.819456735775377 10.122736027465 10.206492210430085 11.107321684251142 12.448629633101707 13.177268007411675 12.700502193542384 11.88470617504355 11.346614539431751 11.049387137733302 10.845465360283022 10.907040838383379 10.81263101096157 10.433172750091432 9.797194043905378 9.512141988977001 10.133193530878138 12.725856581949525 12.354236864057247 10.98556085030204 10.8258732637391 11.038592841965292 11.330811696298701 11.113296011710622 11.244847205758733 10.648220887838495 10.08116862433111 9.676242005517887 9.343594210886604 10.251804724702247 10.314588574315096 9.897105117319626 9.477034074308563 9.538918463650793 8.334504804617632 8.747427260677938 9.128701667146608 9.142042812032638 9.211159176302985 9.326749006156062 9.786313566464026 10.66820400229709 10.14803815220244 10.475541258745062 10.717217411697952 10.888682997487777 11.665220700705746 10.679110982659001 10.051845030515466 10.879892310516057 10.742084599008011 10.404872200645825 11.87115811160058 12.868405710299243 13.3232828180693 11.696842455287234 13.528442865317341 11.887539436511917 10.05705614070282 10.81427650054752 11.548416477688368 9.619068389399692 10.716500654694418 9.468452647934415 9.265459210030414 11.979557146632796 15.424088131509293 16.44931408119263 17.51990283366705 32.26223529932708 32.00250957830219 3.478868785908775

ACT>ACA
15.115227144081626 130.38513959738242 73.18975190643651 49.386921738903496 35.56176662577316 25.39480373375431 22.329464171754353 18.328095258332553 12.070589847445527 13.390440086638764 12.984231175421145 11.58580825079027 9.830157313738527 9.248724766245774 9.40724035640191 7.691245915024223 8.632644010316925 7.342432653695683 8.873268604639396 9.175328643776874 9.59317451930439 10.795785739121955 9.506583835238947 7.978436533475063 6.791026578839703 5.901201357429148 5.465086046060771 5.69563750183961 5.81933361754587 5.56259131223445 5.652009395823587 5.616110610740922 5.235521074823769 4.6662477266133875 4.3125466900411675 4.26306002575241 4.8397345655570465 5.746730870999674 5.739706542715333 5.241308315541981 4.448045346313814 4.043950292171943 3.881132975718334 3.6903835250149974 3.5795539954944116 3.6062575541904 3.6136701676420175 4.457554309513764 4.24830374737792 3.2180853654906043 3.397585675862452 3.66382571613765 4.193305572069959 4.9885639073261725 4.96349677364495 4.199150891232 3.876896139186405 3.6171430649155694 3.5348239813484907 3.5304552975047097 3.557217528306276 3.620218392847063 3.6451589387013525 3.495680035328706 3.3374627171625293 3.3796726818681133 3.3402169979199554 3.079173072946403 2.931718017506255 3.068845754174294 3.198306257344294 2.988437472498999 2.5638707053147303 2.3454574798213104 2.4969991126889193 3.0179343752177763 3.3306332099029787 2.9344394016151276 2.641858180895356 2.844696538662701 3.15566122135857 3.347917054719708 3.4090179166065604 3.5186655097134847 3.7205109026429906 3.863352176143473 3.913402239152196 3.9569969164884267 3.985337971363515 4.230103881953488 4.019021001392409 4.247920668917987 2.758579400129623 2.7009679932307815 3.316960612155587 3.6329215942060715 3.2164759324684287 2.657221567957985 2.2039775495151948 1.950259846803034 2.0230244798884507 2.961424248901549 3.547004501868436 3.488949011901751 3.2217323837501723 2.7714845914710713 2.2922527992461403 2.136298086604292 2.3761791203887985 2.5746143114177964 2.808888332351616 2.9061547937631595 2.9553037658653496 2.9263014036999926 2.51599279692447 1.834790374340103 1.2614287481331772 1.0818569593197538 1.2730319773729346 1.665943208906707 2.028711743705772 2.08126285672359 1.8597704038693623 1.765135432789925 2.1548391774050084 2.658558149278404 2.8392192985000646 2.8338553796166663 3.594838246579977 3.1360761848064564 2.553605445951548 2.5295136492993406 2.928261750495541 2.829670001675999 2.3066358312691806 1.804288735999779 2.7493036663544963 3.060362019169072 3.839061298486813 3.505882930610842 3.1445208015031842 4.395108849339041 4.5288891284240425 3.0249490106516816 4.495041253650786 6.013216252270963 6.227986993596395 7.656283149945823 7.812611635244766 12.837154655280527 1.4621623853373624

ACA>ACT
10.241465763768705 96.51182584077563 57.20376522760052 40.06657874920948 22.28832260326739 18.91319847042132 13.694426213014783 15.973701669177805 13.707704780137867 8.066942933967464 9.55562768740185 10.622919029311916 8.648177027599719 5.023931961026378 4.208322688590879 4.304656178505801 5.263976507738343 6.031342753426019 6.029439726169071 5.770084977157969 3.483088922970157 4.428486075930924 4.272172767653232 5.033430024550991 4.083202899675174 4.219447349699484 5.443543018040522 6.264647233116855 5.621089844242529 3.9102817779828647 3.4973047676844464 3.3639396859417356 2.799881377662053 2.0589059467215343 2.2887309139068748 2.811454525559783 3.1146514478956613 3.022656193647973 2.73113355581907 2.6559479442483176 2.9339934054361954 2.8068042443050127 2.1614386851252814 1.9245073363854894 1.9158381260787887 2.147851494536887 2.552586591500874 3.08178879444308 3.651446005394489 3.5293331415452442 2.658944778851567 2.2404876511527774 1.9481792753018417 1.8840203244065967 2.071929268801416 2.3421650292642373 2.559506393153929 2.5409086086939388 2.3496196553226785 2.4104370320241277 2.7313849647601844 2.9116437155515307 2.8105339831257603 2.6400287588033207 2.6314377947241727 2.721144788790358 2.74750777263134 2.636389790576751 2.423474991127179 2.244231018741784 2.172381006207893 2.135289690460051 2.059874571555524 1.9692686683241554 1.9251683185417519 1.945452737605691 1.946458193720488 1.8068219581919418 1.550290593379284 1.3368222226665072 1.2515352344675938 1.5372310746213618 1.7230255065204902 1.3883493917297949 1.1477274717395467 1.1330266112370677 1.1503564872009935 1.1695718461772522 1.0921667447893737 0.8818014579828675 0.6541009602967374 0.5652442413723828 0.6591806535728457 0.820467159601279 0.8953640054287894 0.8775947500985627 0.9077379478145965 1.0964981416082613 1.6028157331878308 2.1911714508911198 2.423390039338028 2.3016885713297786 2.0254750069648146 1.7364796790070596 1.5707235850766212 1.5856818564060038 1.668996246667405 1.655181987530474 1.5134872544408033 1.387369050350534 1.4350733975956866 1.6572463181619035 1.9310639143399944 2.1222714553317337 2.133506841245088 1.9482909662383634 1.7161107778276115 1.6157400155464912 1.805924493077194 2.00408062132877 1.8544725870306686 1.6035968103985834 1.3853724574409785 1.058111574465727 0.6999299755012294 0.6081262379901197 1.3220239332399415 1.354571674310466 1.865365525781299 1.7400402558619166 2.2420104920688466 2.9780941722188725 3.350646257043443 2.7717680942781904 1.7080389715440345 1.3727473200985387 1.0032829809973447 0.9754268179734232 1.2044798671715402 2.1209558733156517 3.8510176189157943 2.3009744529940823 0.9472878798486604 1.7507830266224236 2.9000735996529086 2.6723187060870854 3.33429034321115 1.3806553615324129 2.037351183587059 3.8341306411970355 0.5015079170482623

ACT>ACG
4.886884683043008 49.24041503981082 19.09940164088559 17.176997144711404 12.312457621751813 11.00728572079763 9.430994535069186 9.073447981940891 7.977413074603998 5.517652143312129 6.417045539901121 5.256037371410282 5.547872522095499 4.399480102060256 3.4988154431186387 2.270019687291181 2.5974163198838554 3.5048723613503965 4.021397966933032 3.269097778213037 2.508103802399602 2.5699147858799756 2.4685649445589553 2.39902131910997 2.1473664823623424 2.2552609209783148 2.2081183999805893 2.227845516468502 2.3739680917480963 1.9802371762392694 1.3324482010628862 1.4524184012718628 1.544785797932016 1.7002023869210097 1.8011415406124072 1.797276343599851 1.8537937694679048 1.898807839931341 1.8904645402601108 1.8823852986077216 1.8718081670687283 1.9011463842316176 1.960184642042556 1.995301065588018 2.2230168543022364 2.8514929022331446 3.04063254350604 2.262077283958294 1.7977182294054228 1.4382752499528386 1.2078279625658621 1.1085509914049294 1.1580319647400075 1.3477497529379867 1.7138538095710703 2.048148215788901 1.9821550102640872 1.7793551259111482 1.6438507504843385 1.3449553316315093 1.0663089463168123 0.9524600755825584 0.9851149390209579 1.0501999252160177 1.099364289684622 1.2273799674477885 1.3716335553641978 1.2373047788211464 0.8731018635710929 0.6052339709060658 0.5043235194060294 0.5263519670220941 0.644572027163371 0.7749070647880386 0.8676210605388244 0.9672867428966277 1.0970633996675698 1.1654984420355348 1.0840529501365606 0.8836188641280867 0.6535815649747758 0.44590699962088953 0.2773418080299471 0.16559974490627796 0.12550049084038942 0.15313738002443508 0.23029337544010317 0.332415843694027 0.435654023923443 0.5633967594258807 0.8006711430125937 1.1282007729494445 1.3423330149087838 1.3120372731923962 1.2791760367161549 1.275954436759673 1.0860315781714278 0.9002270036356412 0.9091399541849706 0.9411559783406312 0.9088669867455191 0.9028414765832263 0.8925090815629491 0.8089898545489533 0.7475376199545217 0.8133591196620555 0.9323206822908835 1.2309133314318534 1.301800893654473 1.0075585274739787 0.8940778241551395 0.9943119824597055 0.8961351114849886 1.1633549887874857 0.7371031324716458 0.40749184929622767 0.4742263297465368 1.6085695928810504 1.1446581362753783 1.8457962917228237 2.2129121989721523 2.153935393840125 1.8528649922878335 1.671934199632108 1.7137640333573643 1.965787004380993 2.1696203584845324 1.9743048088257673 1.5676147524291388 1.1214656449078817 0.757487094165181 1.313117482669125 1.187858257671209 0.648057623702493 0.6264399204011896 0.98345072525845 1.0924158502676753 1.392739442924848 2.0634920015192013 2.0257715586634606 1.5825598824699538 1.5704656247156659 1.423268801463301 2.0436757909822014 2.1214969245643926 2.536004578598117 5.390666707010554 3.3570691296831763 4.317682093666311 3.2242784276341196 0.41095987403099427

ACG>ACT
22.56406985437953 210.69053491728013 106.4357446283536 73.04787616788444 49.33900427307302 37.29956827909824 30.650252945626324 28.43846123088637 24.761297455132542 24.74331589536327 19.721565809832253 14.928308776953104 15.472098042215759 15.356670322299294 11.473409787308903 10.42483042544217 10.509909591281318 9.303184763116798 9.200851394826422 8.92626408705187 8.147067946110962 7.165740056810351 6.91979934627918 7.173155381255849 7.763666048745916 7.756973547355273 7.515819253762524 6.664681896383834 6.442265993731851 6.490555872837342 6.586309564829382 6.270291154536908 6.417362460175395 5.8456195296998015 6.082666208233289 6.141229168075737 5.227601115430583 4.770280753184575 4.709143440540988 5.661631736102304 7.571733914204385 7.7323830278220775 7.399025066578074 6.563981473180625 5.480316260902751 4.623575389513756 4.095632954812208 3.6750525945538164 3.4868488074753334 3.544485688466444 3.8469039128454865 4.16836198175224 4.379315766036621 4.573160128368266 4.548543745571567 4.268539534602263 4.039663245403669 3.9137117464061792 3.898029604360896 3.825846114892202 3.2957529159013723 2.4987567621835622 2.489997598597349 2.692455946948427 3.0919161071293035 3.5089231176942377 3.760830538722375 3.8993785612208005 4.085879930258342 4.189584633200919 3.962375787482679 3.5850465838885333 3.349793413002138 3.263665816902311 3.2973954704871304 3.373888883202074 3.430520644952666 3.3672210319495055 2.897767066708403 2.2072304008059858 2.2673025303642107 1.9632081684989489 1.493314315241417 1.7336351137584074 2.158507866439674 2.518569256279145 2.422587956837826 1.9314581926535033 1.5224507532711533 1.4392928007222936 2.1988576828472235 2.1994929756348243 1.9131157124858917 1.9234304660960078 1.9690033947288037 2.154021974864267 2.335134971802862 2.4834308161385388 2.4769488683929155 2.148109738622553 1.9005657984760698 2.074407288821674 2.500752433323991 2.8546291692893675 2.8709753675179064 2.6065976790698517 2.4511332967169333 2.5931887826527293 2.719580020232855 2.946968177643155 3.1440982360683325 3.366340178971229 3.2463098159376838 2.6585583300384883 2.0513889690971983 2.5102261127157015 1.92016371357385 2.022671342615466 2.732763936466622 3.4016241768331006 3.7277419262729294 3.9739154996241965 4.142110466821694 3.8590426080718463 3.322052593927072 3.3859379644432703 2.7005133864201216 2.243108051781415 2.418393634297539 2.348333809545266 1.8601468309359417 1.6943049930851992 1.9286827305884526 2.5566686076542493 2.6994682755488544 2.7244487443379506 2.764251286812272 1.2939657850702548 0.7002193563770847 1.4035371519495776 3.009821629202037 2.7480487870026304 1.9366872375702502 2.5411659199683103 3.57781639809979 4.3689474921918965 4.237110583888462 4.270372937225101 7.492595484145372 6.791145952971941 0.5320562019518583

ACC>ACA
41.828441629272824 364.4645127292701 207.7357457019609 138.81749142360735 94.9752276418352 73.3580641082455 57.40528131746059 49.051433771376125 42.39535658140247 36.17547048014744 37.25717264449945 34.51806891424506 33.12527146755168 31.20896039900114 28.617611049894894 27.52095086260678 21.9660830329926 20.277986977406893 22.801324214184458 22.25832954049384 22.77168623492573 20.890840801714084 19.34652999296786 17.300025728926737 16.467847846575513 15.35146794953716 13.941641673028451 12.98746233789477 14.648972992209186 15.739203209597772 14.626622469660848 13.81220673514759 14.209424138789673 14.047459936407257 12.462398399936788 11.707367598895948 11.233641894780233 10.4536178753982 10.136329341537152 10.365677513645103 10.871980083957625 11.294808665273598 11.656809596043603 12.214688639364 12.790352002836649 10.57805836279367 9.810158205497773 9.697771242714733 10.03936269605108 9.942643183748181 9.243636324095409 8.897460369514533 8.400042776895738 8.025067349794966 8.24794379373662 8.612306085187155 8.48566369650979 8.333195877587361 8.113447773869767 7.979897919737794 7.908485649134034 7.6727629027195245 7.828965064138816 8.15687850791128 8.738599518629705 8.758349956016465 7.816363087087763 7.02408553203896 6.849198867035764 6.824684768421973 6.830740499640674 6.897987701963328 7.205796029173722 8.003215950775894 9.050220324480742 9.68795608259812 10.351128517330901 10.06662309197413 9.226641679392939 8.364048260493817 8.163452669034925 8.023444146244321 7.564566400364489 7.65620084646591 8.005301420569095 8.030408119776197 7.915706874252457 6.996048034420622 5.896984570897438 5.343647997481856 5.147841622684128 5.279789703500625 5.6002381236073475 6.036342557225238 6.389046647402656 6.388929644721038 5.956655036994404 5.441051525357698 5.4777295132077946 5.768044185672393 5.816926236757815 5.648056955185364 5.395654514881077 5.264237998898334 5.285877377516668 5.294710724714518 5.3042608239084075 5.230959161206893 4.967721076361813 5.781009488746934 5.086420899151244 5.753610697277993 7.245803078328507 6.889922309745369 6.922231735341062 6.410308660297738 7.450468104029571 6.128543754345818 5.785703677164393 5.7157645347886685 6.12774357552648 6.562451763964364 7.171816099674026 7.596759325516447 7.7241927514836615 7.722478158740005 7.550707477616987 6.974836438983682 6.646045349952355 4.8405701730287305 4.37299134300884 4.0713817571967 4.504614456726965 5.558116359409149 5.84290322771317 7.822075787240849 7.15842341617961 6.785384207865917 7.263333751337164 9.21839279549333 11.361047351672251 9.15207323579689 7.851311676624237 9.816285392175514 12.81259779254121 11.933619888651197 11.671527672402261 14.620248092689604 14.9524104410054 11.743137985183598 1.3536650108705603

ACA>ACC
6.514634337661004 55.147819124597994 20.757306688048875 14.534364897448912 11.573128049954482 7.814317584519865 7.54306123006531 6.248523475519036 6.309752057181182 4.725993797443876 4.223397916925209 6.255627477367906 5.502192478040544 3.745295179475628 2.789918959558477 1.9678986328925068 2.194913740218835 2.8500504367989596 3.2889816643104095 3.909481141689835 4.703227565899948 3.1279323712870246 2.4934561989371065 2.217213073794026 2.2947694226137543 2.0988603073220955 1.9362791108405895 2.1035939786213795 2.2907703511620623 2.2922997087238937 2.323530284734724 2.302474404097965 2.3129057602644876 2.152511893328054 2.090548480165483 2.2836195202117433 2.049268646631672 2.309378517478509 2.112747915681353 1.7518710867534704 2.052941504097073 2.370457746630467 2.305092074686466 2.007912473775994 1.8736599730375585 1.778786545983064 1.5643419188451784 1.2945794343843984 1.2781068160598579 1.5782440728338578 2.0722458070143923 2.6791256856781676 3.044730046356555 2.9297247667413027 2.661087950600262 2.4296648562300276 2.1748248128183243 2.108876880364729 2.312454467463782 2.45252905550096 2.1216628274010065 1.4606303196202335 0.9075775781455636 0.6040788035662609 0.45591292450350285 0.4227610878897903 0.551533841291922 0.8986602623026694 1.3913894163790974 1.7661295979542853 1.886985071331386 1.873929779906376 1.7316344709831972 1.3963365031821355 1.0391795279898495 0.858692435496174 1.013306685634526 1.4337094744975314 1.6128395341641726 1.4760166501338858 1.3463793883737953 1.2063696256787513 1.0458397742356256 1.0053659981410736 1.1986653396715572 1.5170275621707332 1.548964765021938 1.216868358128655 0.8976134895194148 0.7939239982635725 0.8272975075532696 0.9533402617314631 1.1009088544966017 1.034815767802825 0.7337350541353928 0.45601310017372476 0.3277373680449073 0.2967734168985342 0.32173701555075235 0.40035966942789797 0.546330817364067 0.7651436679366076 0.9863469312170091 1.0910868955373636 1.0452939583404308 0.9694764851436559 1.0075510041573155 1.125518859383854 1.1624831669370066 1.0500578649032628 0.8600825481714378 0.678969684273794 0.5273689019862228 0.3894882322917508 0.4012908276381074 0.6785597150978516 0.9089315673155481 0.7906512432875616 0.5028474654478629 0.33995234947838926 0.4918850450064564 0.7721205902627306 0.9479137373097645 1.4115215469609343 1.9978332392644509 1.9961004588983597 1.647973398004211 1.3104803731559433 1.0230501957391653 0.708613653360486 0.3906963450733385 1.0370931843347813 0.17673142985187507 0.7643174997580069 0.44593198616044133 0.3047912941388256 1.2667124500279552 0.8895221661501246 0.7222658023481848 0.41948113874420295 0.3006501908129778 0.624825934983316 1.1956140589429025 1.1763932715373255 1.1264481348237707 3.4298949662836065 4.190939797239233 3.2207914561365873 7.570276515483016 9.387682996527817 0.9780074920054576

ACC>ACG
20.937519211729615 172.44850737805217 93.56826623036041 55.8057934372119 39.43796469108266 31.45376139546845 30.610809814079854 28.66610996239908 24.064707539354348 19.228054497690852 18.625457784240314 18.039197606435568 11.046092567036393 10.872262170727884 10.644037160207361 11.443706196871059 12.954595839705103 12.50256884169476 11.414091408601543 11.229013621311537 9.856257181624963 10.638329347214595 10.358127104411679 11.735418157458188 10.248462000308423 10.644211362214126 9.435297652890256 8.729014894506655 6.943519074299468 6.243594975650772 5.561066402127891 4.904582849404858 5.2056887928876145 5.453283140969941 5.572493845555963 5.5297058294027535 5.104502324104711 4.806119723309797 5.065407046963759 4.9997934121722745 4.5438406256722 4.232163486874809 4.176486600124727 4.2399737423639055 4.342152319607027 4.562110405872771 5.062112698238146 5.429872415656584 5.298728518283843 5.004109111203839 4.920825949263231 4.828093604307566 4.626939809207608 4.738863112615066 4.779248239703975 4.455869831626563 4.42501751369244 4.580058561876862 5.11418896743704 4.997157560512635 4.205405915685695 4.048762903727248 4.202972016350197 4.632880849355254 4.371187958009881 4.6120978665255015 4.717970684848568 4.719395542111233 4.881837976359514 5.07118898839996 4.684433927358264 4.136766292921286 3.8086598170267445 3.522950370711676 3.452257296251195 3.6226662944169385 3.84526618558844 3.9401383479545298 3.9433037883464235 3.954268567089795 4.015373866001876 4.11975917997519 4.206646906095442 4.222151359195803 4.00907356199548 3.583420844127218 3.261109835957513 3.11435980010977 3.9678548784558387 2.7450355996662843 2.4779848317867046 2.3292299060898283 2.4751178737403956 2.804562214258485 3.084607697099844 3.2910719260762136 3.4315511745211773 3.364470192522697 3.0506869312785434 2.7841192416282947 2.665189958746081 2.6494523587827707 2.658063135001932 2.5177449589920737 2.383091378024922 2.5091124700459706 2.724086987129055 2.8815539025839287 2.80326486218751 2.9337342079899544 3.105147900815716 3.2564459095193428 3.2987476871079426 3.3405459139734637 3.366576158827972 3.0535339513057997 2.5742638234904742 2.6139909283264364 3.052501162294509 3.295561792884801 3.290441414011626 3.4604097416178186 3.706618491679371 3.929087811889983 4.1343362230323 4.5158057768029725 3.9839165629741062 3.247271364261984 3.4027659989349317 3.230871701372444 3.016047919813824 3.420272662506102 3.2366192671297633 3.63281516056549 4.877762705123546 5.475912946974791 6.394746531674532 5.638844858277013 3.9113583490540993 3.7569922827923956 4.846845043519528 5.521999671335666 4.608583374100074 5.541176317522916 5.621262645670858 5.720288584862576 6.189731355365494 4.77716327444281 9.328977437841223 11.724560533475943 1.0760995878417927

ACG>ACC
11.512361968893146 104.32839855678841 58.281085505863054 32.86824385205975 19.779747149144523 15.458619477746872 13.839606481400166 14.418211329731005 10.52732549142998 10.685922642667883 11.31076653975254 8.774337490152801 8.052503392467628 7.245809853625919 5.698860219496338 4.8331826046215225 4.540596134748637 4.733946497574732 5.092397581543262 4.9814875287105185 4.937173568223958 3.924522268381819 4.020169112563176 4.76139065745191 4.201852933948057 4.0512061018386705 4.114693421234503 3.8015784929707013 4.148399884811243 4.173658043771507 3.1123783212303535 2.745509363996047 2.950750948074127 3.0884268044442966 3.3590380496212213 2.2746627585779353 2.0109468430964617 1.885039548556114 1.818935029609766 1.623463943961438 1.805603003730375 2.223027254694527 2.1542714708626907 2.7248078561705413 3.152742335886805 3.1624386619111937 2.7480736910015438 2.287487655122824 1.9986036160333567 1.6560612500401193 1.4900395856499364 1.7561957148909413 2.0739180536569313 2.2117483136990717 2.2239183940128235 2.3244013496383933 2.507615647340847 2.5948067798232333 2.517866618867196 2.308760495388856 1.9626099000181094 1.50985416318406 1.1051066333518216 0.9133184802385317 0.9708101812296467 1.1762009076550346 1.3629177208261112 1.432611214965676 1.4516908586247792 1.5033100473593537 1.4782554009146487 1.258183147687457 1.0575573941529264 1.1733810042033355 1.411489914905848 2.408335193426357 1.2640731241375758 1.1915543573400367 1.2532534136376834 1.4707706508220066 1.639734357444869 1.6699872080994962 1.8106864656864996 2.1818924998957234 2.6587904899524712 2.9284960471744896 2.7510925052375725 2.3645433289128683 2.121346018290142 1.9945014890042219 1.8053382526510346 1.5487556289131414 1.6862993253488487 1.6240641473171893 1.3090149564325042 1.2804836403200743 1.2553137983518439 1.012459276839968 0.7329823828079761 0.598533676034396 0.6274016399028004 0.7559973871201011 1.088851664864851 1.4798164788200632 1.8364922712553222 1.9528142369849795 1.8136171267874566 1.9345811776241577 2.17541727253908 2.068062114593333 1.7086799296692528 1.352090479216635 1.0937196973406522 0.9558007942503128 0.9586609487823403 1.0952391589798804 1.2440813397776433 1.3048945519094777 1.3434681020737151 1.5136129075282048 1.7874253924247199 1.975334453101714 1.9262416144430974 1.856565396515363 1.6643957421294848 1.309648093477633 0.9945424918631196 0.7677457188278684 0.728763548576339 1.1256903758500574 1.4261199513363936 1.5020089086827229 1.6577421551662546 1.8983912627579478 1.4644868266542272 1.1711965242498101 1.3032196212559124 1.8905096880014491 1.303891112464345 0.7058890577158652 2.289969823306484 2.615599585021923 2.4543152284103744 2.5407166645993238 0.7488823688988372 2.179334235380355 1.761087444382223 0.9678601795245209 4.295440715274747 2.9040568162010603 0.2604363768850019

ACA>ACG
14.232807186193567 120.43040668712658 52.60493020051183 40.80399114489621 23.126327259145878 20.25510353796955 22.089855669905152 15.534246609748315 11.020412364868557 10.544108923773818 13.79113498385331 14.128648028615139 12.612968309497663 9.12996031652592 9.50721764480134 7.017513483257591 5.304295406620747 5.838120315333015 4.718430055561421 4.754029582470308 5.49507876424097 6.874058807600839 7.826258647846501 7.03326020521324 5.736704281225909 6.260979139618224 6.139458693925542 5.559226601433966 4.69152575824471 4.977670867879401 5.179311357116203 5.206949296941819 4.664610831245988 4.4273100796641485 3.978763488602126 3.073028031674363 2.3255827113092 2.367768034906333 3.129342365225783 4.179118081896145 4.588226085569598 4.304216325422584 4.259257708497025 3.928775322327507 3.5348597431362854 3.441796485643939 3.419021748568755 3.34185088197575 3.0193442861981987 2.7442996231280365 2.8228571527581456 3.0572615537378476 3.2433014706606134 3.208696949923687 3.172847857766833 3.432960901677068 3.8924554878069655 4.111416210464702 3.759049189429535 3.034051127741924 2.426483453336547 2.159954595468257 2.146381442826241 2.6649667829214 2.9120074373364484 2.3285301426584306 2.188357195093213 2.0416056777153795 2.233162687445218 3.600485111261199 2.4646142087553033 2.2288838153741226 2.276812201412235 2.256278761845068 2.2260628096886776 2.266829381928078 2.1258323244637536 1.8569510164461407 1.8032888257992834 1.9477173713273195 2.264526826673686 2.726575542318629 2.985653613114759 2.7358212882604964 2.1385719137560235 1.5843743421783 1.2766961256440785 1.318423410871455 1.615693872592849 1.842075804379788 1.9682718238449026 2.0890048255762412 2.209086735871548 2.368028710953897 2.4535988398050006 2.4157310899467013 2.381970778491571 2.3253117349775545 2.221093434884865 2.157688208792591 2.066946492345944 1.8396240183356731 1.5149987860922889 1.413285366368413 1.3568460926213426 1.1675894409252383 1.1658489606279474 1.462488193445232 2.008201419994431 2.926870635360714 3.493529248125159 3.3149042733896295 2.753154590016761 2.1568102868891885 1.7128994054908337 1.4569066984288261 1.315741925422213 1.4045015423965905 1.6216649904297655 1.6974014536240336 1.5937746262712527 1.355490958982711 1.168810100617403 1.2048981930928486 1.2963724163090744 1.3929115384855166 1.3541760669433547 1.1179870283468465 1.112466894873677 1.3355757474094803 1.3694609091120258 1.4058142214805784 1.64288858667691 2.342528850651264 3.631398051936842 3.7889002077561993 3.7994271279028173 3.0304244817388444 3.1875539075363153 3.0150833826645824 3.223283491181627 3.210897627643933 2.769199251313627 4.069549582474668 4.010125751265322 7.625227770706837 8.312818157655315 8.827052475718713 4.990278964456409 10.933157294930732 0.9117884785744622

ACG>ACA
50.48433245701799 454.16918484461485 274.7909295609605 162.88863244029736 113.69426187296308 83.2413831919268 73.57439351266314 69.96395512485773 65.55554406512746 59.9811469476105 51.63455741622471 40.20037609451973 42.583316630123605 40.20424972304664 35.40486103165958 29.446811762200124 29.67486076897159 29.583649838013688 30.305576879857753 28.40722694059093 26.234964190485243 26.206139310503666 24.645375409171507 24.778529700225757 25.7664712966168 26.194309918195305 24.857828926694822 23.87133616605014 23.895478423477186 22.101390150342517 20.48473836464891 19.40028639999446 19.282074368463377 20.862699744914114 17.889619712410948 16.678487130221797 15.005837369415561 13.738533767253541 13.496020592150618 13.80249558843224 14.508154444153455 15.439172864053218 15.241830257548376 13.8782545280914 12.753401606299454 12.521398718851376 13.246559681070597 12.428066520845936 13.089224236309247 13.876220641824261 14.302344053132023 13.16678691554864 11.483716365407359 11.771790411206382 12.237653672362148 9.513894016152117 8.27993343857728 7.972168309329514 8.487366563291324 9.4004029045929 11.36492669373778 11.052878041682343 11.197665274882404 11.144882104030499 11.218933012776786 11.340298089144303 12.401333368874608 11.12795338937509 10.505011156244958 9.97081536622509 9.938209377621789 10.373212051446535 10.806127335375994 10.86893066260546 10.63287085835141 10.37798100231478 10.074557661457204 9.375039821660598 8.936591684118472 9.039395108773213 8.915611122910311 9.192716845127133 9.744981887131974 9.679077116108445 10.029772464111556 9.796027894498556 9.024113550026733 8.53444440492552 8.164453148500519 8.426754562821209 7.882358065704824 7.397391985204342 7.63595206580708 8.127353869996567 7.975341429961031 7.301675051677347 6.807955877637119 7.149015727783778 7.463828260191809 7.250965245078246 7.263034794983657 8.039286940732147 8.066033508413183 7.442792430608289 7.487298803391078 8.30908790225326 9.17648527500118 9.886034036069008 11.278767057946933 11.097634007376069 9.465576387653698 8.922753536701467 7.199921666947275 5.829769138324192 5.535768383602203 5.930658514920482 6.403952865123067 6.657535629373804 6.766839477166854 7.027567775208462 6.499222276100921 7.044150569789777 6.802669101610106 6.5276316469723925 5.879335470264556 6.6714295534323345 7.962883500570134 7.874357471094636 8.333327857709605 8.170507528897941 8.884187952093324 8.8971796501462 7.722152133377085 7.034885768750901 9.481586149330552 9.415287221704753 8.358305631156917 9.618866019643695 11.226865885678082 11.319730736751254 10.412346336707442 8.97067964212884 7.846637779490594 10.214751699853345 9.07920091786201 8.547061006109887 13.905240240333526 12.846362976562611 14.875694685677841 28.81598228343137 3.147071757504417

GCT>GCC
16.88461743948009 139.18673594894216 70.66823635913822 38.2767770546694 32.09273923208279 21.616439593943845 17.840202069172737 18.273383731675263 18.911995030314632 14.58296686926265 9.916798762342067 10.114524902591606 9.703830653954693 9.300402621731811 10.21232074895594 9.06550602662773 9.294241502564159 10.44940657529199 8.479629202432573 8.465945143009483 8.517636249349762 8.622121728545377 7.896946805996322 7.633601767910053 5.90207717358941 5.110470410779901 4.636439707407702 4.5224619208810735 4.798877554266829 5.297087257501019 5.421007485592317 4.759280325691678 4.1386618188309585 4.09475707362957 3.883290292935575 4.191937943453431 3.9397832225047367 4.5271841750803965 4.943662415628837 5.27674495746484 5.709561562417219 5.656607155392363 4.656593121880921 3.7378705032361137 3.707384527336683 3.882091341697324 3.336832696673883 3.2397052441472773 3.1312751506449654 3.4498390637831897 4.117950157639875 4.091098863791814 4.627226256706054 4.676830132452632 3.9669186520289137 3.0603846286774283 2.568200010000264 1.965507157027354 1.7884311389233236 2.1503689380934476 3.0714599159085494 3.6843715803558577 3.428456350597045 3.7556506233584215 4.349863136517326 4.439595230578352 3.804019619629632 3.7613298886616233 3.6325613951705633 3.5014672704221472 3.4830435676715705 3.4509813279826336 3.335086817579904 3.3228706233762635 3.37986416723651 3.2916066997905666 3.214530699254646 3.6398273485641344 4.155975631633405 3.905106822253586 3.1365852530756055 2.647527740805528 2.3854823945838723 2.074760016628631 2.1059070375217517 2.427171158964893 2.775961381328628 3.0427916457365622 3.645922109290198 3.237354075395211 2.52719587241879 2.6574575506565745 2.632968616196912 2.2992442198905456 2.216255994607151 2.7912256029575513 3.1342579698943718 3.0576030681587314 3.0724196468087777 3.024072000220999 2.7460210639282328 2.449774254947479 2.350310500179968 2.4598695868309153 3.076209843783534 3.5071728085440284 4.1612759079941295 3.6558758913510974 3.286563901407563 2.996722261693247 2.525585208551514 2.100381551751223 1.862724045711088 1.79628788257914 1.9802426335544674 2.1504912001404572 2.3461272361643846 3.167236289125997 3.605531459083805 3.4105014055845695 3.3100342816808945 3.4567070766013255 3.361222462428189 3.206289453344569 3.0655057623629904 2.7179802643421014 2.7888693693351496 3.040864278790718 3.2888008276358365 4.396149680485854 3.5385602551305784 3.702155035063856 4.06024294907035 4.677879936493056 4.029312125578288 3.4469283817149416 3.207812228926339 3.3972789185429937 3.356100327345295 4.284080620100708 4.150405949023871 2.486701167296341 4.231776803768436 4.9633604524292245 4.858520826132768 5.1180158485661496 10.047239137333566 9.09959648318665 8.260471876643816 13.729201736894092 0.6157924213855258

GCC>GCT
106.95632026778885 957.222460059056 484.86976339637306 318.0066720355869 250.6170853403392 174.54766168799253 142.23138693113899 135.53154108299472 121.82977293515931 102.27972940901621 100.56253317062182 88.41713988647716 83.6371925893569 74.54062620391971 67.81306822611246 65.42132699992425 65.66702150496772 64.65947307623807 58.16259050362341 52.24769366567612 49.907927543918134 46.91024377296538 45.63695994525485 39.925136321079506 37.034090951326185 36.75296841542103 34.081867723425034 37.89520917266177 36.94243537957489 36.61477315275815 35.844951724510175 32.49454891174552 30.233118289966164 29.757473357297975 30.425908513355896 31.38087117058619 30.63753254050287 29.004391308851094 28.50737812598661 27.562401862342927 28.070163553770072 28.05229157343941 26.32730748832908 26.435068620426694 26.394293361597665 27.968002775207136 25.407169114435618 26.512092965939505 27.706788901170338 25.09647905511293 23.891850493094147 23.28194260483003 21.30330385273034 21.643398162105512 22.246783912057445 21.63195223534798 20.825811642733278 20.280660471979058 19.718198160962764 20.074320802245914 20.154734866147194 18.93207854262468 17.729768044127617 16.955976481339434 17.056879557368024 17.27100609812922 17.62882507816377 17.26939124687167 16.32132181209156 16.468698855120266 16.99205760276117 17.65920542642255 18.908248339270525 20.52161909897257 20.83560463221172 20.370962186186535 21.70984264094829 21.311264224516073 21.89213221166186 22.326530661207276 22.991448873110986 22.40308097262036 20.123736098411477 17.90022472678846 16.86995903901213 16.74670211409819 16.722221421074703 17.20801264899338 16.40850653761394 15.24755419358829 14.746255447991125 14.526989179200829 15.722576743599326 14.741755753896308 14.53662221757228 14.861576768231219 15.891966747151177 16.59776547548411 16.38705456137979 15.603990750373194 15.913016310585913 15.268083024105437 14.640680694515197 15.336561793900355 14.451136618605188 13.5373069501835 13.452224799733376 14.16579470976918 12.074444218108068 11.584661607960461 12.56867332995039 12.526630357306987 12.189253696088464 12.994099402861158 17.364205594667666 18.700552067273307 18.161131194023696 17.343590992356535 16.870874279135627 16.555961419181788 16.027360211898664 14.94509361442355 13.124710695322191 10.946065989069352 8.698927154845613 8.818589900037843 9.613997564045349 11.308766470298417 11.410517622640368 12.17712583392892 12.028661070478607 12.147972139800777 15.731453950793762 17.539278526595474 18.02534998436108 18.429256312723826 14.58664517484356 14.04735999403996 17.804287621593804 16.26202258721066 16.852704066759664 22.62850088033339 19.325129721064293 19.09518470991624 21.784477101929507 23.83558505694509 22.641291077650404 29.942492215389148 34.92962247961373 38.70801255512833 3.6913998762641835

GCT>GCA
19.80278517220264 167.2130069760811 65.52864165744242 48.06123252248804 35.6718038643574 30.49734471956967 25.513583694044726 25.746628032730552 20.34251483806803 12.847738344666775 7.306594345717687 7.077677421108812 7.929868561570732 7.699784899900929 8.740467627536932 9.288469323087055 10.875767239115305 9.770548521585612 9.796217584486339 9.802927111444966 10.91972653216501 11.073306478409506 12.137449075185458 12.068682030874546 9.328886910051036 8.218585798002382 8.33611436023294 8.439445159969171 8.600550789915923 8.472440647618818 7.538831929898926 6.52718861075286 6.597382067114356 8.419660615543648 9.276669141341548 7.347423802055539 6.410148697183527 6.101139089265467 5.832332501077474 5.698781159528863 5.640769072859107 5.2981599114951985 4.524382074349643 3.705161052489132 3.4947651824901462 3.5447090857104495 3.6539832863550212 3.3890529174219166 3.1568154441004608 3.4124744765181343 4.027205645384233 4.645295883822541 5.055807830659212 5.197975554845425 5.015339409232701 4.6853162278959175 4.473967416902888 4.134624037263436 3.644868937145473 3.536745206675259 3.925203295005458 4.069918197617535 3.7930306529700655 3.5441388966296863 3.3431063828342387 3.407623953754825 3.587851027396654 3.795727210287852 3.7269372062266473 3.3096572265225577 3.0783566146199344 3.4963438436642917 3.851828986252404 3.3516131460712373 3.094028019521007 3.244051747216214 3.1563439823808372 3.361705301893099 3.678546400373179 3.5288042304405525 3.5086843916872708 3.652080424901662 3.4374764230652057 3.1899848977254845 3.2141901752449784 3.3835120501353444 3.5695207196338163 3.8057047009342555 4.057005880237877 4.037897333470317 3.7350002879069675 3.3850040363387555 3.126345586804647 3.1637460002931554 3.5444660210115932 3.9893097658600096 4.1133395051205035 3.752432291124291 3.628635295022887 3.233241769114874 2.6801529659651653 2.6826192829870346 3.3569367071826575 4.283017045474895 4.640846195248077 4.5962141026716905 3.592672178690248 2.703839289533242 2.4986717434837695 2.342391204062333 2.717258743629534 2.9160771472943554 2.4615963724204684 2.527807787625227 2.8044050829719933 2.943978224016207 3.275769657759588 3.9373320525881823 4.388564312715075 4.8322636101065495 4.537638569824886 4.666797794332382 3.930447626584214 3.398915189591917 3.169688339103571 3.0803993310950233 3.4281336968414955 3.461328008986203 3.532326503248171 2.7497714521428245 2.6802745911324215 2.5430727476482824 2.0790193100629395 2.4393976165211124 2.8640509329864208 2.7767630697370036 4.4339269179035075 4.390649679619299 4.222724840516084 4.101115423542839 3.395766826854559 3.1768164009147926 4.047450323137223 5.232797460082966 4.881066595883883 5.700418050981667 5.9901140567735744 6.78295520346362 5.216862273995063 9.204623977882505 0.7341130978620577

GCA>GCT
14.962013483732287 129.94799424530788 53.873959822576566 46.93080791823368 28.486894017945282 27.27908598346613 25.120139538940702 14.012832806891563 14.307372181322824 13.881573213289935 15.328869909267054 14.055143038181056 11.761858361395088 9.949272783809421 10.857705751946533 10.151807765455265 8.622517736577826 5.041699302878516 5.784922217589076 6.545014768287744 5.999326680917576 4.689775639101622 5.161969192629328 6.252825733672405 6.734660787282839 6.3632809504888534 5.830998980588851 6.33371759083036 7.367109699383794 6.996717890865423 6.224300038746011 4.559908663076808 4.427367293284466 4.965773848536071 3.752231687102957 5.26234578054335 4.3524701413271405 3.7318886081985574 2.9965450976251593 2.9047403417863755 3.5164501189559108 4.373068709299066 4.8859386439294905 4.70640300319581 4.033647920245135 3.502989069960581 3.4128563775463947 4.5279575253350455 3.5364075094214122 3.255190728745764 2.8721531103898337 2.8717190160563995 3.4359559211717396 3.9946872009469914 3.751875159538435 3.088468044812371 2.851869802483307 2.895613160409961 2.9442203970699605 2.861551485326346 2.8830731264176293 3.047218869432741 3.021204589510176 2.8556251298267012 2.8764828400565103 3.1038128993090006 2.7990282558697306 2.0473605313161585 2.255389597126235 2.5055603924916636 2.167791043097286 2.404473206224968 2.8476456401168235 3.2030909825166227 3.2840223338320755 3.3252948193446756 3.3334524193789354 3.265303823826347 3.2120038902149437 3.224477807079658 3.278998200984076 3.246549310003143 3.030948426284579 2.820956102553229 2.914961879637786 3.2054433802207205 3.227273359031414 2.7451145760765874 1.9942876300832775 1.3850641774986374 1.1388220983425863 1.181502970329958 1.3878705105268077 1.629066385849931 1.7188381551329373 1.6850845592698607 1.6377189284362228 1.5316497424540068 1.4448741667568217 1.5388362467776215 1.6943416728318352 1.7042222489657441 1.971949700721509 2.2228472252800224 2.346120315501157 2.6229899993884906 2.8711251118206 2.879533732413303 2.8682826618986454 2.7969707914916 2.502272520594531 2.143119894380136 1.9600984236530299 1.9246476673502864 1.9281561998459535 2.097213550837321 2.331406781166986 2.3007036029389485 2.4253553509097894 2.425394838975346 2.054378313371648 1.5051770605555368 1.245693516631293 1.1513933656728992 1.8273644400431344 1.554311860350204 2.5100191510020675 2.4711834695182366 2.000306790037501 1.2627148260549335 0.5894185930495817 0.2463249043157218 0.20532247992480177 0.2998219931675703 0.43835005745507694 0.6435592482335398 2.2179658645068763 2.670423646151177 1.4032277281164687 2.7149530384566347 3.134430053997051 3.113874677127753 2.5704091021293833 3.146962401034181 3.1474058341519413 4.552363175664266 4.598215825423397 7.605911603806962 3.6195561397710296 7.992210467322224 0.9553626808302524

GCT>GCG
6.180616030899214 57.0366705197124 27.6361693654848 18.266314698799167 15.782398235322816 14.37546444517505 9.270399504139395 7.47453854363816 4.902238049818922 5.848424126325381 7.102546538630475 4.637900643019441 4.37640583809658 4.247334512884022 4.181194399819849 4.925606141005183 5.186245331383149 6.1956653753074 4.193230652897743 2.598278304056034 2.0854390262979177 1.209019816173653 1.3807957600394705 1.8900876160184248 2.7057791741068073 3.182781971944219 2.748937578478528 2.207120027125025 1.6226546211542718 1.9818256480870617 2.333521951125776 2.2624950081429382 1.8574163006693272 1.81283526777812 2.1930448838791277 2.0522045554933164 1.3997426557996326 1.073243215088876 1.2299642551224865 1.5125457060896434 1.5300338551507908 1.6867565111734946 2.2538380902916204 2.3608185233406958 1.943838185557431 1.6011630789670475 1.6254016753584137 1.7528095634848084 1.8441910602089295 1.927734082484207 1.8622832551630966 1.695867184122361 1.6145957688278727 1.5249543662426863 1.3506967425423309 1.240219060494291 1.1643838314694162 0.9511238566248075 0.7161515151092853 0.6872329563960653 0.7771514352231851 0.8458527875615426 0.9325392838715264 1.1181030215292864 1.3804611954792179 1.5332594289784924 1.4465718196734036 1.243759149331759 1.095856792180057 1.003021179476973 0.9253292569386751 0.903428897005201 0.9736358112380031 1.1008764096424013 1.2068796088780975 1.2238343422564384 1.1453029033646975 1.0382254434850675 0.9834654445048258 1.0059299214428483 1.0727623491010225 1.138664036894788 1.1796660188643764 1.1901484376828126 1.1546723399791439 1.0552199103863593 0.9222466451026466 0.8276183092775702 0.8072240920926316 0.8714948335657745 1.0814025105086316 1.4429499236296204 1.770185131094337 1.8568701247787267 1.7735378527302914 1.7320058419688926 1.9276858532532857 2.436393695315213 2.523756196818645 2.003661588642833 1.511120259663507 1.2505015698248734 1.1068151856334485 1.1163268808277147 1.308009153145687 1.5025285000294422 1.5568168315114495 1.5010098582393236 1.4248595733613587 1.422619306246249 1.478088357713695 1.4885700337147705 1.4408593327230035 1.4622083793444016 1.6598842806836176 1.8333809125484584 1.6955368459605606 1.3185796774721423 1.0627821694776225 1.1658353946368147 1.612029100760961 2.027077769553255 1.8284186994521823 1.1479687829290195 0.5603439904556516 0.5271675683575769 0.6008081766556008 0.6777932704874753 0.9280591462533645 1.068094622441764 1.1267297227677235 1.3331419936999167 2.2121072043966556 2.0721317241328685 1.4257157834115972 1.9825710955327611 2.4529713820206775 1.9544522735466183 1.196634714269402 1.687311341646002 3.2226022318224348 2.565017459521269 2.0844617421299416 2.077091916678007 2.4169996351691423 1.727887998513598 2.74712315653577 2.6718167873067173 2.281535690278564 3.0622655664888585 0.2704976682377193

GCG>GCT
19.781877349606283 197.9768329249861 99.85855782746245 86.99945808312417 52.27741369155758 38.66998284821991 28.350690484710825 20.93522709418001 22.013300139411882 22.955444536788875 20.33470892689992 18.586227027788834 15.975539875913691 13.519597686064849 9.479034142092123 8.121560096981248 8.929457659426136 10.355925427376372 11.741405739452176 10.298285657092443 9.435093115079694 10.18366620484692 10.163468303456593 9.896465745099672 9.872068266215324 8.619287388020439 7.909710897140562 7.158870440436239 6.374133399028669 7.147988241395741 7.588241578100392 7.59874527916592 6.56718451515888 5.583796236949244 5.795351000296746 4.7671788564209985 4.22465226971896 3.6682298925628696 3.844258830463184 4.172768218431465 4.503706944511353 4.712387735536414 4.750006926644281 5.002154975695395 5.167067982641242 4.5352068876791405 4.053706955909533 3.836800395542157 4.325250457629213 4.775226137024067 4.827996717323439 4.370360825781244 4.210776666479001 4.767237759189504 4.966515087629622 5.108540319661259 5.211054309062818 4.416897581359876 4.035012654785177 3.38639963155617 2.882832862864052 2.811020262104144 3.0219105655114333 3.3205964400874617 3.6861323697803803 4.080006682274604 4.362654642029063 4.388637742252221 4.279342466952176 4.368364581451845 4.618413877732369 4.9933547323690854 4.257263836661199 2.875000043316997 2.720171632788561 3.066954184932494 3.3794322087271236 3.482707409869965 3.5209265098133273 3.911042980335459 4.722234493631967 5.293945105882923 5.1701259894051255 4.5872595964514495 3.997242484350364 3.6205602336936527 3.3695485976917228 3.1214807239778324 3.0228413942446446 3.1318212822401277 3.1428923865390797 3.036660465968865 3.1391857628106994 3.509302157082006 4.132477070720053 4.476639859940212 4.161799022306809 4.314627702517074 3.6921484638965665 3.1084803610872345 2.886967968937491 2.7741943288009305 2.8472385951208774 3.1529400239154772 3.2473155196282946 2.6893043473449647 1.9965892404302865 1.8197940084234885 2.0546093292428527 2.305189881507342 2.723275333195308 3.226503657779988 3.758484920166343 4.2708257308226765 4.479453020622232 4.285815104177618 4.319773613478707 3.7354663055067165 2.975653270329326 3.0818391839381585 2.8497677720831085 2.474179072366911 2.3695513126433236 2.654672447548696 3.032812861385034 3.1753121198441328 3.083413239265321 2.761268607433026 2.925946964525997 2.6895874321191915 2.2582630504152172 2.9035320244488623 2.36545217740949 1.6521554205843232 1.4321406793572455 2.1415466970681445 2.917967550062011 4.7147203021098125 4.725009632913463 2.6773073765906976 2.0458085656226017 2.0666059476033403 1.9244123927348642 2.1923170073636795 2.27315388413671 5.623085873819527 4.546183697580453 6.547800701397052 6.546190798438831 7.706194265292906 0.6203747074092747

GCC>GCA
48.82924215600051 466.95181046366645 250.66841659563516 169.26376153045624 114.13865588067591 94.24215246937301 77.90982891131713 60.71649730815623 57.714619557631316 47.98187730498114 43.06931501713987 45.345971421652344 42.806734487549306 36.36401824776332 34.89315311636398 32.205009795819294 29.704639098069755 28.33593988396376 24.91700874665143 24.84092302926491 25.18601796840633 23.953004270508888 21.406421794483883 21.90210880228418 23.326047238956008 23.412416902032803 23.540067597355115 23.436448866196187 22.481080778642262 22.49876738662034 21.751826850727625 19.6706058662138 16.950606827882247 17.743269473010283 17.321243232424354 18.448651539918906 18.14464374720652 17.913331054546337 16.303656252833765 14.943442585251672 14.460642558570404 14.24263354975185 13.445474313610445 12.811614235896643 13.269538060630673 13.153511072431417 12.336596374586739 11.450336594566199 11.368044844135301 11.739985674767407 11.447929951656965 10.68503078651193 10.898783055409439 11.68663910889102 12.634909120596737 12.05072846627604 11.0903397798632 11.18865299281565 11.447895733965327 11.145605824028284 10.482437665199035 10.380989660316006 10.699003371853742 10.938839630133346 11.83894248345081 11.41506088611607 12.425622157064032 12.12558784328785 11.247401278132648 10.946070544806222 11.226315667437888 12.116812505975204 13.313326546509286 14.192349500659583 13.79411017145215 12.04801381575937 10.17047744665348 10.060880597042834 9.418462562274025 8.325599688612716 8.339124296983798 8.277310124866391 9.79891650764411 9.279698413785978 9.167724570472387 9.315354854696956 9.732233598428689 9.766490480171496 9.403784633710357 9.4717514363151 9.451840224115452 8.892360985507263 8.507742912824643 8.516425674773851 7.694835324205822 6.397603424585345 6.311635936125108 6.553731183895732 6.945900086469533 7.80309554474952 8.531728219690349 8.649841221388405 8.414949952153554 8.054595548104746 7.965900055683483 8.622741826302402 8.12129137105786 7.675689139208698 7.469305114432302 7.626382148320886 8.733846688169598 8.355087417755964 8.17650230662775 7.759172013568275 7.0871964666200995 6.509120112404426 6.820841012911234 7.667603954552202 7.676786178965874 8.410026004535766 7.683360640669404 9.58991014514431 9.462087667512336 8.095592998619718 6.981443260996988 5.809075465117124 6.97930888760494 7.6611654473091 7.7413848391002205 8.60895123495172 9.114428845234281 8.468567716973066 8.355266602154998 7.835283089454614 8.079708489783252 9.435948847048556 11.019089952571408 10.279625027438673 9.299800398002546 7.767726058690684 6.985704733657152 9.181352165290049 8.984882441301965 6.7533446622662545 8.64298549577814 8.264701244484227 11.916948203454162 11.425901757578243 13.794736086636874 22.29597060053982 2.5751498485231146

GCA>GCC
6.979659846765601 66.16826872088058 28.557068300556175 23.43571506891595 11.703992998230401 12.271620465759272 10.513638379038953 9.094627422402557 10.196433937733852 8.278306008934557 7.4408136120277515 6.264309529235783 5.998673350124499 4.905008056414156 4.330161798543514 5.730094717972283 4.459341775017504 3.8719299999435233 3.91012152870074 3.5628900410293642 2.803413593762324 3.0456462019280544 3.086608825788525 2.054017871796893 1.6840813965028485 1.573375344286562 1.674418365429803 2.0720201509653298 2.6512770846531084 3.43269387433351 4.014612676140953 3.7705630060475315 2.8680088425076167 2.618732582383456 2.8205595148664324 3.09611689554749 3.1232133461911205 2.769730762168247 2.8472430610683093 2.8127604437029867 2.570175338443882 2.7764639041044554 3.4548226776419666 2.5982915088929515 2.089946077255043 1.8867844170474155 1.7228544041364153 1.662398466464719 1.677317011687431 2.8707817482796 2.4999971522472477 3.304251628277442 3.5113694479208313 3.1312795252479817 2.8598735279097602 2.7736069430136117 2.895953048622586 2.6839941550065385 1.7098674401975031 1.5853385223468994 1.655231930862431 1.940016109900823 2.2533579695136816 2.379217907257821 2.3002869642267285 2.1360422656504006 2.0302516527453065 2.0931441204473527 2.260955352484052 2.302189715084154 2.076250920716722 1.6898044755050385 1.3841649164182528 1.355510438673017 1.6428431517772286 2.0722931944831897 2.356769910163661 2.4845719716970573 2.499922631724844 2.1624913036333004 1.685626274833267 1.5170197169432462 1.6190512157658645 1.838028859543901 2.10615462733687 2.618803361142998 2.729789283735288 2.1500475718861685 1.7014657604769927 1.4757470032122721 1.1799524769648042 0.9056486082208723 0.8816461964238687 1.1314634022273495 1.5026584427389098 1.8395769833840696 1.9609953802683726 1.805020049034685 1.5359190942550984 1.2988017609303688 1.0789844616676216 0.8430607175346654 0.6300862586257486 0.49627772307061907 0.4705120999160714 0.5536494066391331 0.7734358200099625 1.1399505195175468 1.530075596053377 1.7563090593603903 1.7163138219804626 1.6793037740329804 1.9732969112123386 2.1038477034072542 1.6858876980488322 1.115840787607318 0.7674975147200473 0.7662107382407792 0.9995400173232457 1.126966104712446 2.145682179798306 1.2535450375338903 1.3742942113198289 1.6065660045842782 1.7548673031880666 1.5860735994516557 1.3998794721728918 1.3659970454044421 1.3933284096468719 1.8707628387956856 2.7466565689037568 2.110929780180555 1.8750995835570847 2.21158314836111 2.0856916413807007 1.446357282881833 1.5425165825289162 0.8527637428082036 0.5563374769905064 1.3881701575943084 1.7091785894577636 1.7098987957334493 1.2333339185625825 2.144800974047187 4.093667990331249 2.735398725679074 2.9771844088794124 2.7027320532634054 5.669550224646844 8.187271125870975 0.7469650774316055

GCC>GCG
27.604733383268744 250.99858162124931 119.46460053264778 79.64314469653426 59.001125257603256 43.22652169165039 33.2589051599563 28.03458592163474 27.49537495494783 20.49151243626791 22.317382166146 21.89336958041256 19.84277050334764 17.887621448727582 12.864921757373356 13.827253247327356 15.382580277533979 14.653994795315258 15.140793364028625 12.655349008690076 9.437182554887078 8.535574420065315 8.940947759235002 10.081416709252789 12.123330378257274 12.884770982840006 12.628901298521729 11.458192592524592 10.175058257939533 8.73464605442343 8.386754507685875 7.618635148934038 7.053016314982553 8.249991917670181 7.919114220942695 6.716233333235047 7.1367832962044995 7.56746239459343 8.504016791897268 7.02812665927768 7.232381207081179 7.227502990860725 7.250359412238994 7.072974104615545 5.620663318428897 5.385511149087324 4.197939810262519 4.682187808444252 5.529314172115109 7.260427360611824 6.977999416338831 8.392331023349922 10.181773557593408 8.807739884726068 7.640902767140544 6.291608990189893 5.662049188989457 5.377338283242604 4.388666961325541 3.965917771836206 3.860903439591037 4.170586267599575 4.048808956799756 3.680280753811019 3.539956127391185 3.354496026600272 3.243906594172975 3.737266797133084 4.0410975809171905 3.5019758885328995 3.167455728604397 3.364593655252432 3.319382558069935 2.868689742261687 3.176220274550803 3.62924970959565 4.073625487525745 4.458999478318801 4.785952786695035 4.935192712515168 4.776058047521176 5.4150411813805555 4.109509103503162 3.988199041106962 4.036842889510421 4.223804863985751 4.469145489532443 4.866949968620017 5.824476175885331 5.595223745265512 4.912750412767167 4.729653587288225 4.67449220361439 4.6866552441667215 4.699819226765001 4.679429283231813 4.522611047849887 4.13537289078831 3.703813156005082 3.5833528922188043 3.8508786188333377 4.197488622306795 4.570269803985834 4.488088692259843 4.079172950699866 3.74871117841138 3.3532568469316097 3.1525482813183823 3.4193386704706596 3.7116122826098783 3.674303051763825 3.6014764479717587 3.73720085337424 3.938637503936538 4.603755841758279 3.6946066683627214 3.233017606277637 3.7304131417025985 3.6435144983598975 3.4711160836946866 4.046980867275548 4.603967248239199 4.5428813874814695 4.1314154849628375 4.210403015356145 4.134414185124139 4.413263372541574 5.140381866177407 6.057533912985345 7.171452484896495 6.389518735965973 5.050587258007395 5.3585985766642565 6.371230037428637 5.458131488915841 4.490996027529678 3.7778563895369763 4.6139154479363045 5.09979075414536 4.289330296696861 4.65597199081038 3.68252823948443 7.092848756911204 6.145577159782268 7.174852077674769 6.145817151751387 5.849302850597765 5.633138830951309 13.277676204905625 11.31628720456958 1.1712354562068883

GCG>GCC
9.958324704333565 94.74392544801384 58.91630413696114 34.969420404170826 21.056854434061695 15.12876324551169 10.852904496088213 9.910912753271104 11.581012587822181 10.48140169774318 9.118435843269832 9.611947579691712 5.7090262906264115 4.257967066476421 3.9845311132573373 4.306436724819399 4.559223164495301 4.191557756155754 3.7374923546909162 4.6252864599178105 4.67877722586145 4.645794574275824 4.248139692427856 4.722708312939062 5.244302421194232 4.692718424011443 4.616886929375881 4.4584887919497405 4.520883722018724 4.33634476236495 3.8401221754396353 3.3677762404754286 3.0399108304403493 2.866761751847982 2.620954184567501 2.3392696308594143 2.1479841702959335 1.957231030504971 1.7302455631288645 1.7800664672761468 2.0511175705659506 2.0910216234813683 2.0263491069576123 2.163624287701714 2.318156600233325 2.2765371407776303 2.232424141941259 2.2158465648318333 2.2264121930550944 2.33532659359257 2.260366645628938 1.8669686525044 1.7102151447684535 2.0719684942530976 2.564451565290353 2.731991981289124 2.519130322165509 2.462537243815391 2.6738623336885445 2.796444021099721 2.64209647157451 2.5202224386035734 2.519412306441411 2.272977520770837 2.0628468463161527 1.8730341510863915 1.6114905719043748 1.6356904993035604 1.9552815856276393 1.8475148734443356 1.634744647872067 1.8198858757808714 2.970862661824221 1.9559032357052384 1.69992533335585 1.7446362549888081 1.437173496916607 0.8974941430143585 1.0283027187749048 1.3078767018570308 2.6524553369583974 1.8984003534416547 1.9392742461873853 1.8979844168877675 1.9267329948660723 2.0220295892890072 2.0964365270955385 2.038902517088901 2.002943305899476 1.8708404188478038 1.3967832102475044 0.9694446925060348 0.8367038037586517 0.7756450333280268 0.6518229315890622 0.7922895110177758 0.9831326166543264 0.9562949044511465 1.0280107516585026 1.175681804668119 1.1109853983677864 0.914565690169519 0.8509995678069348 0.9667902292846385 1.1279090741780642 1.4003831781242106 1.6192825568989793 1.5362095542002436 1.2887926693686496 1.0396746991002979 0.8030570192876537 0.6093679064436937 0.5456966571902061 0.8043894351228279 1.0593361504915115 1.0666671597934303 1.1179698414147126 1.288275933177198 1.4086312559736482 1.3447484605870557 1.0576546255198005 0.682623873114783 0.44579947365331407 0.554511241074556 0.8598270117629979 0.9871543597548325 0.854259088141145 1.0508912664688737 1.3530879532720546 1.4320132132301309 1.4828170566502799 2.3837969922909625 1.9519333347861656 1.3174305115156395 1.485734063045462 2.0088982584916106 2.6184138976152402 1.6029402671883042 0.8670725658424403 0.54195560514047 0.6137285760849721 0.6758221136809357 0.8193249566454383 2.78836240184709 1.9465282092888163 1.4547970300467976 1.4228105784534562 2.393719638074232 1.6925438476175438 5.6353433084046145 0.613443552436289

GCA>GCG
10.619445643418416 103.2934005567448 52.833909841910746 39.59647613827061 34.06299195530865 20.620633876566327 20.062779094504528 20.821183275638923 18.9765120179673 14.731747950799939 14.186678687387055 11.955079945700405 9.800143957638996 9.314992831385565 7.74528244885796 6.940803296772095 6.426471644354005 6.911665988239502 6.670295157125431 6.617515821842057 6.4333328775256335 5.110430508416083 5.385385358194317 6.261777267193775 5.539377519417815 4.8587293723189084 4.471330619004242 5.111081496683232 5.19073994873373 4.328126567631254 4.259151178304923 4.018294398405922 3.571320166038491 3.729496561338247 4.703740573996876 4.198653550674929 4.218835190251455 4.515340154935433 4.69716676136635 4.027366087994329 3.6300207929501656 3.275332317669355 3.434705381942558 3.72658169172558 4.243232389442806 4.779997507108916 4.7522171293516156 4.191129303077933 3.6790697042511025 3.195310945530636 3.191833547390109 3.6332014686182648 4.090758143148592 4.358823726954649 4.454290739147528 4.43718221066579 4.1849219507108355 3.754995785627478 3.4391287284202803 3.168927296809925 2.811451818474999 2.5334913895697753 2.260364215673058 1.9311604752993756 1.704448094508468 1.7527941839937473 2.138424332545996 2.719822293976335 2.9818337387996876 2.7683340207487785 2.6020446327827504 2.6202163041909747 2.565992139041702 2.368930347621538 2.1737779457802344 2.2591088898456078 2.5491886752610777 2.5208727369342476 2.181214456570258 1.954942223586453 1.9874728992539095 2.292401419961767 2.6248205343103486 2.8006879153384148 2.999597233968741 3.204286693555833 3.0898240814780555 2.5441883512950474 1.8491843092681557 1.341535878418612 1.129093002906466 1.1193509906128847 1.2452991346756899 1.546871788283195 2.166136953719297 2.5244769253603576 2.2013808546173905 1.7225316007856675 1.5527640578996462 1.7727073710203687 2.2166983018928472 2.8201480630765934 3.467815515133564 3.9230001713763576 4.087472515026765 4.076381403802066 3.920913830324301 4.517965049723641 2.944398792499128 3.0889598789145105 2.1430358453522276 1.6093720753464542 1.6129365067724004 1.7126956505352362 1.720144325198276 1.6996040390080889 1.7557234963534354 1.838931940843748 1.8909594026067396 2.067046990081772 2.7651119299154545 3.4476450858802865 4.27499246359446 3.5053717063910432 2.6468590477426637 2.037518965893068 1.7466135912963672 2.095623723152487 2.4047769309591662 2.9744177767029805 3.776927412790039 3.522324222948966 3.3980049328525292 3.2826213446923047 2.946205322562003 2.5215803152271525 3.2046935672351893 3.1480699925356914 4.052574428816101 4.133142594730386 4.137383149493039 4.173178859424523 5.790439292685837 3.3413239205681333 5.052568267057963 6.054066235576403 8.750419373059977 7.263430294453564 6.567774818763838 12.108376027532657 1.2093886502593854

GCG>GCA
48.600837383191255 440.9707664033926 225.98583403900426 139.93480310861656 94.21138585441479 82.25020932725604 81.50933273761699 69.33678232055335 60.90948406643451 49.802367954212976 43.193166196555275 41.16381783634543 33.52152306440685 27.523721574438913 26.243727083793736 27.632660199744603 28.87263703603207 29.510494024666116 24.362488176130803 25.069247939844843 24.703356105126847 24.01951340865972 22.95136812610566 22.699050567311904 24.00359663667148 22.7674099180254 21.8403325396933 20.947476868435825 19.335324774891255 16.272462553004893 15.52460402315961 15.18183843000403 14.075851178887703 14.636509354639909 15.471280218950502 16.265939509984275 16.241720676285862 15.342280090156303 16.59866726520017 14.352054622717588 14.313989286398888 13.48295568498185 12.989257678000163 12.589666582522417 12.316361733749183 12.152671963901346 12.99766655942517 13.146242229573152 11.451224574404584 11.12792115213259 10.99071123576206 10.879333120298616 10.451338158924258 10.418882107988473 10.251652023001574 10.005990234852126 10.585325768681013 11.373683919887913 11.047719349260454 11.539077006747195 11.94592664373349 12.524579053098508 10.636757542121396 9.469360389072763 8.639847858174951 8.53425289816658 8.998970875839573 9.785533200432381 11.186019575899481 11.93211179029335 11.183874929870315 10.231784294515707 9.309648038949115 9.327134484310752 9.509115691004004 9.609009706852442 10.204320851824505 10.927735874759344 10.308386861559226 9.29342799516299 8.324556197605247 7.341990384074534 7.172811993339506 7.053314366788017 6.704816128846174 6.438294671553072 6.4813093891262605 6.491942608487949 6.5801760512413985 6.620988702963885 6.3126198422726185 6.423332004357667 6.960123798449919 7.455705324576687 7.297098331659151 6.911205721900905 7.302221190331388 8.04685055147788 8.131389160088537 8.4515943044946 6.578605493912008 6.001233926748004 5.831435031453151 5.976176720099106 6.854687563026656 7.38409958672578 7.660010586711518 7.922194181164446 7.769050944553724 7.516851318370861 7.415480062922465 7.842810210813041 7.878888030070528 7.044154280128318 6.513653942410389 6.208181546993484 7.476348539493289 8.792146344720582 9.964142522927743 9.58639805575736 10.042770337286534 9.874945133285282 8.450826913779386 6.629551883738963 5.5336568474662196 6.4365275024657365 6.220419874368941 6.763125121360917 7.905349938434234 7.170210343613466 6.250770983918767 6.703391473544891 5.9172029576886205 7.064841859897852 8.485325087083886 9.812408164834341 9.766722014765335 8.571946636502995 7.937762352565771 8.996538831364129 12.270017869093014 14.32804976970138 13.268866717802053 13.112410156543838 13.54072965124788 11.239322546625047 13.370304049234697 19.67561773692716 15.84765663706574 29.497244670947648 3.091204203509266

TAT>TAC
18.926651265253906 165.53123416581974 87.96107530531881 49.02105880390635 38.681813688373026 28.762577309467563 27.37613673064627 26.098983363515554 22.582833387047167 19.392132469053507 15.562359823155514 11.496709183758236 10.761491474856022 10.284378325007653 11.197902963512924 10.801416778844827 11.743363612099195 9.059229886574231 8.891248957987548 7.72544275841989 7.513294080344852 7.0277851841097405 6.629400549112885 6.368099592551623 7.0762036873693015 8.430185184553808 9.113289376499992 7.640470723077405 6.613596701014273 5.068731963656086 4.679490165898425 5.288104665755311 6.341568870953839 6.863960769524046 6.915568792143534 6.900948143311328 6.920265526339368 7.1744324529386905 6.5391190660678475 5.2790023529148185 4.479374713851797 4.450354006321275 4.984271115894232 5.605803052975496 5.802218516266518 5.563069834630666 4.673860243199843 3.541436689971498 3.4508100782266435 3.665788555171617 3.968451490914724 4.1552769477763665 4.220478916975722 4.239790485294018 4.241457796534478 4.226507094568605 4.178454441422868 4.119474110164148 4.271232746930508 4.631510578064441 4.487354508213407 5.025270951179599 3.9343503714232018 3.86832879661083 3.830856508838634 3.8770733903752506 3.9358230571483883 3.7821271660711364 3.42639123482819 3.2138758961300966 3.3437895572555423 3.6039969382101673 3.664696825047322 3.4636642410491607 3.1962164611006756 3.020251655705764 2.953886510238083 2.9405547754695354 2.9372115013724964 2.9500779700856405 2.85449689130776 2.50216556503851 2.086297271336013 1.9597507931248728 2.2119329337294937 2.5934068743522274 2.843728734226738 2.967110090292375 3.0860951076093666 3.406577568254355 3.8096099478200056 3.747632955206779 3.813355107688014 3.05629220744339 2.6466091763832122 3.2632032862367906 3.634295530440794 3.339146340848926 2.954013656854214 2.664503546622169 2.342784681353872 2.055518881508481 1.9555673198202277 2.1243480466287035 2.54771899734116 3.28231929703645 3.8769249934601913 4.7943852248428485 3.20593145780393 2.559463924877176 2.04101008422123 1.6646078363655776 1.4390045849392699 1.4673688885631588 2.2455056631080836 2.565940483119903 2.480985463812668 2.4505193329173522 2.4057578894852787 2.583668918165975 2.7228403594585338 2.477588379618674 2.168352132860298 2.1167882570821863 3.197375525300592 3.423474781948916 2.924733309312076 3.171899099525053 2.1808493454677995 1.9497557596986126 1.924865151074599 1.9255780128724107 1.8602487658437552 2.3435016217955242 2.974452393174435 3.4607280007455206 3.908075662542115 3.3403236975993957 4.941788469972209 5.249785275563253 5.088953094202744 5.589132022967044 5.779115929650183 4.230172068015213 3.2920824637416204 5.468788874576875 7.284630448128299 9.21283140225371 17.233367781512527 17.624926171290443 2.23646235575412

TAC>TAT
75.77386058596741 663.1483147007815 322.28553915757766 206.15456472701595 156.86884346799434 148.3495681338392 115.2348916254069 87.1865688595976 78.3443573988247 69.20006215008672 66.23647265266176 62.97956513690267 50.033873760793846 53.21946306811441 52.31748584883045 44.33519725276417 44.98666972284557 46.619597550080236 44.37639655059795 40.31210758601632 37.91113968349062 37.423476921193675 38.17476337521853 35.04487889495676 34.17794450848071 31.900496755864143 29.922881883528085 28.51040618238899 28.96073217331512 30.431950675828755 29.918436803272062 28.916352134421903 29.5235841193161 29.221202934028238 29.47966450532479 27.188404382608514 25.314645662661878 25.507912143426623 25.326470913151912 24.784267659551617 23.171809567832234 20.901588506571095 21.440238026987366 24.09924685449373 24.146645868717712 23.719102399202797 22.437280316355892 21.08983780139226 20.253994421636914 18.403387365044424 18.595219936121136 18.45879212981074 18.03738994496938 17.88849623972207 18.202579883398098 18.60021303680238 18.922785031462098 19.01635087971778 18.825921300294894 18.719564468748292 18.37651933093375 18.32491231289482 18.659153085491926 19.42915354530162 19.121962607040285 17.117953808260808 15.63849472619598 14.206402286971821 14.875797223528247 14.006873327335114 14.253381663598905 13.16680924096263 14.001834002124173 14.810142330885355 15.597478043848623 16.04565770678136 16.33937821515315 16.91931449389412 17.60702078420287 18.966137794849576 19.326204029204117 18.028088287615702 17.29799282532179 16.68056928896944 16.924616239144605 17.234333367323337 17.267130646756257 17.717303759287123 16.823894140332094 15.700900520684893 14.863029258241628 14.301020904043463 15.144754670768883 15.585341901736518 16.031483295096777 16.160144361057757 15.766822634619183 15.180664843643516 14.532971622128581 14.405130136180066 16.901109089515405 18.621975793880583 19.198488685852254 18.735323753159907 17.22187589075872 16.06917224612423 15.337111699204572 15.781684507652397 16.29055874718187 16.41532727941696 15.955432368138954 15.13594846239197 14.816800581669638 15.946581647543855 15.835498171408917 15.024014380587067 14.920091820418603 15.484775953550443 14.827802513776584 14.56932238363899 15.812413214936885 15.300379460283137 16.08693713437297 16.62425006376406 16.137340875707363 17.231508954595636 17.287326726770658 16.93035455622232 17.326890822997242 17.810355749408664 16.245130503881857 16.972503819742833 19.893117060239057 16.23868363758644 16.28819957521806 16.112282031883524 20.029125494457816 21.4957339797799 22.919989137345976 25.500916288583355 26.48734432434012 25.533587693621 23.147277705040533 22.19218297202167 25.08043873949141 31.97045092105325 29.732736416588647 32.91817886144596 39.08443016592776 44.480467441943006 5.070340204456517

CAT>CAC
16.145615977965953 142.10641393351096 73.85860091489116 58.86435885830404 34.21176503498158 25.60742813967556 22.550037479921603 18.89806569329385 16.565906337306426 16.402006472029697 15.832055943326154 13.712592533811701 11.030605991620012 10.922889854735093 8.256336297097286 8.870273057776075 9.71506737615799 9.346231058891835 10.521626094842683 9.25133473286546 8.765779588489169 7.886230327111527 5.863316443707412 5.413647442267291 5.762798792809936 4.293325328725613 4.524202808611717 5.445418182840289 5.730061306078558 5.3473785160417675 4.892492374071048 4.396902221655543 4.422265473904375 3.4186848291137424 3.465061387588274 3.7739029250829894 4.1987238979587564 4.3941986463013585 4.245428558700603 4.067729305073486 4.486954509322728 5.050469815530275 4.9902307755873325 5.660656052025737 6.250626611572575 5.472346454380591 5.334898175723858 4.9631711672225345 4.373667739179618 3.831038231370071 3.5118106815020735 3.553271530813335 3.8725603157754267 3.862067579914212 3.6303297112992117 3.5783470814556635 3.630271132328399 3.8514820448341416 4.3876045254975455 4.480161132687976 3.5593388184965375 3.186396221553081 2.8546894837978405 2.7526443189623526 2.8698273833321153 2.8864479776107843 2.766462666107091 2.7812720002339666 2.902353579259243 2.9125412434281355 2.953367173466086 2.894075292395405 3.240128773975967 1.545309993659416 1.4059854936656924 1.7880580348078228 2.265599835125789 2.274234703965779 2.0450616787068165 2.293932612740684 3.060743392763041 3.4074110828957 3.2180511712765165 4.156333751526026 3.2811897445325395 3.3756140473995315 3.4025083204274393 3.467095548346556 3.570476112311194 3.571590593720747 3.3853223162599626 3.2310333528124366 3.291340177475713 3.4223079836327446 3.7991323114866873 4.150594820427536 3.9869693830465467 3.478142215441861 3.053047872048642 3.005923346963444 3.078301875109753 2.768396026853965 2.1956196251298703 1.8419167889374601 1.7937283210595638 1.7945744449126992 1.7359884562406014 2.7491666604626213 1.8609805336224905 1.899588962966625 1.7791802307163533 1.5810989746134507 1.4606148210960541 1.5384076343942628 1.7208416312641028 1.796607477179879 1.73559297094204 1.6575252806582814 1.5914823784088474 1.773002730836112 2.076940456774607 2.4425555049638192 2.853008434641877 3.497067596497627 3.910208007655101 3.607223974396601 2.8679860695451165 3.10916051187789 3.0297880370642725 2.7218984848272583 2.539624430444717 2.702616389729945 3.0814088058652773 3.0948831158900814 3.1589272016212737 3.9418118439388925 4.177858935586895 3.739476729062846 1.6363750087429731 2.1752636925917557 0.7679369112488187 1.1089786319625352 2.3802337893551018 3.722977964372455 4.015697228419338 2.9641342639382846 5.072470465082363 5.780107355981536 7.671572120744412 10.273601960861013 1.2843100136629926

CAC>CAT
60.981142543490456 547.8325865286606 294.389974842117 194.666137275349 131.59941805931635 112.4195729687996 91.90232980241424 85.05674085907452 81.2028923024814 65.90212864555068 57.276933445856685 51.84335083601497 46.601322599837644 44.76874901910992 43.63708535793017 42.049534574262886 36.48472579190337 32.024074283999184 32.224406806477404 34.015851806399674 34.29378765895154 33.49794356160106 31.196955142389484 28.345736916698062 24.822113848503797 23.346857913229233 22.808592504624524 22.65904985289271 19.901229720907565 19.57363619481632 21.85933639443177 20.57197470768541 21.914702247748505 24.15595578669994 24.548196063401264 24.102244913255593 22.271547198816446 21.765159454044944 21.85675497967089 21.009127734034582 21.040406995638236 21.73252692542189 20.088004114376385 20.97187116350102 22.196086798067586 22.132984074033303 21.058487776582826 19.63893414469741 19.082118950235426 18.544446247598277 18.82586319996696 19.212217046924458 19.89375213861135 17.34193012735057 15.839404490274745 15.162667508820075 14.510340657137215 13.980922847008387 14.3228774201486 13.575946772631049 13.23762831628115 13.420742892635324 13.45394893646541 12.945188716247609 13.899981727323437 15.516011051230404 16.63512206889223 16.77299786415365 16.533139929673922 15.599624341144606 14.329802690279159 13.77122610212289 13.25055263983116 13.002337919045878 13.123491459095826 13.350793404468345 13.038019734489756 12.522218441596412 12.63366910858521 13.134814495128724 13.761207432156372 14.32170279522595 14.438065861710589 14.449912208230288 14.221962239122258 13.031134958395311 11.626140724814874 11.95025813900167 12.80426581845827 12.681166063274055 12.232257491727713 11.841938166042597 11.950505508344788 12.267779248269115 12.050966309949704 11.42816192776027 10.715232594752527 10.348970398518645 10.732327782618235 11.392383761479877 11.718794406476128 13.492447610233334 12.290868892850503 12.637194545253601 13.761783144685609 15.164252100472227 13.824474240414691 12.858410926938406 12.218138285317645 11.786631598215815 11.135316896420443 11.5183084316419 10.277860148393097 10.636153794420537 11.323486114148245 12.50163553829913 11.408845885510619 10.607338848177799 11.518938411404365 10.948536299950673 11.400721994404613 11.865652451066877 11.318585957092747 11.75499237657082 11.86045036412423 11.856913265949546 12.937688219221315 13.51532658079039 14.027349553946936 12.878637786787928 12.571881100109959 12.764613919089314 14.591535721367604 16.366623124945885 16.14701668160351 16.79683793842673 17.025853342130727 18.403243043001847 17.482951356026724 17.56504645448473 19.107993436139495 21.170813312096975 20.704263074683166 20.099213530925077 22.56798843129512 27.66763025335675 29.673196283052082 30.21501376213065 31.106440546959046 39.39007981610744 4.586728391867833

CAA>CAG
16.833178820869644 145.02059658054833 58.67849030984187 50.7723582666975 41.18960294181519 27.939257627302197 21.46408438834236 20.821551406402786 21.945605384223345 19.290932980683568 15.942011159223819 13.992695541664656 11.349031536871914 9.682068479994397 7.23564578363513 7.718723003946468 8.973041487874855 9.10263606002392 8.530655701625026 8.46910534532702 9.55532894953222 8.993624434367794 8.412727225054283 8.157458563289056 9.498866779374284 9.15028545383786 7.087797957363044 5.268241636596211 4.69656600269968 5.366431709828509 5.781613640697074 5.489721758316492 5.84321945857993 4.696425976466409 4.2031849832726556 3.681275058138553 3.975713428098847 4.4821980158833785 4.6615437180759365 4.902471555188089 4.016670511477856 4.718351392058731 4.916426761730542 4.419575286948567 4.349345563618822 4.591118765058915 4.859693080293846 4.61649858279277 4.414906928893152 6.243787316806078 5.675107612752147 6.018716284631967 5.953252015789976 5.951323149014754 5.780379290081336 5.360117177472888 5.2242043549494745 5.539909622141791 6.042756310487976 6.387307743174424 6.3738471566698935 6.05001598384042 5.502424938469236 4.739446019856281 3.8764488586676626 3.1861930388118855 2.7504343620901417 2.442916986207761 2.248595866224064 2.2594276211168736 2.5529922575284103 3.0873417432227526 3.6125215030032503 3.8946570699370304 3.978804156949046 4.286736921993835 4.597518514536502 4.321306611359579 3.9785003009376236 4.011002776734415 4.303878599924066 4.635919904451681 4.734261166324623 4.487139981166955 3.8927648299819606 3.0837688145878555 2.354300882125944 2.0033395464932346 2.0675324302340767 2.2876990079642985 2.4536661648340603 2.6553076415586516 3.038206956301835 3.481507703605781 4.355792811517866 4.0279860627241755 3.30399233890715 3.46134531615358 2.765912527086706 2.292642418224598 2.644591966889025 2.7292779380989147 2.3325450602768734 2.185989709263523 2.664640151139127 3.527850871815848 4.101601224637749 4.100643258427506 4.002522883318061 3.6819084981489962 3.852221998419775 4.3688964870075395 4.483736569091969 4.233552533295216 3.804633486148956 3.16332753080855 2.3928820724686837 1.9668628023036387 2.355238479403301 3.0656679005449585 3.4742918276483445 3.8366323456589293 4.005470995338743 3.9895654427588845 3.872759838662469 3.6812602880417598 3.52993285301032 3.070722267758784 2.6370788248236203 2.405696420541575 2.0735082291842546 2.2033229188407994 3.236111216876109 3.4678682292023497 3.6642423322006112 3.2877571505449597 2.7583392272441394 3.509587679596192 3.603404734327215 4.864184882400535 4.942414658045603 4.580667947090402 5.288820252630958 4.11942359382336 7.1426417024941 7.06125160626422 8.755981831211583 9.436694725563893 12.953649948123742 9.620249157515532 0.8943607969917016

CAG>CAA
130.54484337054836 1179.2655455058941 620.8194961148031 428.68873752909525 286.65396867905247 253.3655292852184 201.81518358925373 177.31454226700862 154.2403044029833 136.8234704559927 119.154082858139 114.6573302018772 106.74137197856254 95.94299302614073 89.55859942865715 83.34717798661408 76.56359707605175 76.08265827088515 74.53523391269698 71.73411807484855 62.34139676753561 62.393799522726205 60.32088285823 58.28212473420848 54.59026308888463 51.877527658279824 48.9959147363981 48.731317910073045 45.90699809215306 41.90122687872219 40.13627952366197 40.20560194886045 41.734010229679285 42.53302058572976 39.29835011255424 38.0730779076379 37.70735520773477 38.06604670479705 36.608242391308394 35.37442439368841 34.18863402077612 35.0395282242934 34.88459882794065 35.639842919456136 36.75309469701986 37.56848836705816 36.396752817207386 33.809268225759865 33.05921923547749 31.409735231721488 31.500478254335555 31.656268346612613 33.321951103607425 33.41948495012707 35.00023795612172 35.29091077387762 34.9732228612823 35.480075632459524 34.45633773356657 32.906640602955825 32.41058883852512 31.34179180588 31.41822692450113 29.6458832193124 29.730515764878373 29.814396389246 28.67399177386412 26.558529750749102 24.896660768643265 25.143010980525226 25.500867543577524 26.881397682820324 26.908294707481463 27.528731986620965 28.63710417039325 28.502794594973604 27.777764203411863 29.101903427330658 28.29684725336157 27.386273282119596 26.727091196424205 25.862597438744398 24.95957123198038 25.07745986805965 26.129357016683947 28.0917806369498 27.4977055980976 25.904397125516063 24.828139497490874 23.5036430491927 23.45973208703055 22.37723590810449 21.609387069954163 20.48291541134489 21.658940201215618 22.595813333539056 23.195444367155904 24.580949716746847 25.74621615483519 25.782335563825978 25.04209217001468 24.82352607097936 25.66431873939296 25.76199183879064 26.07613921187663 25.763805780942807 23.984417300343065 22.028072510064373 20.440831979949003 20.253191090752633 18.721672130226185 19.8140589498472 19.874263917414925 20.50853486487634 20.18657224656924 19.392187282235792 19.162863621829466 19.644322534075254 20.32694953228516 21.780435619485676 23.983047525266684 22.083488512889353 22.901405919226697 21.094825820229023 20.247801476863046 20.559983194539495 21.18087042080341 22.035522988062446 21.193089680042657 18.87723197243884 18.18804042937638 20.263509295566767 21.15544355114449 22.429346628911613 23.953124924098656 27.412425386067518 27.331161732818035 25.415295606489064 24.80657376776712 24.276451210192494 24.64926832948125 24.365077633164773 23.340362930943723 28.916660164739575 29.14260062931628 32.06143812828058 41.760487507490666 49.43368223242569 52.463519313317725 64.86911701162362 7.451195094520171

AAT>AAC
27.49269789529883 246.58129046182916 122.99705197983658 100.24484837748253 61.1211752762529 56.802341021569845 46.553406596082255 39.23204993385347 34.33732441631276 27.488787122220298 29.176072392296515 24.82467797019374 21.05989641971825 22.377971785305448 26.633109491253695 21.750435058228472 21.267811319021643 19.454740131889782 17.42625360401835 16.87588441577113 16.35188069337109 16.332479371830825 14.725070084602992 9.83914948409809 8.364770968654991 9.99180746156834 10.081457906737482 10.17274931697159 10.010566503025661 9.572934940180113 8.848356107136569 8.665080386168766 8.211212339979545 8.93190515868853 8.116480000784478 9.296182982095061 9.083303710232752 9.303140972641163 8.844737726867313 8.3240461043191 7.619210444382184 7.38294422369673 8.59665947772131 7.706247559840189 7.014371557384796 6.738296102075693 5.4866708293284985 5.470049554965617 5.513326441224746 5.775131500371308 6.452809375549106 5.941494536684236 6.279961140608152 6.67723460446323 6.706532939931376 6.4627034647011765 6.150789455635135 5.81597344820287 5.854070658920913 5.751781000661084 4.984635280453821 5.103290751114472 5.378035582063191 5.860621402025244 5.815604461585763 5.237993717237436 5.610137896297292 5.7895917109558175 5.3677513403087955 4.918105897787666 4.870121400476916 4.784495279061352 4.451936339483723 4.316420081567411 4.523248808045426 4.745004504951409 4.789083609157084 4.877310907092415 5.488632532428056 6.0156932486709405 5.657100422497965 4.951589446056418 4.786317594487931 4.0331158462261065 3.2809951865657885 3.310417285129724 3.3492898011354026 3.2239746713674817 3.722524603295644 3.7281993259450537 3.7436245227901996 4.298617514986056 4.826036424496425 5.239833561581329 5.386454611669403 5.198837716535476 4.864938198848795 4.527817337500632 4.282752083584955 4.299795925566868 4.513188548749628 4.522382587716376 5.185272306771282 3.9317432081033545 3.999217567934497 4.034895713598043 3.764935567255445 4.188952676064493 3.8690773891199286 4.157890725865435 4.723613645624775 4.906376329105971 4.676370764861951 4.57752749195275 4.605098192843383 4.67953346091406 4.827940028252519 6.256523690976866 5.194885507215329 4.876699244347044 3.33752204006256 3.0756191250873415 3.2922633548390356 3.8244795059705075 3.9879946363078145 4.2352955354092074 4.478533993478762 5.272256068800953 4.295401958578164 4.770160553777612 5.411129529519915 5.946233509682916 7.654775152565312 6.556272403512547 4.933592654852859 4.281595419610737 3.7691292363093347 4.704836386052615 4.4893801816129795 5.043803619706088 4.188097310405746 3.738324454749051 4.3321146870476035 3.812578172448674 7.11862140256246 7.749512481174347 8.828577622440292 11.336831009918052 11.321264028363014 23.609441058191432 2.310895223918557

AAC>AAT
92.14411001401419 831.4444576439628 426.1031367353564 260.3521843055902 201.97259989092427 177.98756116819243 131.8639719300324 126.33022082882776 117.61223272715307 88.08064673129331 84.97650056401432 81.88094145998885 78.24496411021848 71.65510788067472 66.08278730450598 63.80966715461319 61.029749129887264 58.50966535360304 52.82337779422785 52.86359983012254 52.30402803991064 50.305747286116436 49.82610436331616 44.39728215062087 39.42267603123757 37.49748698294912 38.21104070741504 36.27170245413635 33.1769022630741 33.039063004068986 32.79196058882207 33.220557717248724 31.858975829909223 30.641489727324263 30.459519113822537 29.259838598798844 28.25892376595539 28.01614884046808 27.261792271682815 26.423369799771997 26.01611774514471 26.308368625602483 25.398013215374995 25.637347687952882 26.33672038289597 25.937547226982613 25.69317948944814 25.787306635760817 26.254720462503442 25.713568245066696 25.33893833750732 24.562039109032515 24.72380207685944 23.636595008189314 25.245396210236837 24.814658183486884 25.618332969988675 27.122164050196012 28.071734792835315 27.475472033079253 26.830817183369803 25.61630265138546 25.652590987364192 26.190361134263615 26.81894416301019 24.706488429132186 22.85293167961523 21.45192839809265 20.513303404666445 19.464653670674043 18.20132514235256 17.550311432666472 19.741045790742792 18.008971728235114 17.812920483594578 17.478233165495357 17.45879451323278 17.803257239525852 18.314381358002016 18.935269043330663 19.29363433276372 20.89330035761086 17.794477071997864 16.600549125732634 16.93257935721764 16.021823588601883 17.141163631806016 18.95195444652493 19.749765772619714 21.125944601105118 22.359563303238872 23.16392859873842 20.784207138814427 19.632500672449712 19.758028352823754 20.62230599637125 21.115033332538772 20.856034466369728 20.423009399126613 20.099431817609943 19.551127721839933 20.112630272408683 19.02809215436132 20.024378291502032 19.818335548727077 20.367175716076996 21.09577628065627 20.745563602226987 20.2197572666311 19.062625960541528 19.664328404112386 20.129444619804612 18.901299539788884 17.19580306412104 16.625514464074048 18.702162642808926 19.03395284879876 18.95718642913981 18.910703424992942 19.003955544412378 19.3746077140986 18.268413583113126 16.840539106854617 19.052306076579804 21.913594900585107 21.984234181705954 21.245807823839243 18.52033163349254 19.40909666516511 21.02268542512311 21.77788938489262 19.747784340699784 18.805160511414805 17.75518732829134 18.016711755709256 17.77167961454426 17.856828263997436 21.78575635090281 25.02376040854735 24.180740920511422 23.986884633109 26.1115499217465 27.524409341461677 33.23747418034459 37.71726686347127 33.80431671838349 38.014048941931996 33.49063020236667 43.60927634226791 58.62791699345392 6.5471145295589865

AAA>AAG
25.80676854972493 226.52650570351796 107.37460025513153 69.10417150277627 58.149686988803765 48.16801723036143 35.481658489216414 28.827157046665793 25.88055468828427 30.06644486749235 25.460918822769596 22.848905798891508 21.593481513312042 20.53319615231948 20.75153206486689 19.399441503158872 15.460222441792395 15.031797032198709 16.32109288430523 15.237835149450271 13.42990030747033 9.861354278169953 9.741452152001807 9.398999098241777 9.820312176052859 11.00743859048097 10.322424018676983 10.812194266086658 9.246946324523588 9.235266547571685 9.3418397365941 8.716566158487096 8.166993102231158 7.945646249590162 8.139076357183662 8.758807440543118 8.273269841960918 7.406070010606378 7.599069269335457 7.854650237659904 7.6490980581271435 7.078997240009028 6.564345916865367 6.457506365241734 7.150997211918856 7.587480596987335 7.192479139367954 6.209837950919922 5.401689229277292 5.283069702340119 5.60841948881608 5.410733763464852 4.916387609637842 5.016381301404738 5.227335739419763 5.213914514408197 5.502699431056605 6.1816361715519585 6.204615795754915 5.524976278998084 6.055842445772205 4.588800635329602 4.293064758473299 4.32215434036608 4.430936304040598 5.354916674220238 4.332312502919615 4.7481715318557045 5.9898263986880895 6.833933228105234 7.209559700595929 7.080484888277169 5.671389746489658 4.761798066228385 4.383725423214476 4.468653753088048 4.847220079689804 4.924691040636982 4.381500854806585 4.110875012587331 4.419431221563113 4.909935293589125 5.335341309574933 5.4962805359871645 5.320298293434117 4.941685971588351 4.742401585873426 4.984930702053157 5.332379969051043 5.277152612270415 4.850596576411281 4.432950447827816 4.191239909851587 4.009870955359989 3.867307800351473 3.994593173342677 4.4087019014990725 4.7501348836140425 4.940049008571874 5.082765800546052 5.035154456610926 4.808416178494557 4.91706580812452 5.232324817167444 5.295785509152429 5.234841728151149 5.200376131476383 5.429300299603814 5.201807368589343 4.792550649356693 5.709223264907303 4.574823823125839 4.353963748548512 4.362329794542843 4.391189403851743 4.30565700397198 4.027226554335293 3.942127679450113 3.9633930665796773 3.86775832912344 3.7888003669450354 4.478958903290683 5.219804212581284 5.829037869201265 4.738737142742467 4.021474369679989 4.474839275554515 4.896630647629114 5.217116903446196 4.686804538463714 5.328601954437002 5.378974966368299 5.076376206476633 5.3685668503774755 5.760622838254045 5.586124637729792 5.748714076383781 5.6811886238046565 5.123776032761528 5.9275320796061814 7.031024179262922 4.900353279877095 6.27080038117047 6.0847510664936655 9.758644674116928 11.588487751141157 9.425759771904158 15.468064937083874 16.237117319495542 22.162553898003253 2.531672938731416

AAG>AAA
146.98255626961944 1286.3220967934012 682.6624483883804 451.5828296397507 316.25943812326665 248.09213727842527 229.6268963749394 193.62532104380998 164.57204263446434 138.57633054633823 121.74724962162432 115.83009228496363 103.9351870203531 100.36489151909456 97.32111416268766 92.94517129620506 81.27448857023265 77.68774330627443 73.31033027063965 70.03310709652143 67.01648236773069 67.04279394682638 63.72359580738544 60.41953356982222 60.95236425310399 53.06043384326188 50.53570756825747 49.693040326510285 47.407190759500885 49.367935764133605 53.36797927828874 52.25062942029871 51.760538640987676 48.325596368737905 46.43881631505892 45.63608008086069 45.52992528398751 44.103448806255486 43.206659304000176 42.79927262474167 42.178203781213895 41.00928480206374 40.38624915655292 38.309405619096275 37.335368866555626 37.66382847689205 37.38500128164153 36.77934405853751 36.34504789213507 36.76405981895494 35.970036118992645 33.91909569930305 32.34229675694747 30.67290530724398 29.99053752745122 31.857366716864195 31.77447465929784 32.94162295700629 31.57643522898754 31.31243602198174 31.617270551011455 31.894038064759375 31.547740095671582 30.822968464107305 30.42985624735399 30.99565412237322 31.19892473001219 31.158666709243683 31.026759907797086 31.006432046669367 31.046816510469274 30.961022797791806 31.262738822008362 29.87002763883171 26.56571527396798 25.068880031318912 25.398980822625163 25.73966713350817 27.37634622305281 27.348144718716288 26.39768182099957 26.934734263234063 27.463586380797913 27.38253251781624 27.164290335750184 26.84680897594035 26.328378965865227 25.70275872258255 22.74046789579463 21.6050121699287 21.589828511051884 21.74705918724076 23.014996282202073 23.18886464638064 23.318725141839604 23.73404588290502 23.673911164410512 23.65970812114178 24.01910774956714 23.50856701549089 22.97683462205573 22.007075026995707 21.55666212218415 21.632545102779194 22.566824975345323 22.372571480331118 22.79367089824528 23.562112285786807 23.71247372942668 24.012564899013622 22.769601146497262 22.137346324117335 22.993595662902106 21.84009006931377 21.84308197405713 21.913762676994732 20.281058602042563 19.118765089168804 20.684821660890698 20.885734923930517 22.833988940269073 23.884216616001705 24.52167718549258 24.17183260140103 24.201102458528517 20.61197337836787 18.915912071194672 19.465887262308687 23.36763534718687 22.909003431440702 20.07156427452308 18.89217423357973 20.298135645260402 21.892147522966724 24.25767707734041 24.86456240816151 27.252160522887795 28.570925788347186 31.044622754302054 28.886751632998998 26.914465450360908 27.96674878359225 29.030995022814068 31.27212017592707 33.72546685510669 35.95554336937346 41.89535121354941 57.78819985122983 65.56138650653756 79.26357754162281 7.790786824556298

GAT>GAC
38.75895840089096 340.8588695269503 178.06584832537442 113.99145425431624 92.9347421072958 68.82830160109611 55.13332776144859 46.81597544613763 40.68420242514852 36.19072046904509 34.86647906708446 36.38066696959948 34.117772289992445 28.260187690646898 23.495739279070758 20.486317301873882 21.78916925179655 22.198278738625866 16.514320746681296 18.027308153208367 18.984852123684217 18.856393580943124 19.67976746967602 17.538371700738445 13.698358818085234 13.472121604215369 17.306393551097152 17.891919170169203 16.932884985706586 15.467006718340036 14.550276853102408 13.049738906291612 11.44119669130706 9.698802471652732 11.913264081959401 14.28634746787034 12.99028257555749 11.167948070311619 10.886577369464755 11.494821659835159 11.196424989643194 9.632495533374206 10.431210954769327 11.567117657355643 10.336444770572703 8.897558891327906 8.347112275255311 8.496191827231753 7.109448801866373 6.752387398878222 6.932465565548999 7.637438964098444 8.009452019189776 7.31219232537313 6.9515392048860365 8.129692378936141 7.597565752530079 7.977133239541346 8.177988538532055 8.223941201863548 8.291465067307756 8.467782300146057 8.550767329292892 8.047775854830963 6.552848633732881 6.106233912815461 4.690099161569035 4.814751195687952 4.958228223481595 5.122560393236731 5.704430414103559 6.0234985116760456 5.8550897957300325 5.1878142719367215 4.8406959890101335 5.461267831118831 6.0096743437241456 6.53081167188114 7.307719895844228 8.31520954260377 7.9326426513452715 7.07158171224123 6.769996135697498 6.364398156496587 6.643015058106316 6.2896077840728095 5.377355405537534 4.983042817791834 5.175115720422048 6.548893007700057 5.5050050446847445 5.190432642866579 5.071723137617463 5.315278324876863 6.077170837243222 6.238847847807828 5.724566780495053 5.359594542672588 5.100175042455602 4.929184126878905 5.136065984092635 5.545550254804423 5.832785999793962 6.1457363002164 6.509621466569111 6.502783761922142 5.929928963767915 5.1174545857868825 4.506977100994698 4.9271022352809615 5.175949447831462 5.236655203604031 5.445899128421407 4.8106310672589565 3.909888254015401 3.7329346761719258 4.3486776305094965 4.859557528055588 5.105511009950432 5.325703349958823 5.831542609860191 5.612322002427942 5.447466110641983 5.499849753361998 5.932392752473051 5.810969298027077 5.474162270965386 5.490625302522825 5.092882303857796 5.388282883195398 6.471247845267399 6.760366483832989 5.526845629869879 6.969381950755484 8.471299571975747 6.928180262309464 7.090566206794754 6.53486285456514 8.765175925630274 11.354468588625751 10.580304499247026 9.890092890996048 10.632614974865108 9.884505436735113 9.437375690445256 12.569035417536474 14.414804635890698 11.827092364951422 13.478772541523638 28.47829622922162 3.3206816788146547

GAC>GAT
83.5750354924345 743.9403854649426 379.05686620174316 237.77491643982898 192.0696495797991 153.4640410553302 137.54310879410394 123.56268889103734 110.9102746364819 90.61213615179473 81.13378384402442 74.98051551095394 68.758987295442 65.28215140206147 58.640386336533986 56.782149565641326 53.02081140631532 50.32744347034531 48.52099129735444 48.73811006411026 49.194563309119204 45.56856308269736 39.86081637180184 35.47675672897745 35.30510000265262 32.99800598315341 31.950189267983102 31.381006647365677 31.80588758350157 32.048567004203825 33.2019494559984 33.327704952438026 33.88612535783516 33.99016692268904 32.25859140798805 32.15413976275872 28.05096235053901 25.10716177854391 26.806982538831583 28.691045652384695 29.15082151741829 27.70969173268524 26.62831551975917 25.994234200498177 25.14372989084359 24.47286269916669 24.289937315993207 24.021497227112995 23.977415793353888 23.7133426334041 22.590704746080252 22.319232561036564 22.683350804622407 22.733331941093837 24.035802388149605 24.610304723642535 23.326281012353338 23.229561099385503 23.654370998916253 21.342159222584023 19.71653914683393 19.514369849315507 21.239430100115165 20.614521951523262 19.95769106518821 19.711360791653334 20.159622211281047 19.885721301758476 18.929915792132235 18.89873089536772 19.776100420852426 20.437478935517095 20.5908854563153 20.41179231038071 19.86978734911297 19.56686798737383 19.451073254027307 18.503310425987433 17.912124538942496 17.114593096153442 16.923430082262335 17.876331658255705 18.25286472254482 18.421396109839336 18.823390157942967 19.43362602015288 19.590178624535294 19.291598615877827 19.548676781527266 19.936317701360863 17.89136019741705 16.906459621602544 16.28460484162936 16.540017286196672 16.700754560573376 15.95812510623577 15.201881130216654 14.558716477865309 14.640367295645516 16.075791007085954 19.197591487100723 19.889298164250512 20.99519246062165 19.657417504313674 17.62451526892012 15.926119656279775 15.00519719512539 14.47454907808757 13.983250251223932 14.020730442806673 14.936260309861535 15.502936315260737 15.662527719256483 14.726450548138569 13.034201569044166 12.129457263726323 12.626843279585367 14.254120630195901 14.689348470319256 14.24593690854426 13.759254849924744 15.084637763505965 15.33056775930599 15.648651216197024 15.624607129048497 14.945986605344155 16.25321726177481 18.030405942590313 18.71950987194768 18.264339804238244 16.400248647181748 15.159122263295663 16.327391624885646 17.024538787943737 18.706388770462933 18.688328041272662 18.59644131743588 22.255734852927453 24.147553972063598 23.738731435816273 23.07024524743434 27.738878263961787 31.08542420022456 30.845450135210726 33.653995978035695 30.941690230343493 34.54450708200995 39.02922051696023 42.37044765813777 73.68486581453193 8.24420046488339

GAA>GAG
25.983980556389866 210.90355061154273 112.09241506305577 80.3625164093654 50.09540277508362 38.25651497190627 37.749821900795254 31.0589697646449 31.84735311221451 21.65068170884471 19.615809703914458 17.286307980684008 15.581031666870299 16.698921128325505 13.550320407343353 11.486344860224554 12.703836015313698 15.319154668042056 15.487686557033784 14.571291246413194 11.407616884171038 8.970250013969297 7.148509774126862 6.859651024006671 6.463595172621695 7.215140545704768 8.102473893649668 8.580895141807238 8.610269947517748 9.052504103423429 9.947741400812454 9.902844925808092 9.33952973389378 9.226720659151958 8.531306639406687 8.434821482603857 8.399161368881431 8.114514257222769 7.704253736150961 8.490812100965526 7.640484210692325 7.554988728049057 7.220948551588726 7.606898552946239 8.06955336380312 7.808977664946355 7.111262631561424 6.780324412387086 6.32065729032838 6.723614656319773 5.304563800984013 5.035164848726866 5.806234679562422 4.644697873292591 4.560078226449184 4.859270987119388 5.738574320082426 6.2223898720708455 6.024787270204776 5.9722077514854 5.72988268845953 5.4133297010624855 5.280078806201502 5.160912160497489 5.03223243616861 5.191321796322183 6.111214451595636 6.7998763337538035 6.80455717261426 7.281453784408539 7.414274619911379 6.915099763778654 5.963896368046494 5.021439773445302 4.297432973311362 4.465569665280537 4.781954775358789 4.646893545200948 4.362493664149314 4.1740895464305945 4.545125567444404 5.136034982359975 5.61468932171206 5.7430842162581985 5.466650308129466 5.120002089520647 5.058950481836069 5.1002719591793415 5.1834416142502375 5.188506620915507 4.948074951652696 4.8595389101440984 5.256900082823886 6.085182508924134 6.825079968743338 7.7206959637739825 6.8879341179155285 5.330912101177559 4.362021790465448 4.162209795343105 4.7405817804170685 5.507013533388247 5.670882687382091 5.072840129263566 5.049798542254102 4.872908201399911 4.3939578164983715 4.244623283407133 4.016272354979855 3.5295166764356165 3.2945941801411576 3.200508625605185 2.8753361809907627 2.986684191260712 3.2833884994933147 3.609968274762738 3.7986348743584846 3.5738026868356707 3.1245911827444997 3.014956029774748 3.3695117448375322 4.033541427835304 4.733201928502315 3.6755474102566503 3.229217814877909 3.5019535857160866 4.244588114853078 4.592695775867128 4.413025128304237 4.830269334372159 5.938391630714164 5.448356878156804 5.234346139361939 5.572232031211443 6.033017063790874 4.78854348828037 4.598906812755525 4.427770780145512 5.277779760978477 6.455097129278279 6.708738667982839 6.715720887093026 7.526481910669298 8.084195713429404 6.2324052096466005 7.603860053380177 9.513854768624457 15.758053327689282 11.42512816065832 28.19694140440637 2.722251199859841

GAG>GAA
159.0366019669931 1382.3309071368528 759.7521239970438 506.80402164296754 364.23502815533584 294.0804951349595 250.33136920674872 207.23923041967288 185.58934703960904 167.24429866181126 150.1256934838786 144.29309058746733 124.52396625919532 114.41498596176318 106.61707641807229 98.85959769240516 90.40074786910932 89.88922860288532 84.9839996128551 80.42486704684303 75.14833499944108 72.52974707259514 70.99246316085554 70.11227937494549 66.53700656603064 65.2909476515911 61.89725883397087 59.560770425650944 59.84938974935125 61.50175895749828 63.92542921956983 58.90215111829903 55.83730568176351 54.15351389990981 51.52864980603657 51.19959824674595 51.24717519964644 48.98793120947679 48.72919933004036 48.10197856211537 48.147580445169204 48.3344640265178 48.477906097052156 47.24111864583377 46.2904791753274 42.43023049507464 39.55177211553791 36.37594521802301 34.72103390013282 36.0742287242331 39.81517263997492 44.612464763189685 42.386124233456904 41.610938116899305 40.880440490741464 39.97897529400201 40.09634543030681 38.02327671142568 37.712195918412036 37.542513816601826 37.13248338782059 35.44074988623403 33.738236050146135 32.56147837655521 31.893115742002774 32.0715319332691 31.350980082922646 30.14213108632361 28.700989274363895 27.667825045512235 29.075726428548816 31.012788599906788 32.36696381731684 34.00225942084886 35.549635897661254 33.776171177052355 31.982819317802175 29.61980336674757 28.796420665736118 29.395954162465635 29.685735199965322 31.39661443266513 30.90662709082386 30.12138070923473 29.194848691517894 29.012737245092264 29.09144955560522 28.84495747773599 28.045716836342326 28.141529998892132 27.695450059893986 27.423198101629062 28.80805058967558 28.262010498843175 27.617158400299598 28.213145190764937 29.35902503313155 30.95500646740789 30.745673436016524 28.92032584292271 27.365422846258863 27.36841001191681 24.869347492126487 23.40862819110788 23.40868252106216 23.910129102053737 25.24619496553827 23.506457890263455 23.682275938367642 23.06562944383409 24.51306147075747 24.364951208819466 24.625011223151944 23.627411242589197 22.28474227714198 21.85244944042757 23.069320978520476 23.683183120034695 23.61098363741205 25.231419616627992 25.783809689977378 28.13764037569444 30.400701823847513 28.850066095575563 26.69809833454073 25.962742767397746 25.57718484441398 29.897381153338628 31.08163206649617 30.820537139905426 29.828445139576303 30.147703690844924 29.26321477140234 27.003435850629256 27.08223493662171 26.35978185888538 26.761433117794255 27.93108044189493 29.30417410170553 30.003037076960428 29.82889473231602 31.48710762349723 37.17741590670785 36.747684771214715 33.42696916396417 36.5825178085825 43.91124335898686 51.152776408388355 69.13756531533518 86.99223913371357 9.736061084166304

TGT>TGC
14.046178779095449 126.81996587164352 57.484532399024914 38.177160331305984 29.94553424310498 28.897129099266564 23.8204801980436 19.376858510606894 14.375312323295502 15.006629605006074 15.341547601345928 14.219271845319543 11.649184422197012 10.551574445964375 8.4325672479934 6.892895979781228 8.170332319669946 9.647504064430231 10.333738451973222 7.402710442478968 6.9231435222729845 8.029605846971572 6.539994395430277 6.423827875119096 6.621942347883772 6.2889808824989135 5.54767927278893 4.653541862764817 3.9810835615309923 4.196036799614264 4.725712299602165 4.862794992647527 4.825666348429956 5.1742268326758705 4.180479887925106 3.9334905053831264 3.9649141713154554 4.611006777842891 4.952220493993385 5.2493733239247256 5.451432285689482 5.307967605480433 5.041648222649968 4.621458012658966 4.357815803439305 4.396700396227505 4.4881064626239855 4.286508548888525 3.7019932868889005 3.1284675157210406 2.8763314994091407 2.8764161468393064 3.1140209803049337 3.600261728042992 4.065822198722632 4.105273535953679 3.664155606012582 3.183093049551845 2.8718473102942363 2.6332088965623175 2.452828939835523 2.324142126516455 2.29412185495007 2.307303172693601 2.2298898929506565 2.141276424370844 2.167207294325837 2.329650018984779 2.6255939942376654 2.958368838541077 3.210941846751297 3.1919059857184933 2.9442459286650093 2.599665099840459 2.2356107052088108 2.075869242388525 1.9241918827424205 1.5441835588909822 1.4380720637198519 1.5003614818578028 1.195242133095837 1.1599989999599185 1.6361672526979416 2.0130711992137953 2.0924642890979586 1.9875937304737705 1.8574863534941934 1.9485385118548446 2.3868350901694533 3.036222380000082 3.592936969696473 3.9109668940159006 4.066172562708107 4.035306999511214 3.7976067096454034 3.4260568575570476 2.948003843596548 2.4965772186804362 2.2090092368121397 1.999891611799616 1.8290039460348066 1.826027510049726 1.9344112289333553 2.085327026373222 2.7014204489906843 3.0830814842455743 2.986407937369034 2.8437094854141587 2.522202193098993 2.6474413093708917 2.4015938804915 2.3042844015341415 2.650182111001333 3.1027858966771382 3.294681177570573 3.1304384585291847 2.8839108402139693 2.98183546499988 3.1108613935059153 2.694476234631614 2.014937836861359 1.788278431275804 1.9258611425518213 2.3328230246471025 2.6560693562290862 2.6493521614009476 2.9712561580812396 3.0903205822201434 3.4162332850954917 3.914604311789015 4.03919556481301 2.883694607663663 1.3654589739040475 0.6394034358174188 0.6633198160790995 1.1139399634076093 2.419134081366582 4.2031984484941125 4.630939343350175 3.328848854205937 3.129045914245194 2.7282789217858956 3.3934791222142766 3.6357321137636616 3.5527537234969757 4.421014661293077 5.09353048885552 6.777383713971503 8.281543272410381 16.561244589190153 2.024103199088307

TGC>TGT
53.28941310864256 481.17680720164293 255.11941119686708 180.97207740072957 132.49719207526846 113.99279125631908 102.40600465084864 71.13366569987127 65.48117400636937 60.010617180332396 53.860359355778726 52.975647554302135 50.95851781972263 43.00249043678 35.889913902680334 34.11500654067864 35.303321026806515 32.23433643773127 29.413253924847023 26.584656674480684 27.889225304848765 25.04392517884 22.568545224078083 19.692027174856115 19.666148525795617 18.830029470836106 18.603721908003184 18.242244576392824 18.3586097452858 20.18782792156539 22.11396869450983 23.628418193572678 20.897527940950454 17.9758020887629 16.321783093477183 16.60613560235658 17.362550439988944 17.644635494556642 18.837212379252435 18.827277107074696 17.654866609207847 15.825390122663588 14.470789279126848 13.804381853754725 13.845747388680968 14.234621678017273 14.785545721606104 15.398543563137249 16.214090937504388 16.455645672240458 15.758879928030646 15.047718739285232 14.767475353697062 13.610101745933441 13.59245636367677 14.262471191895663 15.351898871929114 16.486885851583967 15.897649862244656 13.18126524473519 10.899616921082 8.983317735509159 8.206382294566739 8.117892084321001 8.380073417261322 8.917116025606918 9.46344554599981 9.998408888444542 10.729896265141996 11.452966641304691 11.759876593499625 12.654922401263423 11.30325260645632 10.5008170520378 9.462291763676443 8.92395253633653 9.197218580682831 10.221518441815643 11.403854925082737 11.965015463599611 12.961562582955024 12.276299515751834 12.589116815218878 12.204829634197774 11.593688638205066 10.740962311982853 10.7084062443736 8.976313496545126 8.425977267586934 7.9268514284418 7.81832550787987 8.283777857677023 8.888932061421658 9.008497661778831 8.765893229480316 8.590696629819826 8.539088943107267 8.562553450778983 8.966127849125382 8.820858621788163 8.79350062952562 9.008715186383522 9.342762929724165 9.722713377959 9.757717433987102 9.698927792421827 9.224248713745464 9.296380988788123 8.485621237270244 8.063256847399538 8.213170370468424 8.671075692411623 9.51055908892605 10.18240059349108 10.52251283083468 10.78934537376119 10.482119923906868 9.26432790134634 7.881414066182577 7.280960656297949 7.469309616663886 8.99774853562323 8.139666798318803 8.637992702890974 8.789234025356125 8.037078627470212 8.10516262630751 8.707375765047422 9.21554858276556 8.778911127252803 8.736996167431156 7.4470367848514885 7.354515735563012 7.055054422792328 7.283323599275817 7.92309316908922 8.585208046354214 9.563806840614031 10.473023349169118 11.481894759527414 13.993318793765626 12.717906632040258 14.330696682630798 15.234933315415665 13.70436744542599 14.664325612261942 12.773143242154807 22.41640335886218 22.536758821725584 30.139981743346645 2.9631560087146487

CGT>CGC
16.76576168889705 145.30509547270745 72.67333653914764 49.441769220709915 34.688184014288595 31.045430826121365 27.308894094832535 22.79852425042687 17.445784595009165 15.293648387020875 11.99768456341591 12.756358637572198 11.003499103521118 9.538665302272554 8.876876178917284 8.924960487760528 10.205377209507777 11.170428336511687 9.124189712935333 9.460139734271273 7.354348445210867 7.074310869587264 8.146826780597687 9.051125094866387 9.12375765797452 8.369278148188911 7.463817502855481 6.770582145872583 6.4956568682117 5.9360269792168125 5.5612877840898545 4.839537395413663 3.9348339202640368 3.4624566771460037 3.5155072835814782 3.656909197837265 3.9559522283961543 4.281202305553756 3.763577829806047 3.4718290144264956 3.133676755326444 3.101919107058396 3.401324013955561 3.8379197674850496 3.958784236773042 3.583969435212543 3.0306322390143188 2.602465374980807 2.4263485845404515 2.41931024154352 2.1585588395940407 1.8706680220049094 1.9589542144084047 2.0471444356232635 2.1511943869728003 2.2656155432194613 2.300475552517972 2.2458676263336446 2.243174106428044 2.327308059881859 2.3251304903463055 2.17120946382809 2.0452990603886056 2.123397568166639 2.4866675993214415 3.213658475450925 4.623833546957182 5.415383333315159 4.738281372164915 4.109903227767147 3.375356977697073 2.481440879295286 2.1143936733066107 2.482922932026931 2.84627318922715 2.9385533188685957 2.8932848301618668 2.8421751603413195 2.793033754757316 4.046433401194474 3.2024662882448682 2.705610249094938 2.135090866313355 1.7828211756052856 1.5944143079504356 1.6477429942878628 1.8490831745847034 2.005180036254797 2.0635254966918772 2.185843830113782 2.4738388599444705 2.7921119984041605 2.92645298137226 2.7268885404189986 2.2240178316925197 1.6927706561307003 1.4864672407520259 1.6802224132681502 1.9767096385748884 2.310529469950881 2.4746553068464627 2.2013119961387098 1.7487558533676861 1.4398899559520928 1.434924793959781 1.7125418485819284 2.0930529835664133 2.612936958006255 3.1051778823722835 3.229388601335747 3.2518696667962317 3.4441089455502762 4.004601947997964 3.934853728974428 3.4555855102761517 3.038880127199114 2.549491765989803 2.1582405365314306 3.049774254836051 2.486090601556419 3.1939203786825097 3.828939897675037 4.773050744157782 3.799361004070783 3.0467020466992953 2.38600319226863 1.7522651304928745 1.2060204754929207 1.6010824954638117 2.6453151978046927 3.162428311005452 3.150504269894051 3.332800674652243 3.8083111761998105 3.5979622339587225 3.02993036412284 2.8390740315724963 2.068554798354332 1.398515823465428 2.1341817190968624 4.060279166014689 4.285948666430374 4.000492639126001 4.174345292811191 6.800726807458185 7.233076800795574 5.436565103827214 5.063154437578772 8.19487933288999 10.817198217245327 1.10511297280424

CGC>CGT
59.82542862106901 537.8098819105545 286.98845180473523 193.0524949649954 128.00285421371285 98.68826871543995 91.39801268429854 72.08817126419113 59.51892018578728 59.779583853163615 53.09975002242633 47.57072690480741 45.99308215751657 44.20023375118188 37.59820858653004 33.71201227783973 33.227171514071216 33.669488769032434 29.622677923320033 29.110184488726212 26.978932707603114 26.542855371182977 26.991377084181764 29.010978125219342 25.11548613101563 22.66530898256074 20.320948264724155 19.44382479827466 19.936941514135047 19.403619475749352 20.857552299089015 18.79992455390807 17.76642048887292 16.891183570951853 15.7268237408091 16.026586885229303 17.736418183883107 17.553380123930566 17.323390956172748 15.724032451302064 14.27234910016683 15.033398883544681 17.083326622916328 16.357250104669323 15.369622586536709 15.300272337859877 15.058765659666664 15.228378105472823 14.42461524846003 13.039600718604895 12.416988361895042 13.964372699386466 15.218824763644651 14.93219205888911 14.601857768805099 14.577971951173803 14.482763790531083 14.259661542476934 14.20078964818872 14.68151697364776 15.257862149714594 15.563706108919014 14.775647395560714 13.346167340042314 13.136137291396143 14.015276657902684 13.471103817595889 11.905857406334627 12.867122606782125 12.039260687967081 12.22517610075318 12.348292987299965 13.546724156422563 13.184161102599987 13.558946892652944 13.35980347319336 12.60429056644293 11.11111545361992 9.99100670199414 10.190596987026025 10.875268101194514 11.09367243963911 10.975320758062766 10.807700009662582 10.486607604081092 10.034499150758796 9.590707005289149 9.905348444720886 8.04609957284138 7.573087066571169 7.580067237922597 7.77047555726638 8.074445775716997 8.421753580110629 8.537899488040232 8.35657333745125 8.132915384431518 8.123852298349776 8.504615642763532 9.21652585596085 10.030409013988386 10.068441977470776 9.378727401026694 9.370202548889905 10.00210179511497 9.915261649754221 9.756996345115883 9.78241117525933 9.788362179520957 10.238650103881067 11.300319062533857 11.50963314045079 10.57441693598286 9.702455574949862 9.37902348063022 9.154187408997807 9.698637490171144 9.643833557552512 9.21552046178837 8.717248989842865 7.981099698682129 7.4762263227842904 7.064545242323495 6.61169346713003 6.366327416972297 7.921245943360578 9.061394478294888 9.945648639511274 8.494885943484862 6.93672523690219 7.237863745575672 8.659439483416504 10.172107211894925 10.37119271243669 10.978007314396406 9.67793279049009 11.699923385260151 9.33977908120908 10.417841206262743 9.69822037916212 11.028944435493052 10.09069640358571 11.078265479668659 11.536109614556171 15.722021942408688 14.503795603792842 12.01807994201635 14.870541454487539 23.333333197100053 29.27967013983837 3.317802350792717

CGT>CGA
9.515996025353703 94.85553193770114 49.62629292604836 29.02183318933049 18.319299761303878 15.698235595689258 15.214781889223703 12.350359137932319 11.415571351011573 10.049884184394195 7.970964188819587 7.003311737101242 5.9970288769895035 5.939214162116929 6.039480717826936 6.605615864227319 6.597700505741493 6.778629300718212 6.9103881566844 5.946049520013488 5.432056457355181 5.2455174557948725 5.206123123807318 4.683130619436266 4.432561912876784 3.9494517344541356 3.772453906921912 3.2489242079225034 2.9661282485788067 3.111211486017385 3.1602823542007648 2.750528443332212 2.0448079098757588 1.7447178605744282 1.7095921357770143 1.856361264190775 1.8697165168431358 1.5590340642499767 1.3342782843188083 1.4908908191196837 1.5596822832292077 1.461296711118398 1.2989320070152643 1.2849045755012434 1.5439110354798748 2.031344764528644 2.5970428296352677 3.0633447216416965 3.2785041726389768 3.2119526037200097 2.9911325197789678 2.7776616632211546 2.708875253838836 2.66617376803091 2.297725859583392 1.9563327913169393 2.084138523406319 2.2907279655022714 2.3085916006081977 2.1258406381723893 1.9017714998579998 1.6806684952720607 1.4851793909649071 1.363498308225741 1.2561635176650676 1.1468899166297124 1.217920708544 1.4796920664880304 1.6706093219780673 1.8052517319748895 2.1752082833616093 2.6277071954842333 2.695522313362921 2.4469602672873014 2.2052998527709526 1.9734168894784587 1.7133345909847686 1.5499584233771555 1.601200936345077 1.812830333968453 2.0515220158279615 2.285775980906074 2.463231566081462 2.4355088505662295 2.2143470204381455 1.9769131262234834 1.7947130405891354 1.6509585120925305 1.7785630072483407 1.975802811694281 1.7873620278045315 1.504175476479917 1.4906677517188025 1.6376280950759703 1.6593693021570033 1.418357499158813 1.0452134293980115 0.7357745783326874 0.6027554288046311 0.6333454505434274 0.6908455409691576 0.6861534766124823 0.6839500608848438 0.7678795336740211 1.0156520726253886 1.261458121661545 1.2084575987878654 0.9725519826031487 1.0710214741922552 1.274805497197821 1.0990456912352198 0.7023295749124292 0.40626813946064666 0.28103964433145007 0.2547326100063263 0.24318100159813635 0.20451784589023025 0.15271923364754553 0.12891469553752535 0.15225257359935526 0.3239688993077879 0.6723096037831676 1.2564856168324048 1.3849297676588301 1.0385203987190619 0.7373841615884715 0.7629833820571074 0.9379613620349995 1.2077520761894298 1.492766144138499 1.88293862211605 1.5802705769172927 0.9395517242631422 0.6171964875423348 0.8183232068547812 0.9617980975533476 1.1014036260040796 1.332461182666589 0.6194003670747757 0.6557833233560459 1.4139893368002026 1.5016444448949902 1.5040853693755962 2.003084708955717 2.2008848962095877 1.7411185773581837 1.5688534457344845 2.19979823548081 5.240240976876115 6.386375318488627 0.744836556733831

CGA>CGT
8.083408955440479 76.70062091909314 36.39900808409443 30.387026477252586 25.996386265841966 20.24589053628682 17.13950147467593 10.711492461392066 8.3464408118393 8.535278820569566 7.785683330369369 7.516002983858772 6.79394215136102 8.587794396466034 6.765911484036045 6.060425809792855 6.48646930819086 5.462111366945519 5.880985979950228 5.714456275470866 5.050179356359412 4.5672093364647495 4.746467214686821 5.480401292969608 2.972915912239768 3.2391115002047286 2.1152231937644776 2.6362350444277505 3.2892904386984565 3.4850620896540816 3.1491459379633957 3.401217538680845 3.4051621485506143 3.5021249441412343 3.5475638349670873 3.0777496017814956 2.711163614138883 3.5090117477830924 4.327273490180966 3.6062099283502573 3.617012600236928 3.6276459483802066 3.558001382297569 3.5284283513997594 3.6794409318312473 3.877519640208361 3.955477159715671 3.8873047627708295 3.6528487849579747 3.5690315923849565 3.814471019117682 3.899353390612243 3.55331642635241 3.245322948025858 3.2735290247875937 3.2255228962284965 2.933277171514258 2.5431263970733777 2.2810572143439187 2.249470092258526 2.3614760618463007 2.417459236744723 2.275433835600805 2.060541628504539 2.0138663767490024 2.146858665568589 2.3530813296514803 2.5562063458911948 2.696800585944905 2.7010140537101317 2.5058292406745046 2.248496507770573 2.165885885812015 2.2982433945571366 2.7142986649233647 2.971817558832834 2.58025876649482 2.268795634789551 2.3272027037129797 2.389445867752677 2.382815626889721 2.2507436278007447 2.0306111608866027 1.910811004223699 1.9950337826344284 2.1888776100814056 2.3244913977305206 2.3181046395702634 2.2465914735567525 2.1996777839595105 2.1252680292187027 1.9581993565929474 1.756360999071232 1.6334007317490555 1.6749672119658214 1.8512703045933927 1.9834663501306904 1.9338967881574325 1.7399159924070622 2.0171554510303467 2.1463395626320616 1.9880217538395983 1.6759252746768567 1.2662637409033015 1.0247244535122653 1.066092846323842 1.3482771313092594 1.644457533676444 1.7332752607848292 2.0836034691105962 2.1684111525365286 2.029655644372984 2.036715841957194 2.198332046340384 2.446929139968283 2.5510314470369644 2.5720583154943992 2.480463868996178 2.0508942832580512 1.4696938404771955 1.0612264241262457 1.065681227858044 1.6276828523767926 2.2086880338937807 2.579092138530848 2.6745891687872576 2.765985971134297 2.6930713343300376 2.607518555506332 3.0071269750579557 2.6070064582023234 1.8945786059401977 1.543026567605787 1.3852487960681152 1.234336185553143 1.0663191642087202 2.2956671248162928 2.501360883204005 2.505562881933243 4.00597014279121 3.9435216203692565 4.819755895051711 3.243031795373152 2.339980142182287 2.568585435275802 4.4888307128637 3.5730718460005777 5.21992274387743 7.222232035501565 8.396454267101278 0.9103219460554973

CGT>CGG
3.2256415081216336 32.99484003473599 18.804144541593146 12.140303891771694 7.871663553824502 5.662693869929109 6.514533429607882 4.185818080927138 3.7711595742656687 4.711427521554563 4.415722428163735 4.488873342142051 3.8387281261504818 3.1860380868464384 3.2584858980649534 3.806252870679786 3.4508649968637526 2.4528342665391727 1.6553418933255646 1.6451758535047485 1.4657472096679376 1.7281804904343727 1.9691588909268918 1.9158120074535794 1.5202407972228082 1.411565162597151 1.5711925711905792 1.697690415968656 1.982631115435578 2.2708727067368133 2.042787746726206 1.726052334539946 1.9288007630689905 2.420126666342713 2.4881601304555026 2.2742681445094712 1.9858490135285911 1.613873884778421 1.1806139109964144 0.9348046472045117 1.1549934882101622 1.4506064678562114 1.720323182938417 1.9041151927913273 1.8806029644303903 1.5806531004124642 1.1223411327382116 0.7108105624872316 0.47264386738328934 0.42121946378936725 0.4432512524592665 0.387182352746899 0.26269913457875255 0.161902614672408 0.2603254279983277 0.630447855997763 0.665321541864067 0.40364918438172503 0.5086410572979775 0.5767837244940828 0.6703795846852418 0.838180944657216 1.0352796121225847 1.1475298550497195 1.1109796496615256 0.983406416029554 0.8601324623513338 0.7838453517658436 0.7795883121195557 0.8599146021782929 0.966089901781252 1.0116955147134568 0.9609414777034682 0.8129698603045058 0.5916346877690155 0.37120526731580694 0.23992738600614183 0.2333282199927131 0.3177704604790514 0.4189348908209435 0.4706919701295077 0.45351850982396374 0.38825742261673085 0.30672355846741844 0.245787120107555 0.2506748980439924 0.33932218856303364 0.46283420218390403 0.5452020132089698 0.5586841274890102 0.5238195707389505 0.46012792650732726 1.3813732778562573 0.32297784400187957 0.3215331513589066 0.35608100041666807 0.3677082123474435 0.35634219763402475 0.37841229120209996 0.4396702401505931 0.48752263104079707 0.49173943624899513 0.4488112123204755 0.3855356335389403 1.0693607855198568 0.7339533912492122 0.48089670168040977 0.5126511821281688 0.5816696830298931 0.796464778515414 1.0228589385573845 0.9788388226128419 0.7691093038773089 0.6613884062056743 0.7446937978417247 0.9101934127082789 0.9088408878053832 0.7481897348963151 0.6937905129431684 0.7049922935017492 0.5617261450588248 0.31256735108617656 0.14708727899125365 0.12665036511837993 0.47153742170496177 0.6963636427632031 0.8706017375937566 0.844691751981628 0.8998029317309594 0.6765848646770497 0.30305008194736455 0.3829091736264166 0.5183001786454741 0.45693636043070773 0.33668616011597446 0.22131932209682276 0.11953411622192431 0.05014091572826429 0.3716210363779937 0.9981622004398222 0.5162094212692415 0.3144007558335774 0.5549802367571007 0.6356191509750886 0.4147713600920463 0.8645428966333799 0.3052414924264767 0.6704839042388803 1.8073279562247044 4.184651161028164 0.38303495368145546

CGG>CGT
14.781537866939592 136.3185006636308 79.86053235192693 38.29188105915967 35.0257793472981 29.16168362721035 17.565054908681667 17.756648302698625 18.592741144045714 14.718318567009284 14.387447743417423 14.665781866320847 12.112628601299438 10.58713015280328 9.81580937558855 9.968798751269373 8.744251033299825 6.578373221784277 6.752474568301173 5.242964140928775 5.5733045631825915 7.431479037317184 9.897876250129352 10.590604949255411 7.732505709705279 6.292806959499834 5.768669644978965 5.235270128795566 5.419061922129221 4.853321016446063 4.2205676184436625 4.405651052549931 4.741006670007538 4.574219623533473 4.2562648078956045 4.068425006184762 4.856917475894318 5.835579019631383 6.438267414716841 5.934260068962466 5.0529434650805625 6.078976995805381 4.196760867727959 4.251677878152825 4.182451051732744 3.742556767173318 3.8341111140785324 3.7867838533582368 3.8055089627454417 4.055645004235575 4.268042272387945 4.432295192477727 4.450690328486884 4.27880688740858 3.985177186555458 3.843767605554151 4.964687084884335 3.8528050127345703 3.5685508212871406 3.4648316106171593 4.00731388971071 4.291257484334065 3.5290780770573167 3.217290470560913 3.0540539319055946 3.190072491882832 3.3818996279910145 3.4361859203750846 3.487986798216941 3.6144601191162087 3.6959078482827663 3.6648524917788805 3.568310860714585 3.6395374646194742 3.560810991397743 3.099905433026546 2.721618074633507 2.321240644658147 2.120876739620541 2.4282743833119453 3.062241895953619 3.3801649637538826 2.8933322513318895 2.1505657808278276 1.771837296615092 2.8306211345660817 2.041107941897031 2.1418698594539736 2.2199359960425187 2.3923602253438223 2.5277683209858863 2.54008648176942 2.542976412714214 2.5915261345053517 2.639127908735684 2.787606484936683 3.3580985450937395 3.88719258965275 3.9597296362359087 3.951193252067426 3.7333147475481554 3.1753592994934783 2.9922193564843726 2.8029819838935572 2.4212684822634967 2.394934862852842 2.7199285772578286 3.10450934802812 3.3706425182122914 3.336788182332576 3.129489040645846 2.9952643440449798 2.917074277789327 2.9882696673782796 2.970965589700297 3.0373936384041613 2.759053551334852 2.1951641808697095 1.7674464056200905 1.945040979340143 2.723186015832267 3.6179249658983155 3.9851523120925916 3.5912896168497417 2.8680377065516653 2.970127777767608 3.4590533421258307 3.638039144513704 3.754324668562083 3.544153282487228 3.2086712288997186 3.7153216037377086 4.3743057461569315 4.4414599239616575 3.9675289878099247 4.487070469199081 5.098242037896694 4.347192546221754 3.3990017987964922 1.979804402437213 1.6646933932361594 1.4046674074932262 1.401325787346502 4.840896351065725 5.007210321697199 5.4162695120187925 4.410801934014839 9.160215293275279 5.934216924008842 8.984304394411403 0.9966590191041641

CGC>CGA
25.657828272767507 239.46477042581847 135.52375000787393 87.892810027654 66.14267716113261 56.49652788178954 39.15859986726349 37.15011598151475 39.97883890206242 36.84852323491132 29.37342880207597 23.58817004820936 22.06022754454988 22.141973303882292 18.792720593686113 19.65255558453663 16.583504648744558 14.81366404183068 12.348212713622251 12.388987110815805 12.112504939659999 11.458477174670465 10.78029902566411 10.163254231404961 8.74686132115394 7.724796756524697 7.292616715162015 7.449913418313753 8.138907692022878 7.440516895422199 7.197621294664235 6.65527369928168 6.4113649506617145 6.974885409465205 7.321792109209617 7.468267682339653 7.954823894773876 7.351318069920653 7.014563407651944 6.307447206683573 5.9810151601050965 6.364923297563585 6.377844767565151 6.013134918690069 5.98024015173766 5.868732175046135 6.673101769379947 5.320421165925674 4.764285923338554 5.22937178962265 4.19870942706193 4.85777025356277 5.625258676477844 5.7621359793502975 5.536712475247451 5.493865301499264 5.357005907982524 5.336279586994223 5.291414045262117 5.093855919755495 5.061265090509328 5.457673095025422 5.606981244768625 5.105091847185658 4.429479243650228 3.9828643033168643 4.278014594934501 5.1696331417439385 6.05478030384307 6.253866854788843 5.745023217017605 4.977068317272885 4.370313418833445 4.104526183842817 4.023294347609337 3.8506692847570774 3.646196537256603 3.5880437587742877 3.511527712605507 3.230263060937125 2.879285429059186 2.654885298612612 2.6033385279618417 2.8425450268708454 3.46224106348176 4.700320964025398 4.948365389614102 4.669389183012718 4.673730681516248 4.49954958087501 4.684394255219453 3.835115333772941 2.7088062847512675 2.0614018901756315 1.7178196883839965 1.7273951853991432 1.8559723758988496 2.0728618150128972 3.5247763919065953 3.785110450873925 4.039499034298964 4.776747656894106 5.630935077770793 6.0490916660220515 6.293151059041956 6.477409641649529 5.119104010825417 4.197308901951043 4.631867656844761 4.010903045515068 3.723716100421971 3.8255019588356847 3.7432321882361657 3.4258987615567436 4.376122392565007 3.811458627486471 3.4937349323167255 3.3211127940006184 3.347481317965339 3.03293182856699 3.058468539290583 3.5057313058712634 4.2128459037633865 4.278861648990146 3.8872085231434035 3.826325949439923 4.227712282589676 4.41488546186684 4.368858260469256 3.859451691196085 3.368332283184368 2.989494958670636 3.167470870215334 2.9642690870128283 2.955864131767689 3.41865891597015 4.10966831361308 5.199295618643025 4.908804955008532 5.440648464877053 5.960267359745172 5.619517636319298 4.569981850084662 4.172460273036648 5.588253149201508 6.10467031593126 7.344144253467007 7.446578464330668 7.923784609496682 13.929179841466992 1.3477453119126925

CGA>CGC
5.290749121502675 42.77521950233618 19.458256015924363 14.138773966098627 9.471907799373472 7.108086347470488 4.983351897818522 5.206940171875553 5.222093610702604 5.1132052289300125 4.638733891935975 4.13926096103527 3.285673518034119 3.6001288047465683 3.159926798873729 3.9086592634150406 2.860047275191942 1.7544086385018804 1.4097494606985375 1.3998760622891777 0.9830673059293823 0.906875031712918 1.0899390432970162 1.063629274210847 0.8847580814088344 0.9963745275147926 0.9338769112664695 0.7656820067492146 0.7423343963220738 0.7999171070375557 0.7199467986992556 0.6867223795387878 0.714535461029189 0.5511266262248883 0.2916494492550705 0.17910125992643122 0.2683290017707927 0.4550880022986113 0.9598784765176516 1.7347757207133725 1.2290459763493105 1.2645440189227257 1.1782800639956026 1.2049389336078256 1.2709068790592675 1.1756803172245225 0.9937884942970632 0.8475695822281428 0.7441856280734258 0.6471693440069284 0.573770851305795 0.5850842055761147 0.7215982577380087 0.9370627855215686 1.1271701197458388 1.2530628543988418 1.4017039369809956 1.6369276068513097 1.821528654305123 1.744704930641244 1.4206766969064677 1.049524560482069 0.7494339629234921 0.5444246478578628 0.44575701461620887 0.4371690305685681 0.49891662878953036 0.5708941682040269 0.5526336181501 0.47687128812169133 0.48755273320981957 0.6439425878140822 0.9204655840964137 1.2320572192752302 1.419665766445451 1.3922166045553868 1.2325987648861654 1.0856179960304382 1.020389719783984 1.0138002053995054 1.006801354675443 0.993000720040014 1.0361005086114405 1.1281021646138485 1.1283364598907122 0.9632191912224283 0.7500873761041948 0.6269748856058863 0.5943330613163859 0.5688257049612974 0.501423165976481 0.4249775095682567 0.4045679382013274 0.4445362271811687 0.4871249249051015 0.49692836233664306 0.4778547565597929 0.4544009374433524 0.5130711274839356 0.7207030103433171 0.9348906839091478 0.9321013804223511 0.7333376643584385 0.5528456773478863 0.6046954047033613 0.7656951051396697 0.7095613074229247 0.4873771035590998 0.4176590306804596 0.6007953659113279 0.8641900999489801 1.1108181628355913 1.3248829540726248 1.3430629349789316 1.0831756000326334 0.7304062646834175 0.4841358934151142 0.3807014176598318 0.37111055326018993 0.3968838466763639 0.49992940578112066 0.6374947369440042 0.7159725034931842 0.9208433847284622 1.1949330524122779 1.4038481562923366 1.5955361696350208 1.6375146678093884 1.596328682662737 1.6897701231031954 2.341082191784163 2.667786619663142 2.708571962685455 2.022541660228591 1.368992075631689 1.02286664524347 0.6858130414702533 0.9531354179674661 0.844193549984835 0.7899432262422892 0.8163061558160581 0.8128876419134804 0.6836942341442003 1.375465077283045 0.8331084729182735 1.117358976337411 3.1405566495885906 1.789285931481183 2.681542781053323 6.701741460404474 0.9952720701134611

CGC>CGG
17.805759078306057 161.6320267280938 92.55514371386879 55.88038609264761 44.622342727783824 36.840426010270846 27.38055224540443 23.75063174802255 16.413149854722022 14.279462152575867 11.120444658406768 11.842003904398759 11.446052956276654 9.981098388093013 9.5439166738616 9.37710451706884 8.048448538397771 6.684850780956068 5.438828285185756 5.360980983063574 5.072507092269628 4.9200303770276195 4.794682017425948 5.159321311981628 5.837129169121322 6.093385217193983 6.126798106586084 6.893060965708856 7.213382167915672 6.446487871520439 6.089477692072738 5.222729758620125 5.1058766153418205 5.03692066884426 4.886627581588367 5.177107627661022 5.064473835873054 4.021568874814666 3.7704929396672804 3.657584392259326 3.320532729396582 2.8184851694504895 2.589407565355339 2.797619045329859 3.1277788378447196 3.240199846879332 3.3240274747291663 3.5587010088297144 3.6822876049585167 3.612055342840778 3.3393787624468154 2.8378692949143978 2.3902451830573925 2.262950569220344 2.354345041145852 2.629252517178262 2.9581602806289364 3.0787343135892558 2.7201288579660496 2.0311743245178544 1.533687953337374 1.3571543208000207 1.3711854972321678 1.5870927020839025 1.9932651783495896 2.554318640841214 3.170358012686396 3.613919550939536 3.682936273913393 3.4211038588166622 3.3140428538929174 3.4456781975733346 3.196600986757916 2.960247012007095 3.1187632519707 3.021672908834166 2.6208686117389974 2.3609431603708217 2.7394021565681745 2.599607242208799 2.185298111676773 2.3405830356425743 2.5104906475689304 2.6205685305018442 2.6163278804168817 2.660735318794517 2.9482317676138012 3.399347618904466 3.76380199116784 3.8372813763111004 3.6697895043107196 3.7991628355540272 4.664678547052065 4.090973550869996 2.893342585640606 2.080646798199416 1.6224793581258454 1.5776054788888252 1.6437668650791828 1.6480247822465732 1.766249996786573 2.24901046980323 2.750927092541007 2.7318643476378046 2.3086609195822256 1.8747512637144772 1.6246479095677266 1.6501173391233648 1.8676455094944988 1.9883184201663564 1.8689363446626963 1.6255272653496795 1.38234184370477 1.37908596782808 1.5997296658399665 1.7944633404211814 1.9673577604887313 2.804205353518062 3.1619148212804498 3.00481402800726 2.85444333399127 3.018049676497135 2.939755387178334 3.1682192386236143 3.321837575017459 2.1939313712058226 1.5452427338308727 2.2968545409144054 1.3987658613964131 1.2461010784027433 1.0935365387184184 1.0322003408231109 2.239812627959444 1.3932867264290458 0.9252743339147831 1.2921023354058123 1.4438407248852674 1.935113115595523 3.997172992389737 3.840844697804442 2.8104508182532872 2.6329190846932176 3.4073709393755944 1.9093288108360364 3.043224928021473 2.8960473875227963 2.9358108348292387 5.899746128308982 6.890722712239167 9.277195489658698 1.2176549290923988

CGG>CGC
8.900432648592734 78.03116006946222 28.895799246286117 22.997821215014927 19.218256275625155 16.558011092923802 17.052643792697463 13.621548457759802 13.092251560078035 10.623755176483316 8.11891435821222 5.448953600940171 4.928356852406823 6.642298119028441 6.525590503843687 5.750850239005881 4.602489108745246 3.9552675656541125 4.543762842774898 6.03850310251809 4.107338573211549 6.486955218951783 4.669986252921104 4.279929040773782 4.770011051877389 5.566921850955015 6.0540594321101935 5.697828497694609 4.803786241691347 4.051675684876049 2.8370088846764636 2.8307103013217882 2.727370387880419 2.080021169504108 3.2343873744890193 2.706136033212017 3.05995403904618 3.0288084371978066 2.6289115356365325 2.348944750199434 2.2990934338964615 2.1971379650368164 2.411512880286824 2.776443887342522 2.802788278394843 2.669202022388692 2.64748596739843 2.5929446120499935 2.44197600748204 2.28516010287369 2.150052999379621 1.859951091361174 1.595668430111115 1.505540779747325 1.3962990072176444 1.3791598510808694 1.5483769697016188 1.7471978351571376 1.7112657357403223 1.4194692009520729 1.129358811712585 1.0705219075575472 1.2461008834780611 1.5327817019244852 1.8198330242094338 2.035195030390006 2.1343091962415626 2.142492119311833 2.1623609445172827 2.2349936261102243 2.290783456289895 2.254624804079425 2.0701853097991725 1.730829220697137 1.3531397630456625 1.102813700682576 1.3030597121204972 1.5746970660407775 1.302136336514088 2.0577637908779547 1.1744330530627738 1.696939411128755 2.068206340596921 1.8325672931322656 1.7236137491333676 1.9578786381262794 2.207635289220426 2.2531169930014467 2.009350055083868 1.598808620831977 1.2329743727766846 1.2012385956384501 1.5198452182520248 2.481146547442624 2.434123306220849 2.1225413210226876 2.1369346249043986 2.184093618748762 2.199157896617008 2.115877877086463 1.937044091319378 1.6753371517591154 1.4621311932823762 1.484427811965373 1.768487678485978 2.0666542094305447 2.228294264499053 2.428247873363663 2.648067609490026 2.606837364631579 2.244154600119796 1.7651407480413106 1.355182863415387 1.3192739517642251 1.4763510591410582 1.396595057586981 1.8001853200346691 1.6895845794061708 1.7323169103158773 1.7624503032749084 1.7532232090593587 2.364478043063991 2.7241642400167008 2.26354695370879 1.5899244050899943 1.1677131899606572 1.3979397502595088 1.2492213792371667 1.0323502314805428 1.087562469840035 1.5909319609747632 2.20061196659419 1.9441487353083757 1.6542701671608566 2.0718472170246036 2.689229748688469 2.392418739789922 3.6874806212923534 1.9168905131656597 2.6802886095200043 2.752035497974815 3.088516774529755 2.870049869607125 2.6595041874583765 4.365513206460876 1.724234426726344 2.1669913797427 2.479152901927084 4.1707243068072835 2.644755397757409 0.12091438693767394

CGA>CGG
13.100684303270093 105.24357868172491 45.01770688510984 38.601021127603374 26.514125812931464 24.252621928813117 19.30820247647823 14.249799499292385 9.713403171312455 8.939727546342056 9.681508618987023 10.717301031863142 10.722352887960797 9.368647821229004 7.767260228729774 6.3100067281285375 5.728151476584393 5.0566052251775675 4.673921120026939 5.756050024134361 4.950161152291188 4.291904966469207 4.474530928373491 4.366321916827628 4.2550391762807 4.025829024993517 5.122059494773689 3.897277612616783 3.2643051967006254 2.750370614914268 2.5777197654297916 2.52526160312031 1.6742165914913616 1.7597502856346778 2.032878558277827 2.37204408125664 2.7300089062721287 3.106325266500152 3.287339993044221 3.0058245221913453 2.571943457223236 2.4327921434480952 2.4765544129493575 2.640786457353094 2.8900784813506997 3.1922299971016717 3.322542280873895 3.0816436644444964 2.5329624562107296 2.0072348883492586 1.875143765241307 2.2176843186312176 2.876324569754545 3.493497457911974 3.539664544941062 3.3156670360564253 3.3516387587818914 3.1800460732335547 2.7154211469104004 2.3657990488897926 2.2186057848891805 2.25837787895193 2.4953422649412653 2.7613563241516843 2.998767631766935 3.203014080510399 3.343069722829545 3.091704644413951 2.241527758385864 1.7818015745491682 2.0792179280140672 2.3242093281000455 2.7019130049466415 2.465361358824294 1.80557859472279 1.7697590737878335 1.7117339157678424 1.6188694866094269 2.501840501642848 1.360487691819162 1.2795939894721946 1.368742036735499 1.6298958146067388 1.899305580715783 1.90223052352998 1.5719697000679187 1.2067251269990134 1.0704137247143333 1.10420444539447 1.167869059871798 1.4175896643600647 1.8839467059910793 2.2135099730056798 2.320161625098737 2.3774817657475302 2.770836221939433 2.6328148807204763 2.0841245939982427 1.9498015474398664 1.9775460488617007 2.51436452631601 2.0032402808297065 1.6110496183127425 2.3116522233158654 2.969652754417397 2.9509636888315915 3.8144342055471467 2.7079970369185538 2.3422578912417173 1.732311394004772 1.1686100049842907 0.8436899170698964 0.7452862516880006 0.8793729203531148 1.0862746318936343 1.068720775458149 0.8349314186464439 1.4987946066409399 1.5401672126978412 1.6764816206942208 2.00709019937596 2.596665831973696 2.3689534138780206 1.6721872711163286 1.3772434866312424 1.7085939088018574 2.012202561468952 1.7151109249182568 1.1769699968292322 1.7565151963836858 2.3987067507980435 2.6378647664243227 2.752529634203856 1.973703452110608 1.99929474315822 1.5429491537832354 1.3414344479614653 3.5003450205115016 1.9720493674234112 0.9963765006573176 0.6219609680270656 1.752149031080323 3.9263011511883326 3.4664656942106387 3.1930351131611623 2.3313264467847965 3.365280074503805 5.118725879326898 4.08673862230426 9.326054262953772 1.1721203564765668

CGG>CGA
32.30119462681398 289.2401595172666 169.95575928667373 122.40611100381462 95.52965128405629 72.0560746987893 59.577647535776315 47.71467879359853 42.70407792081658 42.3890820550622 37.74964835042415 35.85524116988203 29.619613846636007 24.27609642012511 22.128684483058528 19.88843152284663 19.89221376513654 21.049165388427472 22.838323701000906 21.057855952981534 19.471303174264808 20.30562211678658 20.766296140773434 18.749102612688237 17.411762585852156 15.278850943968127 14.365684875872534 14.371078833131747 13.732607820407956 14.395928764519761 12.60722825644168 13.776104308133078 15.544122732948697 16.503629135762218 16.30820756910087 15.407980415499642 15.011456451728021 14.982445816256485 14.589461017357989 13.90716433471458 13.315754248769442 12.806996366613305 12.18862806155968 11.418537888035479 10.981641564352623 10.990179815353738 10.991762150859067 9.542827743688802 8.49921261649997 7.845868230690142 7.431476379071061 7.328768660156392 7.669912619463559 7.97120191303278 8.552896647692952 9.113637168703418 8.663245192038769 8.545113277191893 8.307838178930869 8.268337743145826 9.083670514685787 10.226843300516398 10.338237202767136 9.622209635109186 8.62379992139325 8.345028520970368 8.373031794386081 8.55830316528374 8.550180574688921 8.481646518096474 8.794117242878425 9.218166110402997 9.193187189277982 9.0880158617469 9.547722415425566 10.352099346110684 10.778120570650568 10.61474025340047 10.314845942150349 10.120830938577306 9.947561163877111 9.884204159608371 9.736317860757227 9.708419032347651 8.851802889667393 7.653540383739466 7.014809270956747 6.40046440606149 5.796302855633245 5.995046321597663 6.66412145402538 7.334447630742951 7.9900264773281595 8.252717115056678 8.0932698996753 7.569870039807902 6.818469267187285 6.364621546895555 6.3928560338531275 6.620379563764203 6.889757796463799 7.111090263861005 7.011720777781692 7.018650915731668 6.84611922757682 7.220652054746367 6.543403681573859 5.857865472195937 5.988184398382326 5.968579437142521 6.437534761120801 7.370760886454359 8.820431757771606 8.381052934901248 8.035543913541321 7.1688214454854196 6.623193061059132 5.947305607608688 5.6151155527476115 6.176417679758986 6.965433232504268 7.665507436317973 7.859385053131774 9.323197664281357 9.361893303627774 8.43098978873231 8.2381384215169 8.723773147960866 9.303420836862871 8.388244151544974 9.220494258427546 8.385527305453245 8.11326540754861 7.584284144057753 8.230035095896218 9.175107548702973 8.638474031389759 8.167595218804038 8.48731523021052 10.334049926795828 8.705403159242936 10.832066116908381 12.639566746129974 10.729303057681848 9.661899333552018 10.421610482268026 15.249673430074917 21.862610020189628 22.784353637731886 23.591583163752784 2.42996793644792

CGA>AGA
19.39463806566609 165.65458728909817 88.09025536272891 58.9964542645233 37.008903721669284 31.60589497223708 21.545369529571243 19.979666796472586 16.915408835606975 15.909853868736812 15.704771766590564 13.320540322317408 9.416580453955891 10.696361264563556 8.199251589054331 6.128946522588228 6.219427784811916 7.729687683204811 8.459631426912448 7.639139188727947 6.669610048839626 6.133062223460269 6.230302994950402 5.997972746034899 6.221043532312511 5.967644751282201 5.959058845559967 5.914339503304082 6.182295126207294 6.01212157263083 5.995775731451243 5.12259411229434 4.824931441185195 5.358938323082181 5.8855072537386075 4.352252577415615 3.535913712218615 3.149767370486394 3.3100494067517823 4.039137021790208 4.356286965949239 4.132326753962073 4.174058516730357 3.3665415869964126 3.6032640854879756 3.4237185464533066 2.9027024075275207 2.664779411298744 2.5459644032652267 2.8193119013402077 3.2793506154821204 3.881797983319848 4.179254574100655 3.4329959456018817 3.498782449618751 3.611947817044568 3.4529587517770803 3.0818153997835456 2.7523834585823628 2.596131717967749 2.577231765982117 2.481406453097026 2.276629277177682 2.129930479957637 2.134673830373582 2.24999743108649 2.365793581162926 2.323133454337839 2.166894525377194 2.206124259337098 2.5001109457639235 2.6433438340049653 2.411879753992846 2.07707069158003 1.893021581497581 2.3705599621930635 2.4114160466180894 1.9240485243112695 1.8515458985141091 1.7804849878492237 1.8069817722248784 1.9041120127257802 1.967335923873124 1.9317346920018144 1.7790364290115985 1.6336036264029419 1.7222280486510717 2.0020761402255425 2.2245157422001687 2.275081610680493 2.1431366352885255 1.9350486328536838 1.8675491655950964 1.9129030727817584 1.8852663180427895 1.7293047342908767 1.4599812730572361 1.1814734489338594 1.0154258335673254 0.9954537261820854 1.3410414653071931 2.4936404065517688 2.5447129166166103 2.4018622775316936 2.295855229092085 2.1686138991043316 2.1098097635016337 3.0508520862504853 2.0125375014784397 1.9788889352868144 1.8858015106215276 1.7221404109994995 1.5179454788538396 1.3098639755502528 1.1345085565101678 1.0258924147617041 1.275833017166816 1.76307876712012 2.0235588379637672 2.087756927130868 2.1245418385400012 2.0513928043554683 1.7759704496672835 1.4380933105188067 1.564953683394397 1.6993078631408116 1.5568142832885947 1.227828679153759 1.1397672153282004 1.2222620310601349 1.2653611514976337 1.1371437299747662 1.667909210599772 1.7591519430323383 1.8617596699925225 1.9200473672336333 1.7168866232366855 1.578920422704319 1.98960540214906 1.6581573029359915 1.7431940922133708 0.6476500159918442 0.4518425914926279 1.1885441914871044 1.5281974971896752 1.3264520954193908 3.010316677990113 5.511845575242272 3.7045500866270866 2.5833689516536404 0.42236044636032993

AGA>CGA
3.860264903668461 33.358382451096205 12.814426662782973 17.762951164152472 9.129028938988538 4.146738878629619 3.8139787161858796 4.090342985005991 5.9391363736227785 2.562303369148797 2.2024312840954035 2.334772431179969 2.0568676233420615 3.3146441594168214 3.775752405795514 3.175515371213225 3.501901179210204 3.829932027914493 3.445561081438204 4.234553652263692 4.926235861053861 2.468828609456087 2.1143400145573525 2.0502905660530026 1.446255767784783 1.3974897111269309 1.2900974867208386 1.1092659239247238 1.4267005766798684 1.635135196805784 1.5807960057156896 1.3213212062488076 1.0725057844135897 1.0176275882841412 1.175796435809517 1.4634645180583916 1.79815723162725 1.8831680681532477 1.6502759778693306 1.407171370739213 1.3617937357087864 1.5124449322235387 1.813100375273827 2.0961954337870763 2.1413119545256607 1.8559876579538244 1.4216142698042764 1.0899689589956538 0.9066331103948977 0.8206182441837733 0.8911486400453911 1.1591842982853877 1.4798416698975225 1.6451403007349663 1.5442178711852907 1.2596468994132517 1.050848052323059 1.058335783623144 1.1674288827054555 1.2451789350538394 1.2497211803406816 1.17955132100621 1.080914034890514 1.0255973060219774 1.0444676503644628 1.0945979848847662 1.1285207170121663 1.1688110246692007 1.2442920426357964 1.2937597707914525 1.2479234822524021 1.141895008224315 1.0216527829464523 0.8628820779824097 0.6810129394128589 0.5657694478439118 0.5645088976594842 0.6424148664431671 0.7417594892309763 0.8284902676153393 0.9021102893745805 0.9719019931130766 1.0223750276671375 1.0186436587481045 0.9565948178104607 1.0001982061764085 1.2060209969189 1.2346460356685816 0.9482422083939843 0.6210572728025275 0.46027782212977514 0.49920061818118067 0.7658477206846365 1.193673798574516 1.4706725283740736 1.3660336340231374 1.0304854603675504 0.7392767095993348 0.5793116615139134 1.180403134409387 0.8989216042900804 0.6802167087521093 0.7694680676022476 0.7815863787829188 0.7717414226466555 1.0510836495113618 1.3274042257770091 1.3376470943051617 1.3138343656480667 1.2974911337512325 1.2257489852249461 1.2386733467377735 1.2650950044373979 1.0332866880691196 1.8284182015552095 1.5032929036201805 0.5180852655832586 0.09885091423801774 0.08026175846315292 0.2810884053323816 0.5696911677496272 0.8741109707091587 0.9448491516590325 0.7279106036151397 0.585152526780708 0.7729341780571523 0.9425342618826468 0.8140203004954015 0.5904792603907738 0.48006258886917885 0.4424100158599169 0.5324530377169573 0.8848985656097307 1.1849690470446879 1.4371913293283236 1.947202222498257 2.3364203154783136 2.0612034228942893 1.9470987714249326 1.7763759215638375 1.8329266245453093 1.241235786583337 0.9661827350461846 1.1316194659929872 3.187908261919854 4.1283044784265215 3.4213057411574463 3.6149876496893043 3.667118695705877 3.323763852187376 0.249917471677298

AGA>AGG
9.802951126143446 79.56102490917549 36.65316368379282 32.01309730493409 18.541295426782668 15.518423873051473 13.136261045347922 12.900173402177588 8.385642136291079 4.596940173248678 4.6447745246861185 5.977736093351106 6.5896966612706604 6.807568172707239 7.478191820703645 7.1355066205318565 7.344563467348134 6.596482123910288 4.494468401144229 3.214074644090222 3.1327025908128716 3.4856320459565273 3.433954085450642 2.6777362051690514 2.2772095926326266 2.64591347806557 2.9492526195786404 2.7472119444623058 2.4994050183049947 2.555703422818516 3.0255390829706807 3.254446285399933 3.1730091112532195 3.084327730842992 3.059878077713112 2.7354350382363957 2.1625950777087373 1.8789588656302065 2.081634368353138 2.4961644697420673 2.7460201173376206 2.7314130958197045 2.8097395005862396 3.1825834568993194 3.3716716458019196 3.069221133733295 2.7111973743962645 2.4073631802939777 2.013077401453624 1.8032380505600143 1.8587597967144545 2.0462332048324545 2.2298006144706433 2.481269415374856 2.6709328116762787 2.61566175475579 2.480694398076977 2.2824561492291573 1.956540986303416 1.5537869497578345 1.2307808866663488 1.183034096377836 1.5225542623466977 1.9036927153906789 1.963402059706837 1.9633189299447458 1.9646532067549214 1.796871161924601 1.597104203694185 1.458103292123427 1.3256804186061637 1.1268789379323727 0.9076128587626875 0.7785623129716265 0.7920950866764731 0.9064658245548364 1.1699259207615391 1.4998659157960568 1.4852869284670276 1.2052049012874921 1.0602929042120288 1.3310580164233246 1.5416441574751913 1.324582316327521 1.272832870170705 1.4766432065499602 1.6909970996278265 1.8314958736659177 1.891553920643613 1.9926148882814394 2.2751155522747344 2.5474237154195913 2.4358640518934274 2.062721309561921 1.747068833994349 1.4948106883083945 1.2430943475492737 1.0501912072780841 1.1704656804616327 1.4372828854642392 1.4593587814542126 1.6132608965188444 1.6170051158079808 1.3062225266425402 1.059471396368217 0.9307836558754277 0.8370909974251929 0.7588526644025226 0.6826231686799016 0.653162140578868 0.765563295772806 1.0203505332553766 1.3026272775014245 1.4656497733731062 1.4499217495978107 1.4927390918492471 1.6355904176491123 1.6675859785489373 1.6094730799011288 1.6039816902008706 1.6769256149657263 1.8033433291831715 1.8272526452584046 1.763749444044284 1.7461198602100905 1.4791775981456479 1.3137350089988664 1.5801422681586246 2.181110932196651 2.4380674458471527 2.4155538588085235 2.396377424504654 1.8319510842887805 2.6471576886386994 2.217499162717419 3.062932787021913 2.6227318404877074 1.6818533114530925 0.9950800703543718 0.9289455016942089 1.3995692586327817 3.2304748340185383 3.433915446434771 2.597218175445657 3.459325898683255 5.407097134343773 5.247549207250019 5.452850607573644 6.355456100109795 6.537614858718788 0.9086541642128884

AGG>AGA
34.18649770464436 300.8762190015623 166.81513722676095 114.77370720339898 87.63652182821507 66.16679031460949 59.82992759681348 39.72718922033506 33.095929092871124 31.419795944164058 31.09443696609033 28.847893303800912 25.788855958599182 23.361123389845762 26.444824522478964 24.613129730600793 21.421247365236272 21.177447880785415 18.48920382834169 17.776934543425455 19.410153034296666 18.896352456286 18.053176633490096 17.820872956333083 18.68712849476071 18.316586742343777 16.75245048754826 17.151998849415758 18.206572081907055 17.73562939632612 15.962247210199099 14.811634251727405 13.210339488023392 11.28520903283075 10.374017170314438 10.278083405285305 10.766030015019398 11.955892839526603 13.601306165906793 14.073089780076089 13.63211551651949 11.70665606340571 9.78781634879278 8.718938424691178 8.294669629084558 8.427347630834594 8.836989553802361 9.198903940062374 9.313700114886004 9.263875590701888 9.078280638853773 8.931477825954707 8.946969145764173 8.509319737606617 8.88782148010025 7.939535213266081 8.355056324053635 8.90856926842618 9.135385601316539 10.003416910773371 10.133917515944237 9.824660992755405 9.834011011819923 10.085710232241818 10.01364436584494 9.465423881430675 8.641337113202686 7.730173762775711 7.005524980575586 6.823948992204543 7.130082608652119 7.428513070063591 7.4012757763449 7.248661796716195 7.329244710242519 7.725544122651553 8.260861564077263 8.749187015055632 9.07165309469389 9.095952071701328 8.850551699541843 8.542770883799989 8.317969343769391 8.091503150809418 7.798711286545215 7.371830225475615 6.765171987519698 6.308224707053956 6.100774095142399 5.9337916474875465 5.873847886611055 6.134819869986103 6.700982386413629 7.217516435114199 7.319786891640837 7.171841258541333 6.8934873004899115 6.334582051904145 5.702195452922083 5.401121789044858 5.583789749780827 6.044143781340524 6.96181999949172 7.0175973205508395 6.467855510678953 6.261292481756523 6.340117319745456 6.445748015884762 6.452794084119691 6.251472444576391 5.813357606949323 5.228338060968376 4.721663755238406 4.8678288989205285 5.048942744366819 5.085237867996993 5.298111475820079 5.748144513900615 6.744308985306211 8.756214491796598 8.745781658354932 7.554687216794165 6.611304073839073 6.29149060305396 6.249849481100168 6.4568121055081935 6.7356452344688265 7.018186765652766 6.948774658793155 7.5699878194897074 8.46281858779361 9.287927256206805 9.51506903330816 7.433091219932147 7.162708567175904 8.098344229905074 8.372298243093596 10.422727705401538 9.506947384646775 9.2872886012028 8.384463682435292 6.490768659758945 7.1787707064399315 6.268579946613272 9.864285953872026 13.824499473375209 12.529232665821699 10.759741819605017 13.760858284551594 22.918433602844203 2.550608547871418

CGG>AGG
15.078687668606694 130.88591846131533 63.66672251390064 39.59635695198078 25.013308000446614 26.74457987997683 24.829909913996193 19.338163012449662 19.988071203637 17.54346804715847 13.598586054186134 11.761979464241383 10.291823514430021 9.391836067404327 7.650408553653636 8.150455236792787 8.760954197702393 8.793031536952675 6.9428079132154314 6.050627212054535 4.742303587174723 4.64898292929897 4.665967927802469 5.149308789265474 4.038521576661291 3.6465836908489173 3.2193951193241737 3.608755951837851 4.205744539457395 3.8313329939364076 4.093326942139199 4.40664591886988 4.470905196080872 4.347290230267324 4.0774572483794165 3.869781963016646 4.061217786147213 4.276760347091874 4.224123406491954 4.033830241000279 3.680244481033452 3.4545404761149894 3.7457933908682497 4.037305593361777 4.177263123674331 4.001456034226722 3.5509941078973277 3.4014250327713853 3.244471328189747 2.834592336117027 2.2098229688107063 2.258637350660839 2.382972123312922 2.5594924995162316 2.825978392964612 3.06546294261838 3.0923249278351186 2.8861123945503837 2.583857996452513 2.54223830518186 2.914066572564175 2.83209971369073 2.286508561219703 2.3111575404006914 2.6512874782200453 2.8482200714506383 2.7367484035683862 2.3842303369202664 1.9589039401973463 1.602881265708878 1.4160826682977004 1.4147802940520426 1.999635991005319 2.12492918543953 1.6129763717581231 1.5430635190146522 1.5495837552728156 1.790852867389962 2.1600276991364145 2.3229476916541008 2.151539837600299 1.8570021869989628 1.673309608246221 1.6902156372441635 1.8934543997686926 2.178153339504394 2.381013393696571 2.5150211746597075 2.5924581943525977 2.3766184520330413 1.8985845824756435 1.4980788005301882 1.3219350512679882 1.509952322741675 1.6519823897204375 1.4689648570190652 1.4546265720349558 1.74500395117555 1.9705831705447103 1.8962552652630031 1.5976849299773346 1.3104207166875752 1.1938670104373055 1.2517299601029943 1.4407548461985435 1.7468246896935684 2.115945671065131 2.3883674650010094 2.415020813661036 2.2477540994713405 2.0792115400887647 2.111933281457569 2.2700605128472415 2.2230658599757493 2.636738166299164 1.706451238987125 1.8288065934775632 1.9960665828568118 2.099931530497967 1.933634351765468 1.8029038799751769 1.94419110079398 1.9544206447868242 1.7789506236812518 1.5236133080715368 1.1914972496244605 0.9967065949889267 0.9351171666066035 1.414557388300976 1.7378543061144058 1.8571569838438449 1.7085294984872328 1.4501215517369865 1.3073387193129449 1.3512127291945462 1.455919509355356 1.4550501796497224 1.711476338527748 1.8654065381513112 2.0381352164018574 2.95117176417215 1.9062760432777952 1.1372959152047464 0.42070931979353954 0.7331259931654008 1.3475846924251982 2.1540104689420447 4.675522037670516 7.610917512292886 1.4789849672678652 0.093317188441041

AGG>CGG
4.9570755599523855 48.045019481907964 28.0941977374662 14.11215535062401 12.249558777900823 12.019475390973643 7.8073988878575715 5.20819800416215 3.2375246709983783 3.2083457809070843 3.5090948934332618 3.4952771426071254 3.4899678934492333 4.669007964869232 3.1879006623175643 3.352565214274535 3.057346909186613 2.17439589274413 2.8327143533412444 3.1239993968759316 3.234846221607056 3.5326985507648243 3.591660513886415 3.3811681260767634 3.7794040111297025 3.9265561656092474 2.91401305927387 3.000194057879074 3.036373016651261 2.829988409131496 2.6440922842951737 2.254346895236594 1.6436789727330865 2.0329900893853607 2.5601361659873656 2.7138397832608967 2.490127106720034 2.0018653128937007 1.5299580035061657 1.4231049041128547 1.6535710289255792 1.9427672666038767 2.085389251756698 1.9921247849913142 1.8541684973534815 1.9867697896894656 2.384274737270901 2.742650221244155 2.9371404269647887 2.9031350382317056 2.4294702976822347 1.9497285352509306 1.9016485546138886 1.8913310185787768 1.916405933556213 1.972175502301398 2.033213137073321 2.0780998932341777 2.1205546335231595 2.1820471796555205 2.2329174308534343 2.194985471558848 2.0107480944918645 1.716704408262309 1.4539092478530757 1.3423238242357192 1.3290856222457512 1.2543645547511921 1.0678436159946783 0.8862978479417898 0.8398137921894175 0.9349155782382398 1.0678825558118772 1.1227222831154184 1.0961997100298142 1.1230369751765668 1.23502773385995 1.27402275602907 1.2124771765303795 1.1802448599282513 1.191405886800157 1.1719073752222977 1.096487534974877 0.988696576174886 0.8887984463785774 0.8590542329742816 0.9867101964979634 1.262389937083069 1.5201628910000042 1.6642030029916768 1.7738848550864859 1.8775319610550285 1.8992481878611769 1.855015091649971 1.8376761375576591 1.8430154097481237 1.8257177477555526 1.823077409375411 1.824697774973956 1.7004935108158452 1.4217206829499818 1.1507291144720706 1.0176933591232045 1.021821834342579 1.3987859828889049 2.340669854940407 2.4701267113711767 2.284721471368459 2.2526210490471352 2.018135156724799 1.5781864865530308 1.1687485057006064 0.9576745432729842 0.9618475913038986 1.0230330536073002 0.9750775669071393 0.8266791968535874 0.8260991419930976 1.0226609177525467 1.086931759451284 0.945237361646215 0.8161032398789703 0.7447255915059888 0.7414085532970458 1.0496402260824387 1.2868131658917263 1.2252745225311776 1.1176001132558497 1.5331712163396514 2.145820050231085 2.1928364129056845 2.145726824294047 2.3553999479055703 2.4506294402102005 1.924576794398109 1.1903773737506822 1.3156525490928446 0.7532311056889047 0.9919574949899594 1.653447233453026 1.4180917034597658 2.264156193105185 2.7026979654446133 3.5265628733954717 2.3015425069212996 1.145583092662591 3.2068479399804533 2.493579460717087 3.2340752422483106 5.689459293031477 0.8591854814941192

GGT>GGC
19.737211385543187 173.00769642294412 97.41577942778851 61.41372777764331 55.94375835427106 44.970805491415575 38.921602056898394 26.45029676651109 21.976103172715256 22.16105406589982 22.633243857324896 18.58295022850984 17.839953346929473 16.498932292358802 11.847330619713205 12.324850789781578 12.407321492560374 11.635255833940024 10.419471189798031 9.5238323193498 10.359639490316638 11.635254874904785 12.504903505988315 12.769486558934215 11.559538576404332 11.354523970142694 12.269793521111572 10.573290071752627 9.83480559679344 8.529001173692304 8.055522850538715 8.061687686437716 7.8936613468518155 6.362499797497594 5.994767101441429 6.609827328325192 5.733104305117025 5.70555777556447 6.576195874300355 7.64460619858624 8.190641623367714 7.985523699889049 6.7428773756347224 6.168303352111938 6.039288543848934 5.318949770532666 4.465718411693683 4.119797358788638 4.432136195953423 5.303765020360022 5.087864023757935 4.664062127909929 5.346499682563023 6.166852780957453 6.332158271651716 5.7987072961206145 5.275097221946252 5.08986581246579 6.119602097955168 5.980647005002321 4.33123031147946 3.691605590162161 3.5735992349090586 3.374409642783071 3.1831367865366467 3.2123545168855125 3.449487023633448 3.762015869165895 4.089463260293186 4.220461553431635 4.1032646496206 4.126525160777836 4.4351527458022 4.801720623461332 4.881683554140338 4.5499772058573456 4.169933395146612 4.10157042773904 4.192768923750849 4.071937361825165 3.64428179628189 3.0809239299730784 2.579531657414517 2.2197520921615586 2.0231522662107464 2.015526736015973 2.254151221690705 2.63421693019817 2.8381207779752105 2.8605704165155754 2.9426518861299047 3.114690910124612 3.304184558999134 3.481943229595135 3.6193990514031653 3.848675662807053 4.3485880955503236 4.923177392689577 5.154739238598372 5.088098555681954 5.089815746192234 4.739281353424718 4.108483933076714 3.770906189367413 3.923308597307566 4.59823536015954 5.0993790348828325 4.918748893021626 4.480428431951518 4.28726029369746 4.845263656819374 5.482521715186049 5.778011784289927 5.739836378716092 5.103142624842095 4.804612782170776 5.062183456435843 4.941024001996163 4.2306321576592145 3.683414728520083 3.5216099689135953 4.624903206045772 4.779032547973743 3.8655068474017797 3.5098439773138086 4.1227913876764655 4.809496571105532 4.436371243644545 4.256228764414042 4.090835842645092 4.107499423391167 4.674991504241137 4.575970815076422 4.350923791881996 4.289057965908112 4.878373244398243 5.536955742155493 4.249931035576881 3.9189163529854274 2.9600120218065085 2.7279985208032755 5.331911647581245 5.638391782836976 6.374357277053335 5.471560730787111 5.031136135834349 7.53446046725951 10.516574696186284 11.220156801777476 14.02325620856543 1.2185759445150863

GGC>GGT
70.72405111162897 668.0076480641688 418.1839249153751 261.3504819823331 184.37116935908784 142.01764299404638 120.11962157188441 108.74470598286479 104.03853549477557 91.96564944377566 84.30503711360653 72.22807101723794 72.24030103879251 68.32100496443921 58.08567766283761 53.24775247197829 50.044208511610144 51.71962499390192 50.54015160794974 46.558448210634126 43.37991013883 41.99285129917772 40.135828721527226 40.68831830972653 37.22424138299922 34.83894005117079 33.05020640243576 31.721642375155827 29.636325362132833 28.32771340454319 26.665268004891818 24.055686286978617 24.49174188253848 26.13004660289448 27.8657636041716 25.770426099326873 24.902753381574307 23.42521820358429 22.575169658010136 21.61629524507626 20.928677627870698 21.65672388590031 24.018188661126715 22.660985816058822 22.244074544092804 20.83667789831456 20.27381039157362 20.85857944274959 18.572949404701365 18.610757175612235 19.017480116861023 20.04949669526403 20.815789252453865 21.015088750637464 20.72257106792435 20.596927461401116 19.98714011750532 19.087539202811406 19.75887212302841 19.359083958101145 19.622863350313395 18.9788512516407 18.82283225348162 18.098601915152532 16.337763605436788 15.452306009956931 15.24499574597213 12.368073463363427 11.930636467530324 13.023580393757825 13.491244193031688 14.126020372699244 16.656126259787595 16.38592348627397 17.38293516145087 17.469179889228215 15.928905824052467 14.435776220218017 13.80943873018069 14.573820425680633 13.879012129430752 14.358697962813512 14.682708242550493 15.208053841337934 17.127152996104645 17.5607202071439 15.927539338965119 14.932328525774434 14.208619732783758 13.856014541961754 13.628540797592334 13.70592544912017 14.330185045011428 14.917758217673386 14.841850080389117 14.122576685497355 13.643139316801973 13.394820409975631 12.609288285705865 12.102902089494018 11.941054768419551 12.871795593955609 13.371401083507468 14.266163834532161 15.07278919647519 14.678666972369593 14.27239604612381 13.323471067450443 13.590833602238138 13.637101963097036 13.517112906270464 13.749947759980326 12.713995988196459 14.353389210250624 12.682173586454844 12.62312709854294 13.180899493799762 14.229730353668835 13.712540532626385 13.39369980823857 13.752217951027408 13.284363003644582 11.5036307330463 10.480557722312644 10.26143673421733 12.63356088836402 10.761743429233068 10.714003540655716 14.039437006998385 13.033408440647731 12.704650153263087 13.035636252281552 12.37137261091509 12.145117554322534 11.928483751810482 12.859840979535742 12.215389429904027 11.668838198434369 12.298307657472325 12.559203113234487 14.840534521030577 15.981280352336034 15.960117965167132 19.29773678170201 24.06637274679157 24.20785401520963 24.110754666634133 22.710743170182422 39.15303641423373 41.982988483079914 4.697913427113519

GGT>GGA
10.633858810240692 97.21676784531283 58.55632298823968 45.27631077973259 29.06231074815964 19.87161819675668 14.256193872193032 18.85812593721092 15.408189512976158 13.747122548067615 13.110229651868034 11.594631729500033 8.762208008401457 7.6713997420945494 7.6339124635546485 7.733463611059243 6.581836232948957 4.996321163575154 4.708961080657427 5.053173026215258 6.5864272489344655 6.108291986159526 5.359982788450956 5.710620291758265 4.9444462377878615 4.521469286991623 3.454900300213948 3.651718902532959 3.7199014498751533 3.2184785458209575 3.373619076272662 3.1244086134538245 3.7811241677850966 3.082831697572958 4.360120710041301 5.309305154571762 3.6590810740262976 3.737095929612977 3.5555481103875994 3.0381048429801596 2.6365062616811374 2.422895464569596 2.2950983650125614 2.4964364348029826 2.851712095413121 2.190472752266188 2.2987362866057697 2.343302450421341 2.431647495009461 2.334685451297229 1.9403321854030944 1.9185888020932476 1.9605503395128396 2.1472154718396577 2.3074452738092615 2.5573652186777744 2.804568328593926 2.7482167291482935 2.4876326440421295 2.38152963851183 2.054964960226271 1.5432451026646723 1.3036430106197932 1.1268160113013517 1.2486326927038667 1.7472783120738091 2.318756260398531 2.4341153923478553 2.2102218603387613 2.1560105428471745 2.1150806339537778 1.8962904892179726 1.70558185859921 1.5816919863841976 1.8680727122400473 2.3596001098559842 2.27940213928309 1.9357010115479412 1.6565474673970826 1.5046723318256123 1.7178380882501527 2.2418642214074307 2.7457164366933693 2.8965082325740235 2.6705665923480835 2.3049297861669795 2.0054946760217596 1.8084160169329426 2.025118162348118 2.0946099199344927 1.7364501345959114 1.4686472587061543 1.3446263165577514 1.4281656886928626 1.7973235736436532 2.1911859092149744 2.2941690229772824 2.112932016054855 1.9260823738049864 1.885410394490477 1.9547629928587746 2.04497928543614 1.9854363249072877 1.7173767743364734 1.4478100209358722 2.425801751153739 1.7264535083897894 2.2441128758718225 2.7555176087860764 2.984106094733589 2.826114140782692 2.4304505963840124 1.996452684114298 1.6426702930332147 1.4124847386592483 1.6194010662567049 1.9770683540894716 1.9830020893478129 2.407386657193947 1.9140957598820239 1.496779959369057 1.6640345197267585 1.5435520192125547 0.9398485057220205 0.9954920324975987 1.341301965927016 1.4057899978757065 1.9659788749774796 1.44724986436694 1.4312589566043008 1.4250044718938057 1.3046368999250535 1.7930739144387877 1.948117992718828 1.8573644071137576 1.3886492607908512 0.8817054011174915 1.68085657263574 1.8019020957629905 1.8701155626866393 1.0693033347460406 1.8118284652697907 2.2498893364723584 1.8035802523524855 0.809994829943862 1.307179549251234 2.7532193428268044 0.9837766562881589 3.4631575529504217 2.473644603869021 0.26847742356383264

GGA>GGT
17.115867919726053 164.97453559314087 92.46490233196198 64.41287265021252 49.75440557929928 46.76656213177452 38.14265638322344 35.02439082511903 33.8577263161548 39.18610666835574 27.103937911395672 22.474455328637678 18.47796653746067 17.193989271488764 17.773805326004556 16.418165419591812 14.356430375986395 13.41622287193368 13.454232164155814 12.45219668624857 11.463588263008743 10.722862662056265 10.737612887099905 10.495000104107856 13.208489375352672 13.837176805195293 12.988040315414638 10.523548861135234 9.55443040202377 6.8874239086725835 7.114448813840239 6.343114194302044 7.185909487237708 7.260874892368548 7.215427006735316 6.975364059982236 6.150286493295178 5.387166775895764 4.977839292362586 5.31619760901255 5.919770311062255 6.364116393724551 6.453771837925382 6.063210326217686 6.256414267051053 6.364837040134485 6.423533577229227 7.516387003273335 6.066961093926112 5.720643222218419 6.19853749472242 6.712162771709383 6.967429716662618 6.98937555253789 6.728424675757515 5.977438874817509 5.207384130405997 5.197043058837086 5.745909493812807 6.306013930189884 6.593344320404072 6.677564896033823 6.612972837174498 6.141060050783395 5.459847330716655 5.195060466767122 5.4021000441618225 5.783636608389377 6.639133158552301 7.635151542366851 7.550990089718504 7.197387833717158 7.177469649381295 6.809284126527955 6.357274828736151 6.246468400350263 6.503790851200634 6.9339893048853956 6.875010983332091 5.962424019463476 5.0986780777507485 5.1676823152317155 5.547233489638792 5.319349002576858 4.766155327752067 4.171218655249132 3.6662602968568 3.475565093183287 3.5099807888241887 3.581413134601852 3.67270291012484 3.747224752759947 3.7056842531328162 3.893055480122067 3.6207060452302686 3.574460575023446 3.0807038313715394 2.9314991003550346 3.3588308359531465 3.995862583131418 4.86038373694546 5.414098181504796 5.208382438518746 4.565648659207464 4.004539222726848 4.148766853478089 5.4303778174114035 5.984880191931471 5.46117851876782 4.709851446026324 4.041984359226204 3.353268634433657 2.7791811624589 2.4676676561956765 2.4135043997807846 2.765775978111705 3.5421172751271355 4.431813439147806 6.176031612234052 6.745741701997982 6.275648993562672 5.249809694752725 5.094142461016914 5.351390293243195 6.132984424969773 5.2921876711402405 4.3965118167190385 4.773483344506623 5.547231784992293 4.8498290754421935 4.979017137714563 5.471121441185873 4.327365854414342 3.1636059624050477 2.8127640796178763 3.8415982515996734 3.50440324749425 3.5174284039518 3.510916197450158 4.887045872348664 7.606681971063039 7.421311087590176 10.093627522683116 8.202326302058598 7.453423265326782 8.100301273263636 6.459570719478375 7.263831235210559 10.198195801453073 15.810089653684937 1.9231387097081205

GGT>GGG
6.717432918039048 59.661233470693844 32.03343900117257 16.021323098974 13.195062120430071 12.961666372493593 7.151673954171719 10.86801041505419 9.71043359493997 6.221709665606226 4.866333268555646 4.502618811475905 4.567687610611091 6.028826283499771 3.2874947361937066 2.6003633595379987 2.778865841148335 3.965163910885157 4.2538309563449035 2.7860159155702413 2.3928335579693303 2.557538108798015 2.9217976961967262 2.465334441216318 2.814229261542252 2.9767300627903723 2.4224771198946367 2.1678931053618737 2.0521755172021936 1.9514890482066436 1.6389881071236159 1.2119155067395684 1.0481679689379106 1.196781776308248 1.4074279158900305 1.6296896332947666 1.847762890708236 2.0830156579370276 2.2550339569815336 2.1319248567130797 1.6374717781621777 1.0649605252094916 0.7657110708023178 0.6998913285381863 0.623367570389719 0.5032049652915394 0.4584833355881933 0.5479810660393755 0.6660365523221056 0.6856373610669031 0.5727855090558381 0.3942608101443859 0.2628616317888813 0.23909349960525134 0.3138208952992563 0.47368451097072467 0.7397023158293078 1.0998110004152593 1.4076628921820693 1.4668545663842285 1.2702263868833572 1.0087764574704037 0.8457270593020858 1.8108162820014795 0.850774482049392 0.9241525644986393 1.0266304393959191 1.1175252677576781 1.138586483997549 1.1161880773162265 1.1226622776754398 1.1661833565491853 1.2389789367263064 1.3237663231606804 1.318625640799937 1.20002446387109 1.0623796773386094 0.9267982661695461 0.8165844949098351 0.8490706856614597 1.0685140712083423 1.3114507576811638 1.3226980271356246 1.0467592674059543 0.7128553943481868 0.5689670767920283 1.6408540554142208 0.8022449691995049 0.9749954705747004 1.1506456977466202 1.2976933448823482 1.3515268136039906 1.2633266777516852 1.0520236744039826 0.8082202320228432 0.6230685182534945 0.5259368053736917 0.4873103930928654 0.46414874646857923 0.4445864697581553 0.440984892351725 1.117698443597318 0.9586730458519912 0.8503189449556285 0.900101902605144 0.9302997083177988 0.9392743807098897 0.8164380505793766 0.6221836238642986 0.5089987664888905 0.5085118296949332 0.5658912476231628 0.6252497586306771 0.6042660881316385 0.5399128791757234 0.5729232811500194 0.717485364200701 0.8919777840845244 1.0565167225355194 1.188934451603366 1.3000390122156849 1.352244062954479 1.2187850235689637 0.8941496566041723 0.7818651289044223 0.7316802242043509 0.5785287976600648 0.515359093649135 0.6288534298613723 1.1227300449992115 1.1507229693949161 0.7444508507387908 0.36847264771432614 0.15342027616336415 0.0538789304739839 0.015630684080536493 0.3763134812765237 0.6197796317782467 0.6233383149286653 0.5699354378586254 0.7309092215428673 0.6410835470907945 0.32267881005565924 0.4183379269087814 0.4233911126635757 0.5978879603713155 0.46767666088328147 0.9839990957067628 1.1874505017786658 1.904701035917482 0.13708649495026198

GGG>GGT
5.667301905999677 45.483522978106876 38.552302799985306 24.197248221031735 15.054715731626805 15.111277568378599 15.58919172523794 14.075713155743022 9.968142653815885 6.729072695731884 7.000824966353417 6.949182125309516 7.895007434901631 7.6717286488829615 5.559808095589607 4.077006038887114 3.638609087129088 3.658960995845077 3.7221055774745593 3.387179730897748 3.8534431933003153 4.1072552531460085 4.299462176906437 4.512490205428079 4.225845116215227 3.636426095828705 3.570024329029163 4.390409022767965 4.864366182098896 4.3217385825431 3.378242962634623 2.2068691696704663 1.3015634552605644 0.8777354684240065 0.8602405571083847 2.314450088306844 1.92044168256654 2.4332281305496695 2.682889316371173 2.6683772556906318 2.5083529035935035 2.543640955873203 2.9019948775103948 3.142963605062891 3.115600076258098 3.0386586536472655 3.1216832790870512 3.191756482281663 3.015660605707767 2.6726157591202444 2.4032590831831913 2.3006023227649295 2.379439818264589 2.663581850047343 3.020554617485853 3.0932662965254965 2.609191215945017 1.7865534558234746 1.1736672235171648 1.0332658061423705 1.211170541019976 1.4905837176681414 1.7759131274670865 2.039938254007476 2.2197152217149343 2.2552457307438685 2.208022019093879 2.1459370001543396 2.030128247739904 1.8752764230426928 1.769883553898087 1.7186356434755408 1.702419369715684 1.740337487264064 1.7823545895393043 1.7432720534083446 1.6446046360045234 1.5701787102022509 1.5225106235568782 1.4403922495842039 1.3378272549196493 1.3189370514401733 1.4031287301674225 1.4365177409523517 1.295935928984046 1.0651970337923204 0.8897075002231042 0.8121836054059071 0.8333937779543608 0.9541596549972114 1.1324779384163752 1.3178833622135935 1.475773095234144 1.5726560949856287 1.5871737122134293 1.5151486107823813 1.3852409695972105 1.5342801720539883 1.6321386399996445 1.3976420614695872 1.1931217967317098 1.1948035281772307 1.405152769919034 1.8047603480041312 2.3024809386048486 3.984571307094491 3.873691769196408 3.42538184803978 3.34050722616898 3.1464679979062558 2.6980574861618063 2.1008306695154215 2.062160937823097 1.992659960276964 1.8659261188887495 2.5676511795098103 1.9113854544684348 1.954131607881519 1.571366907330017 0.9346547720368501 0.7964679861064649 1.1889845945140123 2.5007930326681937 2.3610140034323055 2.223230541266627 1.9829461932963153 1.8192879738477217 1.8330143951917688 1.9479320657561427 2.246955852411687 2.3838471647795387 2.00883020302455 1.3346486613459185 1.482922577289086 2.716616526207316 2.0096949873254055 2.2946526320248917 1.164787906796463 0.8381847328412843 0.8778334218592078 1.7594924057806713 2.749148874385986 2.632837582620238 2.457562545515892 2.0636248470016247 3.665176672890057 3.285417459396493 1.7620181061807747 4.226625902760615 5.5326564994290734 0.6083976245976571

GGC>GGA
44.87270028975771 391.87127427280683 204.48886828801932 138.21657742202024 94.5982651550614 71.32547192655423 58.37291981134603 54.49200889437698 48.06630049013979 43.28676203778185 35.95858178514705 35.19459273502288 31.944210612480433 21.820034400050226 20.951539766761112 23.208210059237153 26.151407604289904 24.00160124301367 20.11955655193647 19.27371175345066 20.065182304848257 17.62110423954106 17.507246079151805 16.31237658677901 15.569718988544887 14.705589901409112 14.098029299408385 13.371145609390748 13.54614246145372 13.855943682542497 13.65219034033433 10.099889650308615 9.973701003321604 11.079956765803486 11.299497122314703 11.602500121572708 11.362391132556215 11.433144070256924 12.344948766137708 13.15984430933015 12.265091862390303 11.382068054029002 10.661623293752049 10.024865759465744 8.535868756214237 7.911128578014361 7.237811195798049 7.204348607994915 7.948601420069868 8.454260636363877 8.649963304330146 8.679897946993622 8.231837245778369 8.122826629505655 8.204783921717251 8.447230035360514 8.184829888814868 7.804944382753248 8.862768126313226 7.643613688186387 7.168053710457261 6.614722856655318 6.395274613971344 6.625898621405588 6.521174669306462 6.279776057920949 6.542589638780455 6.634278545007173 6.111049114156007 5.690842919972036 5.7097966970143474 5.769896278547681 6.019451933142314 6.582962508713981 7.057848407419283 7.375705469814081 8.10692635426992 8.658227342236481 8.38574667388013 7.506627560720559 6.533268978182821 5.932186525776108 5.6767834760336875 5.62587397619492 5.634123619545883 5.521994794852009 5.341467212596512 5.548539682159306 5.9910737743529925 6.0129758218589044 5.769196643681893 5.634661351011821 5.485058816684897 5.142976545599489 4.7498998904254845 4.534280148799249 4.531143676816603 5.848412217370398 4.903389242336323 5.49957363485102 4.258367129267534 4.347742736695725 4.4108602854617525 4.464191161887361 4.323810491141274 3.8292653884524936 3.492661927877301 3.6666310456712843 3.9281559562666803 4.632881977970485 4.14180245353859 4.205987336271091 4.779875069279857 5.119195481322752 5.755038794381479 6.459886653425742 7.328828313192659 5.3422834546476246 4.407545245109355 4.198409921580067 4.010255199945872 3.592856132615816 3.9756167075856963 5.350490224868655 8.280214274357258 7.201318834101609 6.0281666140422665 4.992062519226438 4.7072164535524905 4.664129898915722 5.34240617506747 5.022351636655877 5.2439689726108245 5.339215319473414 5.612812949528562 4.28234616804399 5.565282004044536 4.493102327493306 5.618925442540722 6.584476026524229 5.780423755077637 8.585079824339196 8.713554739766789 7.845171412014606 5.604237217384915 6.049750076529448 8.609652015702078 7.292044779780213 7.009552184732309 11.230781086602695 1.271887332807014

GGA>GGC
7.530206297542743 69.84899001899392 38.029772040200896 24.879978028182773 19.031477036587358 19.92559220361186 16.2102133085278 17.78459232378144 13.48059314949062 8.880776517948009 7.31946427572455 8.078937871186758 8.956462193962485 7.521622290489692 8.903795065147314 7.640826874053494 7.489899949183155 5.362330241766036 4.364289711860264 4.275286829453432 5.326547433835804 5.229554513041242 4.815871330107852 4.844981493988906 3.9114922991396606 3.6188079010277714 3.063722881949202 3.124472485117503 3.419519381983556 2.632535145523002 2.798479595460944 2.254131268885179 1.687704221779019 1.85083623202576 1.9313207116228794 2.109880559184692 2.4706066889005123 2.8401743961605876 3.093771201655385 3.1303326031034913 2.830391221495299 2.3320267791895355 1.948666008368586 1.7902713903397303 1.8632810847044037 2.144763782577195 2.573367063390416 2.9327626194541034 2.953870648010679 2.719421707868181 2.4266163368222435 2.1362839470420423 2.0109770258504254 2.150236250706341 2.269307464324365 2.063645022298657 1.6741963051087465 1.4235466072368432 1.3796931284176064 1.4477834739875783 1.4829398491477233 1.3750773709896138 1.2545832253853864 1.3727400574326494 1.7572251192998198 2.1943888705127703 2.570943798440105 2.935641370801529 3.1015037246715176 2.7585938681911197 3.2229723179463465 2.1997624920341527 2.7320825110920643 3.2138890240630027 3.1699764687502596 2.643071476518053 2.064116836183963 1.7760979326949693 1.779703694296519 2.244968408842902 2.669486202466982 2.3344146327809634 1.9361160086141276 1.8696731443089625 1.7800530082905601 1.8484397030327238 2.280196134266457 2.811156449409061 3.179581890862903 3.2217127997285027 2.846481763119669 2.2777963781212556 1.913243591899332 1.8980176468690635 2.0857102982798286 2.4637657587745885 2.8177530882916457 2.76458665609563 2.392035030399369 1.9968112445920043 1.703053936400181 1.5002380463054146 1.3807141574501482 1.5321567853499523 1.9781050212725655 2.6245937206989645 2.573134688481432 2.010616445252787 1.907368908854449 1.9887618368431492 1.733069790856524 1.3372267758406602 1.3827709731408993 1.5918807169458506 1.5672934920345323 2.260306995883012 2.202413573835175 1.9125678804196815 1.5767765006890861 1.6545327351933832 2.082735197410677 2.6695458134841576 2.7554682260556387 3.3515584896777515 2.810625533457024 2.336944083703946 3.0970487903524813 3.408264059178109 3.2400380377486258 2.826064067157137 2.7707173478002316 1.898298462835386 1.523921773316153 1.1644182588356273 0.9355291605644154 1.5275024252124654 2.1300928073661547 3.1774944550534316 3.0691204403012247 2.106727130941502 5.132859251176388 3.7529555231890352 3.530608301149024 4.783695690639719 3.5204696785650933 3.3562397409930727 3.410445915866648 8.631488519313528 8.468707364983004 8.005657049348512 1.1289091356973913

GGC>GGG
21.587162896057755 189.9040408390497 109.68425029299397 60.498785107763204 51.736190103515696 43.81318375818258 28.200867841933462 21.548858692414978 15.015790173385394 16.20714873290906 11.60759770478686 12.854579174031741 10.079830469799107 10.155186798505772 9.24419778567317 9.31013591791496 9.276685735667348 8.195143946686535 9.589256272149655 9.579904814117207 7.178728473860328 7.14223620461095 7.641441686986607 8.370796265982236 7.905338409390096 6.333952257527014 4.554040561359381 3.8594944571405456 3.9706196710228507 4.5666418332499275 5.198655479178752 5.794850814748212 7.008613984934843 7.036201814359873 6.6679166772100995 6.136134533744021 5.669907216807012 5.499966833143552 5.862652568826292 5.485825963908224 5.5269120274169135 4.0325305854523545 4.12718361085962 4.333196502929044 4.446624871108726 4.241638572635344 3.875208905942936 3.337843577999181 3.1262170750111284 3.4671453609135363 4.3781442492371765 5.23335600003057 4.72032376571855 4.543239076140193 4.388426564557268 4.311364946711162 4.31317590066037 4.336184447932108 3.9895561604047614 3.2919404189016825 2.7602442081885576 2.6996334233220427 3.4509400314547394 4.077137192763586 3.8132604431320307 3.9028592837813427 3.8311427100925193 3.583998954196943 3.1002089926683727 2.555327119800313 2.2866597277356844 3.4683910630456243 2.8856444025130257 3.037645460821653 2.7772398919007513 2.418347362001922 2.1074199067202275 1.772812215262853 1.9780736438848152 1.80175983550542 1.4860098587032562 1.809821482726964 2.123408702165322 2.4292788675744745 2.7155825619726723 2.8299683180837936 3.045779278796016 2.9983462568865455 2.564721565319325 2.3940200636046707 2.433954351631419 2.397734769172983 2.2414923093578345 2.0007241678116467 1.7340573869253346 1.4889781166929499 1.3109850402712933 1.231792592745367 1.3286675801194796 1.5784804347363284 1.8121354868343391 2.0010849045806554 2.794011688080126 3.041694925279926 2.503174964184022 2.0406090054187374 1.7297468483621365 1.5715622360533723 1.582316637278154 1.6068492283783122 1.5731435729249776 1.5454623552145217 1.6089177156250356 2.0433074462921565 2.149404723463924 1.75832270379317 1.3750620813135839 1.2317244822752547 1.1993527123364058 1.6246198843737372 1.685406058653701 2.4866740561203557 1.3469828563085426 1.8722373111895443 2.464910282919536 3.08069730545365 3.022344228783556 2.4459315686021443 2.0184741396388786 3.258687489546952 2.7970622485689463 2.8687173204868293 2.5599709221889655 2.8168167969304445 2.2112196509895563 1.9883973896721836 1.7088371127553463 2.3529715320154834 2.098281988937769 1.1403525309766434 1.857195178646305 3.335595552079008 3.1623080935844037 1.5986733367485846 1.0774542536248546 0.8382018281323458 1.9680479243389766 4.575833691631843 4.895148244620555 4.750706848173218 0.4777836954366875

GGG>GGC
5.702288487590033 51.956560383374566 32.36710257839953 19.64684050660666 6.809844863271227 6.0661582652020085 5.368448407857016 5.562127293667972 4.066803939485527 4.386024024483447 3.648425157281347 4.113298703832809 5.228975240265836 6.597578324604383 6.689249887839988 3.6505558439594417 2.7969759153274487 2.0394515839687446 1.347990039215058 1.1781659442174415 2.5442937625626025 2.076141119624998 1.865470612056797 1.023393317550039 0.6279264194487971 0.5534043531406314 1.1231600623549338 1.892986162181994 2.467947087131931 2.5578460881344802 2.3650977194981135 2.091854985230599 1.8032304919525766 1.6278547686168863 1.38222097041929 1.1668021161855866 1.1261377270977706 1.1193442206969515 0.9929055088131471 0.9033620795282113 0.889749455080671 0.8933468111539061 0.9796920665356045 1.1045161414138742 1.2070210297457786 1.2600214802834175 1.2275549518715096 1.179827869144506 1.303322830748141 1.5714485061435177 1.6839370918007084 1.5563346931559519 1.5043010632933458 1.6386942312295385 1.685968524268946 1.6578797597184396 1.7846789058224488 2.02854118204012 2.2549564500874335 2.36862084273616 2.3435606577655657 2.2790374191573415 2.2162552621851055 2.0409911492488377 1.6806734439434916 1.2190055473710348 0.8245263241833907 0.640209755203696 0.636109184221812 0.6609501081813816 0.6832464638625491 0.7823309605468123 0.9953459150104024 1.261234637999193 1.4303922528166244 1.4447335327530042 1.401862761630832 1.3432500914576846 1.2250791595325647 1.0584784340612874 0.8930659365158958 0.7538719519697061 0.6626396374034417 0.6415868284538838 0.6709242185853415 0.6936671806760144 0.6809418155460325 0.6698300654462783 0.7268005288308751 0.8579505604084874 0.9627364194027068 0.9494859742992285 0.8767236386826971 0.8560791510534002 0.8565602824294812 0.7840929625605254 0.6670635553082391 0.6083537576731043 0.6095019482763897 0.5426569448859841 0.3536355825957408 0.15402148348491873 0.0965731835192639 0.2865059394137068 0.6729158171237971 1.0030738674284259 1.0538935985677624 0.8523367583213441 0.5871016741842355 0.6349212460244968 1.1087913986226656 1.1968044076577524 0.8854636744294242 0.6910092638230916 0.5886126343241551 0.44259579474537475 0.3070592648333632 0.22552997241250117 0.1974787781833142 0.405356234829212 0.6828474826395481 0.7625810177768981 0.8184162640143309 1.4279352730000816 1.9126420574964014 1.8479202418254788 1.477517294191773 1.4165310534787592 1.5584068617638875 1.4845338206501877 1.1555459955937226 1.7253529849428233 0.3558755592247617 0.1339430450606436 0.5348016968284313 1.0534806451507766 2.1515265096537495 1.1204151431561564 1.011204570167975 1.1423940507879948 0.7222657493510449 1.5404016645034584 1.9482478741812015 1.6785283612344257 1.381656782325046 0.9944225048163612 1.0384766120341664 2.1492277535841136 2.1716959818599793 3.0259233866178272 0.38513591907227357

GGA>GGG
24.1228787397029 230.52100607003422 121.16452683678027 72.30421692255196 59.436576739618694 45.82412238620788 36.71043747768688 31.03033581646712 25.87896669044952 24.591469037859262 22.463702817557536 22.529672847025196 20.61406119216193 18.75743407099082 16.11588635873251 14.497391060971916 14.860907677314716 13.035700527379525 11.502575338988773 8.84078255805131 9.406381449796088 10.151222215462916 9.612741389391159 9.235679991974 7.6336519307823885 6.201343667779448 6.395096474153065 8.877884471889086 7.857914490314659 8.722893556411263 7.943148820326909 8.593413833395484 6.705260595731534 6.261287901078573 5.4979794431347875 5.357857953215687 5.926641686678409 5.1888617796559044 4.858868382702689 4.9255354140397944 5.761082838381785 6.2049367999464 6.150544708890994 5.878154251200333 5.410987709008334 4.846689117758149 4.079727575279092 3.9713180094225042 4.250316462591689 4.2838277310046085 4.500136103272142 4.466613716458222 4.338992240150475 4.256945247087257 4.207920655665288 4.191674157430471 4.165750288468707 3.8680307710544346 4.241466594351433 5.0289889943823285 4.297497873945198 3.634433522839159 3.5994869899587107 3.98727667577967 4.277717329283481 4.248865545095275 4.338685396864822 4.596874185010893 5.741796860208487 4.885290944128254 5.07023359721312 4.9190031470420985 4.4162663871971946 4.087050132434601 3.956456978349229 3.6484365348764562 3.06134023958108 2.5342859880756143 2.4260822709003667 2.6612200264501236 2.942051983980632 3.036997555356562 2.9639705933779177 4.566126368396198 3.714053424992874 3.517078573905583 3.60368913356494 3.5450934056921337 3.3887797087095604 3.2057165737840743 3.016461454093423 2.807263940307 2.6407241932470056 2.587757664299985 2.662199408759647 2.974502405887577 3.558709514863524 4.166506101773853 4.3988267546191215 4.062418676192122 3.4528757783017396 3.0082724984698412 2.9519178638351398 3.4485721789488255 4.256716210646842 4.2972571468596135 3.6789745744101197 3.2315164025676837 3.1451935511129028 3.026884818532766 2.658137316669276 2.303147485182529 2.579325507580246 2.7309066210210737 2.3588192739826837 1.969594863299622 2.84232826839502 2.2920030195518435 2.5865518702723533 2.579783524710239 2.412392471000582 2.0277188155624253 1.4874460544219184 1.434581072929586 1.0174911092172976 0.8800162545011347 1.4735430110006353 2.1396918283899304 2.7698136622140104 4.116786465383103 3.6315164712407064 3.2780144506240716 3.4213361033569374 3.1490208210336696 2.97236801877775 3.7872893326508676 4.073310772509396 3.7872295548394006 3.661281384587982 3.0359763530313053 1.6130690204748939 1.6976381567752075 3.1943059660674056 4.998466923002358 7.398671345618758 6.959276038279575 4.9850369837055215 11.830310883954317 6.092287706625513 7.329548000953217 0.9381375456311595

GGG>GGA
18.73188172408763 171.80952355241044 84.35760715655856 56.62577328072969 44.13052863191646 29.04479267150862 27.579473864852567 26.68388228081145 22.011968860330338 16.135713255301162 19.941256771284635 16.858577348083635 13.358428869310837 13.530135628322304 12.877042299707407 13.929065694245999 11.85167723069619 11.06654979007639 9.389773538882455 10.5843823868237 11.746213337154314 12.288464474669128 12.959942753772177 10.348367842906105 7.851639906097184 6.884139324217071 7.163439409140444 5.964586650016378 7.258880956308938 7.421739948349878 8.122678726909863 6.285000304407071 6.408553282900276 6.221295601501517 5.992632152333943 5.876101363198686 5.793280177393133 5.6964310841053685 5.7918766283673975 6.1199153234593515 6.388448033867129 6.178799884009703 5.6721702284542115 5.588001671135753 5.825408211354348 5.681427609538994 5.350865214471181 5.379010867299114 5.587325946419767 5.538766701609017 5.159243926864494 4.694311675284973 4.2894167237808976 3.985032662415812 3.9155679285503324 4.067287640610622 4.362530323054996 4.636264885346307 4.605124512728225 4.218994825784565 3.7636217992378205 3.5564994506583667 3.684231755752347 4.050362613691102 4.549350658969221 5.093476351107487 5.477775822821006 6.409032015162169 4.854371512588566 4.2220305085830105 3.9802137496001673 4.150512632843567 4.311264000160275 4.078060295842312 3.4509500127704764 2.7347804183693896 2.300656405388697 2.32461725387034 2.6458612100215926 3.0287918195447756 3.4313234160454646 3.8399251924181854 4.116808019406486 4.380561386608676 4.705600602347815 4.829663200862201 4.904447089224041 5.243839959094722 5.673985907663586 5.856313809906562 5.774917069811253 5.6370551718185 5.510718894349011 5.324360898932558 5.126868419007728 4.9956391388431935 4.780763406941665 4.404060808862033 4.559105311646473 4.847579145851899 5.505754483606936 5.071424379188783 4.390089495880513 3.8167127322797687 3.3317385652970444 3.8192789781552725 3.5267502069412906 3.5346475330518996 3.8350988783857947 4.937205438113087 4.431630658178055 3.7617868235599636 3.519193261570242 3.4060079731592916 3.5443297616687843 3.731939431299396 3.7417301924536086 4.482740724463958 4.354332113252789 3.4911982857335286 3.1477922407204884 3.1627674107552517 2.8383290879354153 2.8285608327907266 3.742153009006344 4.148647280304225 3.5179543837703524 2.9341297759559484 2.6448334880770354 2.2822053300765974 2.161708895387952 2.4118472796439634 2.245767925775699 2.5936948058999683 3.754260059031024 3.14091329578246 2.867849487700224 3.5852865418277373 3.834115889198022 4.661562693613973 4.88361642071452 3.393415948554582 3.9755580584052534 4.238702943987116 3.3031563804922532 4.2616730488206445 3.9732264011988043 5.653047617700537 8.978168349231618 10.222164088330343 0.9520904207170466

