TTT>TTC
12.804754225361531 57.960725571027 38.951533410889034 30.405166323512596 23.068269149152634 20.866673469371374 18.69053712484696 16.689779035789922 16.17125823826816 15.609259460628834 15.099183606449614 14.826867013954752 13.728046514295285 12.408249701052037 11.919480091344099 12.39529094374515 12.742372284500387 12.50117885917985 12.026508558766695 11.676507547698193 11.339209483320017 11.006241180286514 10.88618899846193 10.750004904981036 10.72270035832632 10.864643478340565 11.146002189840617 11.457422499942426 11.642355641507626 11.588222810612054 11.287111595916835 10.822216713547867 10.31830226008053 9.879786974094497 9.540888405342665 9.264598607360162 8.984944968659761 8.650944772038947 8.251533719430975 7.825545065721806 7.448094968298976 7.185327247183531 7.047545520348099 6.986380487875081 6.940676675019076 6.88736239293224 6.85303063531969 6.883287935861699 7.003332499025636 7.201969431390425 7.442397066588866 7.681567383710602 7.882978931200893 8.021102973350647 8.08144607313931 8.058606944681749 7.953387904813756 7.7706658076046855 7.519678803045968 7.216875663208476 6.889323400016983 6.574669293396884 6.313944576229319 6.138257567849074 6.056542738685877 6.051864848618317 6.087167694195973 6.11568242972293 6.09240587661313 5.986583311237881 5.793305445367836 5.536910595548076 5.26051378630537 5.008352156652977 4.81658170620273 4.718602045749825 4.7523068248955544 4.950107138766095 5.305100347979435 5.737533792832389 6.109674860273869 6.298978832243067 6.265877609702203 6.058779934674869 5.77547219841349 5.521417540581379 5.371598693730416 5.341273296186575 5.3889491420029 5.456041681005869 5.511690704025694 5.566992937320799 5.65360095208621 5.792140410985084 5.977637771409991 6.186689443990878 6.391265012573456 6.564413600781966 6.677405208363529 6.698904629496301 6.604563947377531 6.392802438241803 6.092660798027665 5.754711798704838 5.431378712011092 5.159883310854694 4.953973882053803 4.805467513347424 4.69810175915225 4.626677920044541 4.599416036689186 4.617198200329443 4.661308892163264 4.715033850228492 4.7880186091032035 4.897127818272783 5.022642389232553 5.105209959119394 5.096097462297905 5.00025317646242 4.864516690467137 4.7270867826478105 4.57531851734325 4.349281307030683 3.9949996307102915 3.5287938653448157 3.0704516508589483 2.8141675049934793 2.9106925865309328 3.340525328941654 3.9178829765360246 4.430074371804322 4.7387121541979615 4.74424487640086 4.394155604294446 3.824083700886319 3.477157207537366 3.721321021341017 4.406365688862034 4.862923718842752 4.378114338506524 3.216007424732545 2.821281742280647 4.195917906616955 5.35131762495077 5.424681847208708 4.389264075315387 4.213749592928229 9.118867252128318 9.599027316706257 1.945706080377382

TTC>TTT
86.67987174675275 387.6901744164795 242.82374951146048 202.263424598122 183.54896907636183 165.18910420175465 157.93039133542263 153.98786878076217 148.7784060342543 138.31534940383355 131.80304468007228 126.61041347424562 120.7756853635863 116.12540418230051 113.5288028119546 112.75456114166701 111.59765537097056 108.50737160058408 103.8959721505561 99.2068584400667 95.65130530770463 92.98015719757511 90.3217537199785 87.32916276194634 84.28607208018228 81.55676329945886 79.19330920151269 77.05055165173367 75.00476609479527 72.90743916652833 70.56565704353042 67.98956615561474 65.61174479888302 64.09615982988203 63.81126008066742 64.43886244987216 65.12033882100295 65.05702443300746 64.01327724074693 62.332348978153924 60.582293832906835 59.12149765563288 57.90834732424295 56.78167593955851 55.78698148636185 55.03630160481328 54.491029613340935 54.01994995568652 53.50129724313536 52.89958147519793 52.29607093499624 51.80423009881247 51.450637361853495 51.125380276565856 50.63948080048358 49.84642551890767 48.74294706400775 47.477125529095254 46.2591317741358 45.24532541391479 44.47899184513975 43.910921698955256 43.453444902256315 43.00942801327004 42.47198032026635 41.7425353610169 40.79051620331184 39.70720620812313 38.68900279954216 37.94482788256258 37.586127421222 37.56661443461456 37.70396262516632 37.771959740177444 37.61476961684129 37.21711017299774 36.687294330219416 36.17465279433819 35.795103982577174 35.59588821213668 35.51403780656351 35.36396014121512 34.9619707548758 34.28277443601347 33.44107158897062 32.57003336366025 31.782823070336267 31.188304289242982 30.852985884894583 30.732502819514487 30.66248705928989 30.437099296900964 29.922906916558965 29.130655602445362 28.201512691205547 27.42941439825318 26.928817912925716 26.453998834176723 25.89046616922376 25.331553954370293 24.76572648211538 24.119881305250427 23.400921492060483 22.69759260710908 22.163008940675102 21.99507150134483 22.35204937037364 23.22048187355142 24.35694680462236 25.39861392725976 26.06879944101477 26.295860444459432 26.15237433931979 25.696102942482007 24.881277074044707 23.641238532845584 22.064710088215403 20.46630493210298 19.25680861890775 18.736192437024517 18.96078378641206 19.694461073350062 20.454283124222336 20.72518447771797 20.266876381595285 19.298756976279034 18.429150215714497 18.269357468273846 18.869960246388782 19.622048656899704 19.87736601957665 19.772491076870494 19.63677875095403 19.41699699243334 19.012459416846813 18.678994636120002 18.658597819957944 18.589867520606756 17.981194527174917 16.910587699345154 15.904557318932559 15.003353618632817 15.02396998901897 14.749426032141804 15.683589625454431 18.05416193460357 16.300622165173994 13.913374882468988 12.376927471774417 13.066519730631425 2.7293121166411627

CTT>CTC
6.124354977493092 26.815572519364316 13.261950948039777 15.214842276613725 11.583093269756684 9.44285668655316 11.052222807892859 9.756182793012334 8.675054586312667 8.41807103174109 8.825063778241178 8.847731402637878 8.566274132314343 8.013160749103212 7.309338362631338 6.521404982975974 5.9494849654342445 5.86753454224675 6.038086835605565 6.0151896966745175 5.65317985623145 5.060839822988992 4.414458040790446 3.8975112983068527 3.642128630621857 3.667027552342721 3.9346371545988035 4.431362656162143 5.111185116324289 5.823079652380616 6.364240751438047 6.596710750896447 6.518426657751947 6.2396206276343875 5.8949639539555205 5.565380221726765 5.266683817281766 4.992876359295722 4.752521278924944 4.5612606422105495 4.414573147206279 4.282846383954966 4.134392359610743 3.9611668151470107 3.787860840132901 3.6620415928664745 3.6304463381790684 3.712019351484984 3.8845846257299335 4.095160904813391 4.281026999081508 4.378828883128771 4.327644262137316 4.095919089225994 3.719427248158604 3.291315854087567 2.9021687650499866 2.600975544221893 2.403781114044709 2.3096372743333355 2.30570894057963 2.379595583186936 2.5373689041152883 2.783326696355691 3.0511323333796097 3.2096903312180918 3.2030053314412488 3.105903324965182 2.996742064572873 2.8851562303359457 2.7678944782962493 2.6545736340208026 2.5472455735308053 2.4390123652262368 2.3271428497306044 2.2202421083562616 2.136208909368422 2.0964566916178984 2.122112777774744 2.230713590390862 2.428361924478316 2.698444876875074 2.99654119771678 3.2606605686272037 3.434506877116365 3.4894335548191817 3.4307005725202373 3.2864339599516095 3.090577620851985 2.8721706849947117 2.6546246707817125 2.4608956277832186 2.318050415413887 2.255052607066129 2.2907119286979225 2.4171811832255043 2.5928323658837784 2.7554663012847183 2.8513115885092883 2.8610539020554726 2.805001500674258 2.7246456527387837 2.6545920719088074 2.6043740030680826 2.560613125211182 2.504260875942165 2.4272991120256133 2.3354592186940573 2.237195666299553 2.133707915548301 2.0239302760497457 1.9194311311937606 1.849488956516495 1.846172548456021 1.9198446544365573 2.0429533348694258 2.1559189145366062 2.2016787183034676 2.172438479050653 2.1218031908819044 2.1136693482694757 2.1562699242695893 2.202783532375173 2.2219773389149347 2.2554935185051743 2.389200553100314 2.656212871326989 2.9696056222135274 3.1608556369639547 3.1236046600406397 2.9407848071141194 2.781380637382413 2.672500970940997 2.5310370237644775 2.439549786129366 2.5805193252052403 2.8499710989254665 2.8893679391691998 2.482662153580231 1.9280349299402968 1.485022528278581 1.4365348067158603 1.6513079066242355 1.6819514383893555 2.6815938499366063 2.987157268302684 1.7798028029029254 1.1086905919650505 2.4312543277687584 1.8438214794161745 0.3209432489418748

CTC>CTT
40.20840627139056 180.86565542051247 115.54412129794291 93.3106564314414 85.60058018962876 81.92755819798941 73.11249418357664 62.84385574869295 58.82075229790836 58.22455992596332 57.107745686734454 55.012472550936074 52.73672693707813 52.035984308351146 52.06743942959287 51.599429736863215 50.39238399573509 49.16578309573347 48.06715096303978 46.98572526535101 46.0307610105328 45.07538980986653 43.93292318832132 42.688786218186195 41.624282971859756 40.824435193494665 39.95271613985257 38.56704506981705 36.61090414645234 34.484718055128674 32.706310927764235 31.56680827342274 31.026270391117304 30.878544472632015 31.019930061417668 30.90707967550199 29.745625472196807 29.100369273446887 28.57340831971626 28.225249551435585 27.939708592960976 27.53347017704109 26.89443168386466 26.03864475879 25.07810673561825 24.165789138678022 23.465969595204314 23.12611110357726 23.212746265167063 23.643532415246973 24.18860944217904 24.560868098877137 24.544491472467392 24.091564062755083 23.332825385752326 22.49181463917235 21.75558127011049 21.191308451253565 20.76407162577701 20.426735567373232 20.19200469341614 20.11936647617309 20.23612691970451 20.47487925136213 20.687847858489445 20.72132056243945 20.484897335161605 19.97309802576002 19.250426166202626 18.430642319962054 17.657470741387574 17.072077931339905 16.76399722401977 16.728842660587045 16.86290129529398 17.003105380847785 16.991890635096865 16.73280286111365 16.2122860425293 15.489375333253667 14.675594828566435 13.917088174535857 13.363508257087938 13.111898400352175 13.153432054265595 13.367970176016671 13.576886723667771 13.621729193305082 13.42712681275853 13.022938882211408 12.520208898894783 12.05243819702242 11.709368986371334 11.498722038724473 11.360436047676123 11.225363939971196 11.076430050119722 10.966529984244799 10.98200227407006 11.182902265752494 11.563559032351419 12.053918148064493 12.552203825861156 12.967261449810605 13.249672135880958 13.394191117325335 13.415223618698729 13.32400130818256 13.126263905871323 12.824321970638735 12.412804667842515 11.888292712678751 11.27824040154978 10.656282003284602 10.123333108233416 9.774220271933345 9.66685314670633 9.785182491690723 10.005650123875403 10.126090208662315 9.99799018186066 9.666024692139993 9.327378595977859 9.107910137933226 8.925979000995552 8.625364726080967 8.207224347636878 7.8837323761447236 7.883890288917166 8.219598466870822 8.65044445651815 8.848023466995535 8.621678036033218 8.056651544994455 7.380864177406018 6.805132057113084 6.54875426015046 6.600834982558525 6.769429973722904 6.715363679843622 6.421191419619584 6.61147727352384 6.892054050484632 6.056852888607733 5.966352507080235 6.061563864439825 6.250488189865665 7.404730003562396 5.223931465433289 7.845475140823736 1.720691559275636

CTT>CTA
4.471038895941435 19.488272390293854 12.167032001076754 11.89464745800506 10.746470993793242 7.623806471013311 7.727121348226606 7.254285167858576 7.44316356879839 7.342027988328058 6.794018327966268 6.071971059008565 5.975511109891333 6.402706948283339 6.941536343822363 7.30296522501804 7.185553525863427 6.575572788620011 5.75958488112528 5.020212024936992 4.476595629093091 4.207532607828666 4.265225372471311 4.549147530760498 4.823286689221868 4.889416641437857 4.691816467029162 4.334580708031443 4.004858084985425 3.826096769194851 3.7869008587282402 3.812250465087489 3.8612829248858027 3.9434637959751413 4.072797187470593 4.225453985700282 4.332589096492939 4.315198580000339 4.144568515983004 3.8797154571677934 3.641841069125581 3.541265601778361 3.612030313910576 3.7973917484612403 3.9881987155679037 4.08195727843584 4.025699982298415 3.827917029517263 3.54676387279846 3.265507102010127 3.0616567619059185 2.97648812217577 2.995912065646572 3.05555351398363 3.074537144632865 3.0016731454941517 2.842148602966174 2.645682444345979 2.470643585981974 2.3560473917354736 2.316729879976149 2.3509717767051814 2.4455454711005253 2.577922742453716 2.723731006318203 2.8694348352981804 3.020080517848057 3.1938037182511647 3.405144651065606 3.646984845140446 3.8819985865750684 4.05077396905604 4.096037879029164 3.9917814660353654 3.7591722073403813 3.456893966263424 3.1514533271298535 2.888462869537451 2.683599989104978 2.5337796666335772 2.43352282315704 2.3824117707478365 2.381420579381488 2.424729166071985 2.4951913209950143 2.569386484195609 2.630932356696614 2.68010630367267 2.728241417636341 2.782402838103928 2.8378196449314514 2.8840406188002574 2.912644745244355 2.9158198130945463 2.881696370329556 2.7989079594030235 2.671240314788847 2.5294961211744416 2.427422107512762 2.419614207956382 2.531385732189308 2.738245914259988 2.97102255907891 3.1464900483161853 3.2031398694863853 3.1197450785541836 2.912555319431408 2.623166102066172 2.3095697982056507 2.0421277372214393 1.8929207090070823 1.9065502981952713 2.065664196577475 2.288715549974109 2.476066356642233 2.569485324168929 2.5761392981182274 2.5462790142660108 2.5316953195237057 2.5563497511280313 2.6121981950022586 2.6713070097720735 2.6977232244635014 2.6577878595187716 2.532991030851256 2.3277474271266625 2.079744428557295 1.8751791145763914 1.8135379238327949 1.900938831864047 2.002903723947015 1.9740441054872573 1.8132368399572405 1.628214477212005 1.4764915791310533 1.32739898224158 1.1437066552188286 1.0106810635698442 1.1315965321706614 1.5931090202793554 2.2767561077020844 2.650655841886876 2.7206621356402607 2.746846351192218 2.483586898992696 1.640798140223066 1.486828232493092 2.5134094811625625 1.5411299753138703 1.9579737954688425 0.43295932578819984

CTA>CTT
8.60289134247318 40.21810567152499 24.3170751720383 20.089373204341022 17.17434076767656 13.851381549500637 11.303572111542517 11.816366071671586 11.857711645462699 11.279682103868275 10.724910660582314 10.508419862160514 9.83326204494965 8.980674512432 8.446530124881752 8.306130383337178 8.335863314679232 8.359711889913372 8.327034915568081 8.140896712255476 7.805929716754843 7.538968329129451 7.5205967713973445 7.71310339385434 7.997042472114125 8.295937933855177 8.535276718717958 8.589507796045226 8.332586522123474 7.742252281303856 6.934707017777803 6.088201981651442 5.345634026801552 4.773597270811389 4.371268456935576 4.104310083265241 3.9491931574179193 3.9157805729846813 4.0223167860979645 4.247635392088269 4.5113247871149245 4.701905437409531 4.731759860332615 4.583230159391163 4.317813739208161 4.040492871712951 3.840821974418881 3.7511105627493926 3.746539706266694 3.7753017653153877 3.7881883087266126 3.751607138441932 3.6508935177504553 3.493552945883121 3.3082139150835124 3.1305073169395565 2.981644688431258 2.8588290908673195 2.7480588862763224 2.647466494276092 2.5784297120541955 2.573344070509787 2.650199607720955 2.7950449728935314 2.9662254961094647 3.1170461073218076 3.2205431544886975 3.27997164763099 3.3195668383085852 3.363289967813236 3.415924428382194 3.457908437743974 3.455852828952078 3.3812117851316907 3.225775306591303 3.00645549826572 2.759777232505835 2.5318096789820754 2.3680442969608393 2.303221879400462 2.3503086476259987 2.4925372314608647 2.6860780131098583 2.876372801457039 3.0206758918164396 3.103147525356508 3.133569859959515 3.1321896591203653 3.111793841543747 3.068730791745832 2.988353525039225 2.860664565209792 2.6936419119261554 2.5121469946301445 2.342697947902096 2.1989048994024083 2.0825005817167677 1.9979045745059685 1.9621038173445282 1.994853103186487 2.094009963409016 2.2176703676058116 2.293358017522645 2.2550618037009 2.0855135609890807 1.8333522067530956 1.5908941137811303 1.444500762729811 1.4266276043154154 1.4992722614486218 1.5812641695341234 1.601312561437788 1.5390267397721977 1.4284924345325767 1.3280012070910385 1.2778894423911322 1.2744172020353828 1.2816302525033352 1.2722071158087034 1.2547010050528578 1.2600534160375187 1.3104759141135818 1.404463434355309 1.5152893997141346 1.5880659889567212 1.5525255171190688 1.3779095008161923 1.1394851124454741 1.0061278454558178 1.0997998357060859 1.3462713123599408 1.5263931190649906 1.4958809868855882 1.28574321632912 0.9967131794402251 0.7281208375387374 0.5920995320699325 0.6017950460161463 0.6594688386760541 0.7554863731038196 0.9036282117512456 1.1964297683689367 1.3316940313490793 1.0080909530539768 0.49926493880840606 0.49066581902025097 0.45039828231812634 0.20831645789934794 0.048526944887701394 0.7867584736513655 0.21899187986242488

CTT>CTG
2.8854483590225954 12.607287377639926 7.136497346380814 8.40738056751788 6.684169011653671 5.605742295358779 5.344529407632061 4.596255141374485 4.048988116298721 3.640129562634634 3.2955112888837386 3.14057139706771 3.125707081633733 3.342859644716215 3.5384741351582525 3.4035681665317337 3.055485072027994 2.745501278177973 2.466039560187703 2.1504920836670434 1.9133792910425358 1.9510630510092348 2.281551878058072 2.693095157285757 2.956616961124793 2.9936423920578457 2.872522315593959 2.7249101135800884 2.6484629836799716 2.643893335009257 2.640749367654676 2.5818757799395677 2.4757719772829843 2.3724592297662346 2.3014684446239246 2.241142957635992 2.1474007007782254 2.003912401572894 1.8392419384079222 1.7001163384314257 1.614336244845281 1.577924341455078 1.5689807669912839 1.5667097511138102 1.562127456359487 1.8678521467839653 2.2893782388911683 1.6800515082751262 1.8250955429689393 2.000608876754764 2.161100950972618 2.2720327893140126 2.325581618878997 2.335681593918736 2.3236268688309583 2.3064832316829844 2.290338775625103 2.267504469940477 2.2206650927943037 2.1351187336306383 2.0119904227134247 1.8720599046610482 1.7466295564626546 1.6615155031594757 1.624314912868208 1.6221788237062733 1.6307793435913065 1.6286265168786953 1.6075793334512005 1.5729661493132636 1.5344233036819115 1.495675051091377 1.4517527623573747 1.3952879181687972 1.325822735463008 1.254158024721855 1.1983882981378822 1.1747497050438824 1.189614624690373 1.2372959224250508 1.303668426008343 1.3716540631870313 1.424749225617077 1.4487957270366973 1.434944660277652 1.383982132764254 1.3077171293280665 1.2244457794277033 1.1516784113267384 1.1012811235575894 1.0772186870808074 1.0731030094469571 1.0716699700647396 1.0525109032193334 1.007486399133083 0.9517267141809878 0.9181878451426507 0.9374993723644948 1.0172726005628134 1.1347997346505856 1.2474431912043733 1.314104929581277 1.3144387603495538 1.25465688915711 1.1598532325574629 1.0620396634473688 0.9944518543667031 0.9906796003780808 1.065546265986202 1.1804934359915402 1.253210567852917 1.227278097429098 1.1200950284440647 0.9959920296087406 0.9092656207137872 0.871669738175846 0.8549891123153815 0.8210382370986417 0.759186246878164 0.6984653900133545 0.6800120601309584 0.7143778830103744 0.764729188023627 0.7763752666235414 0.7289202783084024 0.6611492149291628 0.6439472934827442 0.7278800368308204 0.9145811075257516 1.1639681529343069 1.4032745783845935 1.54028091422101 1.5285802889422015 1.431504311819904 1.3674272359079287 1.3571542876026288 1.2773624742443725 1.0241477382558573 0.6589837365494082 0.3326585017832508 0.29346401474410144 0.518433352827379 0.6233782371228485 0.4539017357356731 0.48152456540966765 0.7697939837131776 1.8664203673578554 2.598041114139953 1.9555555556427988 2.1692693917939287 0.45269200535869025

CTG>CTT
34.172661457088054 156.58384349418654 109.80645656266262 83.74148447827619 63.995038485632975 57.96298437999777 55.314687454761824 51.31570501222998 45.90179704471212 43.284120109186546 42.386546836427506 40.61278537146884 37.51246260837149 35.19663912064929 33.93390888498841 33.085327186214975 31.839999858283097 30.24937565998911 28.918700650520478 28.115949593898385 27.807798766535647 27.66268653555662 27.340163364102306 26.750845880115186 26.01910951522702 25.231590224747546 24.40777612903168 23.61075016943697 22.93318543828094 22.406873690398296 21.964420444761526 21.47666968047864 20.87842742306125 20.25320026777578 19.696474298996375 19.167883361774177 18.570315017402873 17.901476335832108 17.26236441445426 16.713303839068434 16.179005083390177 15.523947461051137 14.702186297216306 13.82264499319232 13.083476991931118 12.647369978369985 12.550585534473527 12.69155118161933 12.891631979287709 13.025080578268366 13.131791358139143 13.117804886474007 12.671220197315868 12.164220276747775 12.065736930793268 12.080407051560005 12.126216384890174 12.079294206467688 11.823930022592437 11.317562037897273 10.642796774454576 9.984992566349254 9.52106548420428 9.31731751050663 9.331786362163792 9.486398611590511 9.718622914418276 9.986444606081815 10.251895676810049 10.466326677931507 10.569272790390167 10.504994790065053 10.250482420830574 9.8385620141961 9.357132327157647 8.917124895499311 8.604383410647607 8.446060041625577 8.41205449740329 8.442749615255265 8.475905135138959 8.45743192074899 8.345781783943675 8.12517995150285 7.823034595227911 7.509649891781913 7.2686415139536855 7.1542483940598345 7.165752393428946 7.469087295249455 7.788892133683298 7.688284209599831 7.425213503743997 7.239106301228194 7.057943667546259 6.875018118896711 6.7420638132051165 6.6779389221501075 6.658670178078891 6.635779372454251 6.566146023278997 6.429977641847827 6.231593432689906 5.99510695279249 5.761406655526748 5.577693017655608 5.475029028425071 5.449513551189575 5.465737274168436 5.479181430533651 5.459626932041266 5.406364088824813 5.351034351268215 5.335826656758111 5.3688967711909505 5.399119428472794 5.35344893061586 5.2079207512081345 5.006359216318518 4.803700138726987 4.6165927318607745 4.441498913861042 4.2894798831717775 4.174797324690205 4.075893905013429 3.927715412361086 3.682538088908699 3.400355934328374 3.2401964479421133 3.293676003251791 3.446521670958375 3.514519786105252 3.4766545994481737 3.4225411327973227 3.440039295197664 3.5609586277615946 3.678721959463013 3.631354131149725 3.5857227234660547 3.7169014836538126 4.02127465857908 4.5537034372909275 4.552433254485258 3.722845448677643 4.10613696822564 4.578195933465947 4.198400945914887 2.9054911906010226 1.7776033175645212 1.2875296169445292 0.24048333786067844

CTA>CTC
2.3763628021708665 10.275681044223148 6.418910095138247 5.815531762214425 3.4707569819368738 2.3541722549663815 2.5659208357892753 2.9145629057408957 3.0938880508834816 2.9454390456987407 2.3593979384735704 2.178112465039379 2.3354824366330784 2.3974134204345816 2.282706604588302 2.2456815407123956 2.3087929045210123 2.399545553975328 2.421849730081598 2.2846933532941964 2.0058793727849813 1.7212905504240619 1.536010360695441 1.419756505334537 1.3078134802846595 1.2589240238687434 1.3600988495482875 1.5534292594066907 1.7554827685833312 1.9692266058341548 2.1860770517911945 2.364538917718645 2.4409310119245067 2.3648459777557678 2.1381568744629966 1.8256273630212054 1.5209961395602958 1.2927104733729944 1.1538772249306513 1.0767494189401512 1.029115028671261 0.9952530686207017 0.970590310384372 0.9500017362460087 0.9286750383478548 0.9109061581117082 0.9106070330517995 0.9397697211881063 0.9966896594679889 1.0643240704085484 1.1177286643508053 1.134772098701786 1.106509928801271 1.043454212118403 0.9723633642224616 0.9224494200296824 0.9087069601254721 0.9241152928119686 0.9467025303046428 0.9561589158077366 0.9471619366385856 0.9298539250884427 0.9198303471787913 0.9289878774701186 0.9648383367626369 1.0336378508563209 1.136914645154361 1.259895847470909 1.3642149558785388 1.3986653611382103 1.326195127113053 1.1481157807685565 0.9062202229294752 0.6611012782304102 0.4630987602211262 0.3349425717243779 0.2730597652994956 0.26072301155696237 0.2813497525708687 0.32483641851209233 0.387301049850909 0.4683122592118194 0.5679761726875656 0.683354145005723 0.8045074805138452 0.9139427398801472 0.9930269841486388 1.0325327624181622 1.038510281683952 1.0273043073844588 1.0130517623067181 0.9974880043313267 0.9695424798905586 0.9145875835591597 0.8267249314852045 0.7156910650941197 0.603691153511411 0.5146264813831205 0.4635109620911556 0.4530593048453066 0.47815653489475957 0.5321795754941583 0.6078422551360783 0.6915437169695788 0.758767314249538 0.7795608360473304 0.7345429023536595 0.6311608375269028 0.5071537264370386 0.41507701461745605 0.3937714826060504 0.4447353452734912 0.533676737105139 0.6191433186301614 0.6822054913698363 0.7275817927629231 0.758586073579663 0.7587936552098252 0.7042097549133475 0.594857660639505 0.47371001256831496 0.4073288287443624 0.43297853112944285 0.5218693129984574 0.6075041042273878 0.6473229837007823 0.6414193523027318 0.6023396838705096 0.5363885981230329 0.45897593594753594 0.3975834135903056 0.37043935408326917 0.3778122290806171 0.4175129056554521 0.4793444302343169 0.5454672667198641 0.6202771237268844 0.6893711659778817 0.6752233975998095 0.5306058783356489 0.32036372451916634 0.14674679494992096 0.05088011760960874 0.013331239676489791 0.0026259532636210147 0.0003845202060354088 4.1022705431936926e-05 0.5140620779546196 1.0145548701893088 1.228883896033498 0.24250239608096272

CTC>CTA
12.671597965638593 55.34240752320685 29.979923896636013 24.578772213003912 20.737185798311266 19.12161881511462 17.973109709809094 16.806103589426897 16.285359050390962 16.310694604119664 16.13765436290889 14.977804931954283 13.798418900641039 13.122554410929814 12.698087746524427 12.554033879366234 12.49751599127761 12.071106633434315 11.327264963605375 10.623495710887202 10.25488983616621 10.218139895598606 10.277766204789474 10.139236838038983 9.662941005996027 8.971997267027898 8.342908277626558 7.973773043188496 7.877060472186204 7.965541276341525 8.147450448586268 8.337587337822935 8.457264860843408 8.469124670190224 8.403796272780637 8.326983664691891 8.26687029483916 8.172827143933636 7.949807064818696 7.5388110319751025 6.970326379183938 6.347851223266353 5.783923541188316 5.343893223254767 5.032519721760828 4.818704379825825 4.671052688149852 4.578222820291437 4.544240877581363 4.570037264438159 4.642495508481645 4.740959185342606 4.850911873613098 4.96804768604633 5.089134192403839 5.202661580708951 5.2924839936533585 5.35085253168563 5.384082778376442 5.401880472520796 5.401325157855484 5.364355414143003 5.2737095593830805 5.132401969337156 4.967414403023338 4.813336750781576 4.690631414721032 4.597730781513274 4.522495863114992 4.460008792407991 4.418024869674806 4.4042901909337155 4.408894120402851 4.400791780591605 4.344356102870077 4.222883495583041 4.049917194948556 3.8599879395830508 3.6861127725050187 3.539713345922444 3.4063956241248174 3.261385582380215 3.0958009894389495 2.9356122753090195 2.8367066608050266 2.854524096046834 3.0067524486637365 3.256269636272708 3.528486186372199 3.7506031488639557 3.8832454292955982 3.923991399948409 3.8884705162981694 3.7914983031664864 3.6432467016615098 3.455974552391703 3.248270716171244 3.0421115120177644 2.8582850024017956 2.7145771036493587 2.6241673796787572 2.5915784668747337 2.6095464160216086 2.6615150878566998 2.728624971498512 2.7957134504313523 2.8536639939810304 2.9000375395908136 2.9379054216116 2.9677289116255565 2.973219956681569 2.917738404852358 2.76642753924319 2.5216837389417517 2.2405864527789623 2.0203736078297942 1.96423853600365 2.138451372514183 2.523540696412821 2.9862076718528083 3.324747076020452 3.39244838878434 3.1999204774346865 2.8854672550572795 2.5820384294050895 2.3267812999092343 2.095590340098034 1.8997151698828798 1.817410586911697 1.9221301401941264 2.1990299018702957 2.527997651799106 2.7349809861265033 2.686006997432804 2.4281038774683394 2.186437584812126 2.1599795048291264 2.3281053216657717 2.4929473593953966 2.597039495148654 2.622060270820525 2.4251634703338967 1.9898749685874635 1.821900709550591 1.7700735197153463 1.2484633924627182 1.3105562110893252 3.0091425740078743 4.525579325304716 3.267718859870553 0.6052799067511746

CTA>CTG
6.224592351717718 27.958013373913822 16.49660534387282 14.815908144339064 19.218742992727716 13.801657645446575 11.1855572532443 10.659664742699695 10.731478949008059 11.350190132950221 11.538487697175993 10.512562680402942 8.996585046715158 7.92886575574013 7.4878834759548525 7.461186696756119 7.585339349109793 7.619024958218042 7.65649639600843 7.8471059139614034 8.135636150072633 8.297466011725431 8.145002339367188 7.690723023613747 7.13899858237977 6.660638228169126 6.275249636119597 5.971993916686962 5.748571168376405 5.557577199362884 5.332074529450855 5.020752669198222 4.613588044864951 4.155755355984462 3.73565730557092 3.4455606714664695 3.3342917019859124 3.377605620189074 3.489386240149232 3.573270637075406 3.5811527719522465 3.539392771894903 3.5262518199725967 3.6149257407733315 3.8206229724064764 4.087561017776477 4.319200255026892 4.424475768762828 4.3523809006596474 4.106398600446491 3.742781986338827 3.3560294528449934 3.052849642518335 2.9201083408446444 2.997673649952852 3.26665828168607 3.6576049651158424 4.075631474685978 4.43244737191675 4.67116703182893 4.773801148389183 4.75276096670538 4.6369560294869006 4.461424409740101 4.260895408417422 4.063782063719376 3.887208675361855 3.737352955315731 3.615580033900503 3.52416704194784 3.465180091071297 3.4334532537199496 3.411576222191366 3.373993015795252 3.2995645919929455 3.1844593408132664 3.046652565887053 2.9197812713719498 2.8410716546370702 2.8391188507179983 2.9235579148367514 3.077218200848187 3.255194315448402 3.3975182969642583 3.4544946350246866 3.410464184678277 3.2885815417079347 3.133894871470509 2.99054851399003 2.890163570920192 2.851701261079626 2.880173951203025 2.9583203637889928 3.041609782725315 3.070913907224227 3.0025408811244034 2.836766725948314 2.62240836927977 2.4314312018013897 2.3207197263839534 2.307311453499895 2.3699954372968186 2.467685177367549 2.556351385915428 2.598490600415826 2.573331920568679 2.490668724656861 2.3935085186424834 2.334734903512678 2.3393865911013325 2.3846953113696996 2.4146104340308203 2.372589432799507 2.227388227995995 1.9845870771324756 1.6872911162095514 1.401487850794802 1.183141412556721 1.0482056822433197 0.9791670141967113 0.9675174766023976 1.4692188754074054 1.6282625769548869 1.6165375006251221 1.7417563828444638 1.8641506654113629 1.8910167668352313 1.8977233700739875 1.97429198814781 2.1072849177890154 2.2681179012050143 2.5000259951023476 2.7721563668286207 2.9021788376234725 2.7790554870282285 2.5857193631950435 2.5237784671326366 2.57425187798697 2.6896439049476415 2.7603958373869926 2.6708384378132664 2.397940531424425 2.0091731890797857 1.4415926350691426 1.0329930733577566 1.3304382290843466 3.1132992778097233 3.881287836592857 2.7800855530132367 6.490730285929619 1.5358435625821467

CTG>CTA
91.125341494719 413.6831354586597 279.50951439826764 204.39112038266447 172.90955118785766 148.03879971448774 138.62974489222302 133.4225741279682 131.49680322845404 125.9118724149417 118.30031557238001 111.57495806794724 106.38328496921368 100.14098152542034 93.3240439205368 87.89963208081433 84.18277778256581 80.88775265761956 77.14091499890861 73.77621532610513 72.02020306307688 72.05559892962037 72.64005190140833 72.20644858691004 70.247814643073 67.39166922471047 64.4895936032305 62.05560003797505 60.295007242446545 59.16581262668482 58.40848313138394 57.76815764980862 57.15863650152516 56.473334800402704 55.40027543587837 53.65690141543982 51.291252215344265 48.704308130852354 46.453088393270086 44.94691598776489 44.28679504890015 44.30897588178436 44.709121859731674 45.14061292472638 45.28978975021687 44.95780701794997 44.12570497783986 42.95137435640738 41.68654750554655 40.56143706550707 39.702271637483165 39.11086084221698 39.0390405464014 38.922482559331904 37.69963746169393 36.87325242984193 35.86571946059893 34.877507441033345 34.0039996672888 33.22432520919355 32.710273087114 32.65903934898978 32.92484631834298 33.226150275229685 33.366268516927285 33.24811781427776 32.880703875997725 32.29500838578842 31.487833120157703 30.442317017619573 29.178008938738664 27.784944000601314 26.407425636727364 25.182070887005796 24.20223170878729 23.53292709695109 23.20166318399642 23.151290368744377 23.24480423031311 23.345308183547147 23.388158149114318 23.38598097030709 23.382356551216244 23.39926048694665 23.41349209117724 23.373110481763028 23.24151399202134 23.04153879267536 22.865585373856224 22.830357522808228 22.994106721863893 23.294971877587734 23.56516915524201 23.618079175315202 23.345066812231597 22.755296009462658 21.945048169972857 21.038147863927936 20.147785287928475 19.374059587294397 18.812375727789487 18.543189312834905 18.601225816419493 18.947323976899177 19.464331378994263 19.97946515993651 20.302342623919486 20.271109431447048 19.807252322553094 18.969819505850364 17.970231405110756 17.099451785352628 16.57855675227881 16.438101832518356 16.531305175988766 16.66045226948162 16.7029626346561 16.65636121978814 16.591247324934166 16.54415990735574 16.42187306479278 16.01597929793812 15.172006483188344 13.99238321846521 12.842524387246607 12.086987316784834 11.802822021373517 11.786849514646464 11.795702006093272 11.710590422558518 11.55332377100929 11.483179165907337 11.700073158993503 12.095411402621794 12.219775103175943 11.986711306822729 11.971367410545898 12.381399691327118 13.149719542485094 14.738008795413593 15.97995614227449 14.897568253979905 12.187261702249101 9.972645992050982 9.14902193726631 8.465359223705569 8.689642959988713 8.550534798050851 9.207354988052524 10.545145092770207 2.2114878292875573

CTC>CTG
9.72722651136052 43.167835113519985 26.670832525522545 22.16625636379572 19.488509938158 14.394120335954764 14.957079174523484 15.061198009852767 14.847229896674806 14.5186779482052 12.939339905287481 11.242716034159583 10.061525562516437 9.7923195181303 9.657185404258492 9.410752393248366 9.381660134093208 9.582648925208685 9.610323348758136 9.218409419085955 8.52311261477882 7.766179830335012 7.178054351890607 6.900879651751091 6.886996941030682 6.934954115515452 6.876734281109229 6.70636838636452 6.547995688691437 6.532598798399765 6.694178275104091 6.956757826696947 7.1961162140044 7.305929558363924 7.239683352278887 7.039692678928574 6.82499326937566 6.700780923756127 6.652272590476113 6.545427564452142 6.248848424051612 5.758920875971089 5.222125545615989 4.848741385522124 4.784962672741022 5.028620043067935 5.439150482642357 5.82282644789548 6.02594566723766 5.985354475235544 5.736705278377393 5.390735846587507 5.066762497855446 4.813077178197621 4.597204788389285 4.375472752086905 4.148045533317552 3.9473387499103874 3.799667830976234 3.703077717494521 3.6283732104571564 3.5361525285214896 3.398541412904994 3.212649350495198 2.9982798801566473 2.783644468666179 2.5919743749187374 2.440541819657274 2.3498277591025842 2.3462183460885053 2.4461422746706263 2.6335030454800292 2.8565077536834074 3.05231178742352 3.1781108362769253 3.221896691666368 3.189271607822453 3.085462811438641 2.911109112066937 2.672531708105726 2.3932646033878235 2.115082698096835 1.88752542085679 1.7531231488387833 1.7362813817625136 1.8395441851062784 2.0458838552770153 2.3230184276463084 2.6274333024150516 2.910058071472353 3.1268073517418506 3.2519699970109675 3.285850590202276 3.249695238302551 3.171732873001831 3.0761509486008367 2.9815007762810586 2.903012682594804 2.850686211362114 2.8246215556498466 2.8161466025800537 2.8168807821705206 2.8262299720569817 2.84716630356585 2.8734219278416253 2.883402901681475 2.8516782887161463 2.7709160694910335 2.664237586962744 2.573645338775496 2.530802305038825 2.5348560129625204 2.5586803768772466 2.5772122098794465 2.5866858347676662 2.5937004937686585 2.5897850866543046 2.545264808829985 2.434402493307537 2.2690421067619795 2.103698957141026 1.9981459429912523 1.9715680576912253 1.9950790486484005 2.020239318388564 2.001851891565322 1.9068915141478573 1.7373067948006145 1.5628198320246633 1.5050781677885912 1.6359558634396647 1.880349005314439 2.0910821130749606 2.22826881863445 2.371317898547828 2.574727889752545 2.765560611635484 2.8615544677519886 2.972472339251208 3.183066471235495 3.137564513948511 2.6962666847986054 2.16510570069981 1.952956587433643 2.1213002659849916 3.024418255257225 2.8779893602142246 1.4980278829370222 1.6496980429678538 1.560621168031029 0.2694273632085742

CTG>CTC
21.824241945209316 99.16411957343037 64.42937073885224 43.65316039965727 33.354971347517996 27.928526871785728 25.503236020733627 25.17330315287848 23.706073463822147 21.121596177757553 18.684861913769492 17.814682260379207 18.179243295014462 19.029910858090236 19.826747471596846 20.133666217356872 19.84942290290565 18.897434804597438 17.37485940139069 16.12171803939344 15.835062441701965 16.319883712397736 16.821449596769863 16.657225476700642 15.665692988819583 14.27902968219017 13.215379358158883 12.55961772094163 11.743311789968747 11.903288279024357 12.201083148627252 12.381902663564244 12.29698995568285 11.916563109566445 11.314703929952485 10.643277529899205 10.091758969787316 9.824646752267581 9.90418171131449 10.245193352831388 10.652248685999519 10.924143995916653 10.945772254610086 10.70559537932457 10.254696869717181 9.66219735627829 8.993386764577528 8.304832653604945 7.649874922001704 7.08912795307801 6.690829507779023 6.50926252542471 6.551691503679868 6.759936930262456 7.025300595127355 7.233410278131787 7.314870344160817 7.271298159284681 7.161444524584603 7.060246721672575 7.020606282392116 7.05784793252 7.153734370420592 7.266772540008738 7.344323468381732 7.341375669975409 7.245351297074006 7.092726855699433 6.96000575766243 6.926749661362117 7.02988415363329 7.235993794216166 7.448237534427292 7.550509614661888 7.472538909913391 7.231575041484681 6.909150112656184 6.583617410721705 6.2894485585509985 6.036268997360725 5.8463532524627855 5.755738274549281 5.774422407166219 5.849939111381249 5.879765982929977 5.773486104823362 5.516553580058394 5.1816621396648355 4.878135106328339 4.681442788745966 4.596483695102697 4.574491037004575 4.559541013250074 4.5237985894244614 4.469149787221769 4.405351458300505 4.331545976914302 4.2371128568294045 4.115572861085955 3.975499443299809 3.8389407800922264 3.7283612497656304 3.6513953322077297 3.597385783682039 3.552047936892395 3.5155980765438226 3.500078433622978 3.5055569473272037 3.5059120277675837 3.466216911465717 3.375563804520935 3.261996996036388 3.1728250017978685 3.135865128098739 3.1427499339228895 3.176026513504174 3.2415330485419616 3.3544222481089725 3.4998242104743436 3.6390106351065703 3.763023591163871 3.901696360086744 4.047140773237487 4.106369243331608 3.9913779915784056 3.7377711372928157 3.4778383201270286 3.31509516716305 3.291718248309528 3.423327378139568 3.6542113273267165 3.8690110918039218 3.9761659723766845 3.95061281315189 3.8119449190944796 3.5036358526939524 3.0954858067228903 2.854014033192471 2.939992478867506 3.042586005089624 3.592882455501028 4.370107085005976 4.178764337153577 3.3452316999042404 2.6120367428367643 2.353922119698853 2.0391036600132635 5.1789207780291555 4.593405913415097 3.0596954394230087 0.5872798775995204

CTG>TTG
81.48543333890892 370.2897444873773 243.16129539153994 200.4473136062573 180.81249172472323 163.18039775795336 146.5491744805208 130.85054930472847 121.37867086880482 113.83041371437794 109.14633953711868 107.00036522632297 104.24527685543958 101.21777774419505 100.12233280294816 99.44435413496858 97.46055989440153 94.44987903858782 92.43017538384238 91.14794136811351 88.94640178670967 85.26793893277114 80.89770841833486 76.8571820308445 73.75149247319897 71.5655531940345 69.83852174252227 68.02609784738824 65.86048255601523 63.53391377566437 61.4449236416114 59.757706974744266 58.40236587231681 57.29464117325264 56.35846939970479 55.541897007878575 54.820622865873254 54.22160905911346 53.82840058259574 53.72497825058929 53.89250895132897 54.14374589345482 54.16372717881737 53.63898927577895 52.40601467321375 50.53614791411416 48.29466134892479 46.00582072962848 43.93572142771045 42.255746309493084 41.04756820896006 40.29811125368881 39.90239157555396 39.71468478581669 39.61813247342542 39.543091545336345 39.43612152453959 39.24336707701512 38.930115008021545 38.507208654854466 38.04184136157198 37.64369712939297 37.42226051634483 37.431689222990876 37.63803005078663 37.93234895620602 38.37799949278992 38.7643250914075 38.42724794129521 37.72168404071531 37.07728524868424 36.26136075033432 35.38843164881908 34.564943292233686 33.8318798540216 33.159088822841696 32.50282616075583 31.872749456508146 31.34555287999925 31.014879118999488 30.921056200273917 31.01277417405936 31.162722906716326 31.223396634076305 31.090189803635305 30.740719041703283 30.234939636223835 29.67927897206543 29.17312610048227 28.7652149557298 28.444040231683168 28.16454209429354 27.886159146677706 27.592360982150318 27.28536787547933 26.97335236109589 26.663847838479782 26.359162181044795 26.050530506932525 25.726597676348455 25.408218406258925 25.181310866661722 25.175366348347318 25.479249284997916 26.057691540358164 26.738859129902046 27.27553035133115 27.42913496583695 27.040352627268327 26.082494080733614 24.690451807680255 23.14023105858823 21.766547097077556 20.848721476063286 20.524469518322757 20.762037079971954 21.36317666395067 21.982118988014417 22.219066906206663 21.821755832028614 21.01528938650985 20.077676465637957 19.225551156437703 18.755759905062163 18.761477096101448 19.008714765015295 19.171592421406285 19.01965035098164 18.462037970957194 17.59108252999055 16.62018057363677 15.716099851370487 15.03502322400389 14.848853959600008 15.111562371927453 15.322814061619322 15.335933369001832 15.523784578307838 15.709193720390747 15.300535554772381 14.259947416800289 14.337014904758721 13.837768894065585 13.608015420666835 14.309191002734487 13.66419195956192 13.232114445166022 9.684743754679499 10.807185257392351 13.178040413353154 2.8074187766684435

TTG>CTG
9.11142554720824 40.68756294762681 27.26670744932153 23.76618562323436 21.786216747243227 20.331413313162397 18.195083705829227 16.870754774018394 15.395011359608583 14.655880721313254 13.955120241145634 13.52494507970746 12.745039478907977 11.584571871227054 10.712111608112934 10.406683218747817 10.539160998053617 10.695683544504575 10.566377881794718 10.241200523132106 9.89356164331346 9.53384898502355 9.242695298001076 9.194140420098034 9.394165721938917 9.618212632560606 9.643591338023537 9.425317542750937 9.040717554105171 8.604347789076241 8.255498213100392 8.115357519824958 8.194607138861365 8.366468775999827 8.458383551633139 8.37346904200397 8.129441244917974 7.805822532986301 7.478399586194277 7.199015461192002 7.000507523549145 6.887353181455822 6.824549790516759 6.757026258785238 6.6460677287219765 6.483505015566093 6.278769405793699 6.046652141409024 5.810640389490309 5.607341930794489 5.474642363334475 5.429688762532394 5.458013071585575 5.524317833024941 5.595916251980979 5.661277060078078 5.7305694761193395 5.817602952090101 5.916625123247926 5.992231739348986 5.990499801271525 5.863672358685533 5.593387749119445 5.201599772817622 4.746336337881762 4.304580990979416 3.947369092250655 3.7161193672250317 3.612477348920164 3.6092841380903025 3.675940789938318 3.7987513724655835 3.9801805741340854 4.219701041111371 4.4951091572696935 4.760922217671251 4.963951654280788 5.063649291653676 5.046032564917961 4.9271790664548565 4.745736024781012 4.545968836970116 4.359011517805236 4.1944569121104065 4.047466260693712 3.9122245476595485 3.7870040552240494 3.666849032912354 3.5353078867450556 3.3692885260673346 3.157575328904853 2.9181595530787714 2.698803656305715 2.5595459713900763 2.5491488086494485 2.6869853390199534 2.9530978796360414 3.2862117179577583 3.594186191980959 3.781663893220447 3.788238639084658 3.616610738406795 3.3303983258780336 3.0206634668622927 2.763701886800699 2.597059943727033 2.521776499932186 2.5192959006281717 2.5701440172454806 2.6668608154737488 2.8116300648846027 2.99546875537287 3.181728335254014 3.3237522327010263 3.403668294846131 3.4412135786961406 3.458118338633734 3.448023211759232 3.390090038403751 3.277758901491349 3.125300326166251 2.962512835759668 2.832889532537963 2.777975893996613 2.806008167729914 2.8854874751728667 2.985659532585404 3.1208334706305796 3.3220118828132654 3.540674970328859 3.6354901791826997 3.49530311447371 3.112069174644404 2.5658712135258512 1.9861465152151394 1.499076241270529 1.210058906643968 1.1361113619694938 1.173700088744534 1.1978419203822177 1.2795745452803327 1.4642638042233063 1.9837515234412404 2.608674187498182 2.8912251275294385 2.780673228708092 3.4394952806197274 3.881264849085221 4.461098515685702 4.901845462363414 0.9979754325266097

CTA>TTA
21.333762979004742 96.1401563982558 62.03346925440238 46.403688145069744 35.76916742835276 33.202615719682335 30.91767529763432 27.335551917663622 25.470241261660636 24.962626823509275 23.54505545980188 21.79086977412175 19.873299293982242 18.231464324786675 17.141927521510663 17.038835965092186 17.74107641037262 18.655262005315127 19.05320246676673 18.58151450498837 17.344833424179612 15.867720654623199 14.71021238991359 14.092943832945897 13.853919679562438 13.688494765339566 13.431302931448592 13.132245674357623 12.909510100236709 12.783219386035912 12.673102162055109 12.540330131969279 12.44168071280875 12.38756700899383 12.237691626989317 11.84264445029869 11.241659154557883 10.632212535914283 10.174612397252403 9.88190706529402 9.661566982815662 9.404761256399992 9.040267401743883 8.561896563019507 8.05334513948717 7.659220457986924 7.483582751798596 7.525549532297754 7.722695981213155 8.01860478517863 8.364910059382327 8.683897846367483 8.862435570765554 8.799970803802363 8.471913963737583 7.949403155864843 7.357709518007318 6.815427899719466 6.404151610007263 6.168675001659472 6.113147760231606 6.1856694296865875 6.282798603547182 6.293317345953609 6.1577987521923925 5.903133406158426 5.629646325785165 5.459446056790781 5.477006632984909 5.6937647959899484 6.050067760271857 6.447395610971173 6.793077265716117 7.036419538794919 7.177222928949988 7.240489892692667 7.234649623196755 7.1280602998546545 6.868942266740872 6.438176786415639 5.892415560785939 5.358198631140715 4.975507399675847 4.828184338376403 4.907081137617272 5.126700600764943 5.379323992846666 5.588049648323802 5.725936756442765 5.79717622613129 5.804704093451089 5.733568564234073 5.559587506120148 5.270167014829613 4.8787075201628 4.424659938279731 3.9628240232447163 3.5486443964943737 3.2242414113193063 3.008196524083298 2.8908431904679714 2.8356799887166013 2.789176575664978 2.703523152599145 2.5701616501942035 2.4443096650263065 2.430703179961698 2.621784332865781 3.024846761043745 3.538617083410792 4.004727181249079 4.29208312796084 4.344610688716032 4.167414333266478 3.791305213403699 3.265023558629911 2.6721342689158796 2.129537578408782 1.7497926315850492 1.5948757120516386 1.652604832497415 1.8472901062591371 2.083087358226443 2.299249951017205 2.490582459217403 2.6608994994527015 2.765237482883495 2.7308702512012175 2.532368680154607 2.2479812440602513 2.0383912808671085 1.9921784577902186 2.029064087955304 2.0785805562956186 2.186792215406282 2.3944038803020478 2.687101709662938 2.9089525340902846 2.8471835433573336 2.683003498473203 2.721363839921606 2.52356554716319 1.8965569104031397 1.7995511071764896 1.943253084081272 1.4704947295601518 1.4774679065720115 2.486754523911304 1.554157684917928 1.9301223922172568 0.4763730855112699

TTA>CTA
3.250846581321506 13.627964672728696 6.8420455451901265 6.869414784039313 8.129920280478151 7.636051111297583 5.71671430154869 4.048292909814532 3.489858948186115 3.6066998163806563 3.9370770323069353 4.115321872229317 4.556220440214106 4.782039788540498 4.501935485111567 3.9489104590530655 3.3717216184238556 2.9287066104211394 2.7415080795272657 2.8953405324973156 3.3042820701752653 3.729195033506532 4.011901778074822 4.150848602653296 4.177364421772906 4.080878759405729 3.858276886232559 3.5707462146832105 3.3224628730316015 3.1990312405288948 3.2319477482114185 3.3974402649110584 3.6296229852179525 3.842091619229124 3.9564150143521064 3.930091715332414 3.771212045799049 3.523969833553945 3.2316049134900724 2.914638111023017 2.5870588552688556 2.2836415348265233 2.0584335632073008 1.9526416017061923 1.9650499386095677 2.050962605560514 2.1454423723515483 2.1907190578319695 2.1543081900381247 2.0361091295767504 1.8666059827254622 1.6965586999118194 1.5783264781383903 1.543213904377043 1.585572480255689 1.665606065643847 1.7325355747747286 1.753419395862078 1.7270581111074328 1.6753468970730927 1.623326273481927 1.5847849663848261 1.5602347038192241 1.5428953617425125 1.5266613440560401 1.513507013358803 1.5178741942597083 1.5631708284409038 1.6680053299432955 1.8283564726671742 2.008291497158848 2.1483989041594955 2.189577424826908 2.0992426964150073 1.8851505110475824 1.5898750918526714 1.2708440380238333 0.9784872157876787 0.7436976151519493 0.5777921110424042 0.48036826414437284 0.4476346773892992 0.47570302704458206 0.5576362415964817 0.6778570183415046 0.8102870070026198 0.9243741992782704 0.9967070623451403 1.0207577241187809 1.0081146045849187 0.9801987325700475 0.9553732662025013 0.9392226735239019 0.923996761377183 0.896885562244145 0.8499978775435644 0.7842480084357847 0.7062399919849679 0.6243223293084693 0.5491818928685139 0.49684839517237733 0.4866961959454013 0.5305801192199764 0.6198243281368344 0.7246092700432465 0.8136162577638837 0.8808184071965357 0.9521640622339922 1.0600507761167268 1.2079264967368224 1.3617234827192843 1.4788299505827744 1.5469701130892206 1.5960097077048063 1.6706828484892355 1.7856203133300523 1.9015470813500146 1.9478408292359441 1.874500426684374 1.6862049137322022 1.4336581968899944 1.1843673273485706 0.9983610519233616 0.9049323980860998 0.8838530303032119 0.8775150791687383 0.8317235869444692 0.7275045238394084 0.5925308453761401 0.4979266278067403 0.515905258805294 0.6448792259912708 0.8060524573361291 0.9292418061175488 0.9963149220274207 0.9989192516406102 0.9067758635776124 0.7082206055740188 0.5129067767044834 0.49570270990607634 0.7132339359799987 0.865944555064949 0.6989144673376374 0.37153215188586497 0.5848450892382961 1.3971237643090704 1.3701834953848597 1.1332885223098843 1.182511011896731 1.262984955966161 0.24057857490746726

TTA>TTG
3.533193996419415 15.92630380230308 10.681232422163104 9.329189769569775 7.975542167463805 7.728154830735782 6.231578835278625 5.398175272579196 5.154581763769811 5.14416407316843 5.279625795598203 5.811898209510546 6.153401764332895 5.751959198033467 4.821152437733832 4.0982143712187975 4.006436089752734 4.16462788784817 4.168285962007533 4.015859357582366 3.839796527666117 3.6977825546818432 3.597268402311208 3.580427511719757 3.6853751063635056 3.833974559072598 3.866671440915047 3.6818589001693796 3.311191302594618 2.8987474462807814 2.6016507859333413 2.490289179265465 2.5337318659647936 2.6455377530557365 2.729057520028887 2.717770923301841 2.6074117946092223 2.448220365618792 2.297688808609437 2.1818635084597133 2.0965668851572348 2.0287345836441344 1.967735905543923 1.9043714914296992 1.8298713858612121 1.7386617569111131 1.631502134070957 1.5170014161125853 1.41035200488581 1.3279995423794562 1.2803164746609268 1.2675237477720034 1.2817676406177811 1.3131782126858929 1.3558802918386101 1.4115885954666834 1.4899097464030737 1.6049828519019809 1.7696223426925748 1.990139472774142 2.2641111976255965 2.579364463780861 2.91086469583146 3.217158363701045 3.4444018346538208 3.543739863286926 3.4955443003592994 3.3238515139844984 3.0884594542571766 2.858021531562433 2.6807792788634996 2.569814093756549 2.5085110807948077 2.4685396489174267 2.4262348427463842 2.3678330683145803 2.285403768904246 2.1732210431295296 2.0313738630304234 1.8731102624609806 1.7259689579372777 1.6213846818862576 1.5786579901518614 1.5953773108144222 1.651019484436904 1.7188663518529748 1.7752631680297797 1.8005853592259984 1.7769883418446246 1.6920543230023202 1.549765353547922 1.3789213733535428 1.2271170653443628 1.1392684211431414 1.1336302815307129 1.1921075283591929 1.2715698406706135 1.3274808682425903 1.3334690486712049 1.2861381163368424 1.1972445862445424 1.0838819846077048 0.9649408768690738 0.8623089610878512 0.7986970935071189 0.7884564551855873 0.8284024048938854 0.8990260569735291 0.9773888961135409 1.05116781521041 1.1213388540986686 1.1922385849378274 1.2622539586068444 1.3274640133733369 1.3914137254284813 1.4641678653818424 1.5493401065041674 1.6327434048943519 1.7463442552452233 1.8743735898269318 1.9010030397963327 1.8460977844046353 1.9121747998554448 2.195856975249742 2.523611682369234 2.618001513669628 2.3695301741854182 1.9320227024299235 1.5712867514440862 1.4341583660146198 1.4500934057646953 1.4421448989812076 1.3083586513751493 1.0657414801705034 0.7739753837576825 0.5184196826779719 0.4297170661518933 0.5127516460486834 0.6168975425915517 0.7788320156951706 1.062071876654188 1.1995572083729873 1.1066109651767755 1.2799561179834793 1.2713166776822216 0.7817370017679725 1.1313960678542876 1.4132752735422733 1.3119394446933432 2.0782120115892404 0.4264855202132196

TTG>TTA
38.390846076105156 172.328761590497 109.50435242472774 91.37737592029144 77.34705168639199 67.61269736940396 56.37468512337722 50.701454564189156 50.473115014951794 48.16674108084718 44.484124088104544 39.8763224104874 36.49963076722459 35.34380596229516 35.43934122781683 36.70033494826613 37.744397825409685 37.591730274314244 36.66096911243224 35.398839863466634 34.0116084026431 32.632670241107355 31.323779869604884 30.228383240709835 29.47594784441194 28.98724415192439 28.483034672802233 27.678553239525698 26.544947653778834 25.373316107064458 24.54751285835071 24.231062766225435 24.254991288307398 24.284157527402137 24.073739739450865 23.58202188070443 22.891808025126867 22.08771232334792 21.224798512635616 20.36720799928072 19.607950528023032 19.04117354801488 18.71300005973995 18.583455796216082 18.531079303859073 18.417360857697652 18.17671270796756 17.856925005894357 17.569438105466066 17.38942512101127 17.284448629588187 17.120684605003987 16.741741365368632 16.072006826190826 15.176883181552606 14.235482969592454 13.444559956547947 12.923755808586114 12.68259826390521 12.653679180406415 12.75217109798928 12.921072371362634 13.144731067706067 13.43099046237838 13.773095213263643 14.115876239497506 14.356975242026818 14.393856754405082 14.187349135170917 13.790019306943606 13.313463826205796 12.863403489858998 12.496554015347805 12.221098221760931 12.017841054453747 11.855470612525611 11.69890269796999 11.520082776484216 11.309517850573483 11.078506404579263 10.847694811926557 10.62942322689305 10.417569922162938 10.193238190348465 9.942469780740819 9.67284964945697 9.41431353502629 9.198211448182123 9.027037895038834 8.860754384897303 8.63588757766795 8.306047202508607 7.874448646100105 7.396015368484147 6.9486434241463915 6.592543341545421 6.343081231223672 6.173154712785331 6.039954023541605 5.912724179178392 5.780410072723209 5.641042804421133 5.493899672907204 5.346874077283152 5.225176007737867 5.159940694191299 5.160647741918921 5.201147514832564 5.2383192698650936 5.245339814225222 5.224746407054126 5.1912114887132885 5.14889471519755 5.091569178580173 5.022622370526592 4.962069328552316 4.921103276503332 4.877441323282969 4.7984781739275215 4.692197878751351 4.615291820379671 4.623832410553762 4.733681460610107 4.937945133602128 5.2339152032168625 5.586490267543142 5.860561981631777 5.862146193506956 5.526552666951427 5.027133536827601 4.622311775390093 4.448281755482616 4.419359956863967 4.377955265276181 4.456869582164713 4.911615453375542 5.472694371569821 5.619963285480443 5.462421786292022 5.086885613172744 4.106424351014971 2.9592243574423054 2.8178783002973127 4.050462201071856 4.644942054703627 3.8565917377409153 2.918106443211044 2.0734074530906152 2.778431562472684 2.7844430983596884 0.5105692215125341

ATT>ATC
8.219011804742692 37.79200454331598 27.396970041928853 20.39797607307618 17.97139644086826 15.475276117790312 13.879476144137248 12.970819260169016 11.547994479768196 10.03935140880341 9.284733119518155 9.789569391146395 10.93168857548482 11.220951189972416 10.321904383033397 8.975873789460087 8.380478622548333 8.464654845444493 8.275711431688793 8.526426847208935 8.643336888538597 8.569278180831436 8.239546733544609 7.762773308637015 7.365973242457727 7.153049336769302 7.026544587598435 6.912019662100649 6.871252620433761 6.969320810757617 7.197060806765975 7.478174607757099 7.728074255234158 7.887510578562908 7.9182212682039905 7.814790925905338 7.602504343009303 7.18717261237655 6.440128301577537 5.726010756332759 5.400419919102796 5.1579142743341535 4.904280300090539 4.595496365592371 4.2587916805243955 3.962065500875402 3.7710598521737495 3.722987904566223 3.820990178009443 4.039652451154972 4.3329073954816835 4.64246173566897 4.906783156670774 5.069474285220601 5.08804290006181 4.94583828992311 4.664468157958812 4.306688461955715 3.961856602665137 3.717675789373022 3.6315117598717537 3.7137058915392025 3.9275100036447066 4.203430243472428 4.462162448779574 4.637894001999413 4.693321429987322 4.621934639463006 4.440003938592716 4.174864369100661 3.855696460115846 3.510370055107171 3.1682854906340108 2.864541723938103 2.638237859229891 2.5216204357829515 2.52551146155844 2.6316554468019064 2.79854933219907 2.9779511024785896 3.1331478008057116 3.2503958298229323 3.3387316599985835 3.418251707541898 3.503005779571756 3.5890938643739525 3.6557620324819706 3.6771813281560077 3.6344342774663945 3.5197134727948147 3.3344561780544124 3.088459678551883 2.802722468715326 2.5114651779340647 2.2573002436435674 2.078788383888214 1.996072772274294 2.003042137117743 2.072250603538347 2.172024916232038 2.285963960539884 2.4199494444695366 2.5886650965559324 2.7910192316808833 2.99733716499536 3.1648522323465644 3.2710573574908204 3.3298970113456865 3.367018991398801 3.3774549419163127 3.317273829875717 3.1452102153451635 2.870864916458581 2.558739291432201 2.288178715676641 2.113566440962835 2.0579281009321724 2.1263519305522554 2.3054935906886755 2.5484526037535025 2.7779201943327148 2.9151003447611537 2.905389178415264 2.738244738505546 2.4725399460865383 2.226288458927985 2.1034547414801166 2.1215840201089726 2.2131918260791563 2.2914891501158463 2.3106100434885914 2.2797744482461444 2.240058568783294 2.2244937460547884 2.2273229063385362 2.2967099068655066 2.5480859609534003 2.871771765328043 2.975981273479233 2.7532316573557734 2.5660862662993518 2.46694954558213 2.915753559279208 3.4352810970994097 3.1747401576508305 2.398144433074967 1.7821075714356034 1.8664332874330365 5.467727244781037 11.241048253406516 2.607284693668708

ATC>ATT
60.32196543837599 276.18055456940857 191.77525195648846 160.2652265671501 133.30202717653881 109.22077305458869 97.72977546610129 95.39274638868613 93.96786281363893 91.67588670949989 88.43987266772444 81.92183426444527 77.16239388439953 76.12451888856336 75.90028326338661 74.48594381083777 71.43528853944895 67.99593827308107 65.7005745578659 64.5592373898758 63.566593841882856 62.14139605228267 60.42475518065025 58.70755859333219 57.15682898086292 55.79992938699226 54.51243180879059 53.09787770412636 51.43414415859892 49.58334501979238 47.757069097920876 46.191203075747275 45.05491251968629 44.412967693048934 44.05762360328515 43.53554187274487 42.89763521544418 42.51862353953517 42.186418050205226 41.93515931596145 41.68948399507586 41.36380526206595 40.95392451533752 40.433933300819206 39.74339020434587 38.967209689364054 38.331365111408445 38.003888225778795 37.95905333052825 37.97722262314738 37.77966213959342 37.198669666669126 36.26962870764384 35.18886123629206 34.17650774960254 33.35241773479396 32.70632603663921 32.15462698658509 31.62051869303625 31.079935251425148 30.554500031390543 30.077824617703683 29.677366753971047 29.38205963421262 29.223125544456636 29.199455535649967 29.239355458550055 29.22731572609722 29.08760995591661 28.817388304790327 28.42643487891863 27.884515661070044 27.157353134362996 26.278934615222344 25.373374211859232 24.605780431758106 24.099932471542846 23.878370552894697 23.863950268253355 23.939524231356597 24.00617301581624 23.970352713339146 23.711888431897364 23.16929678147477 22.48026526803073 21.952044232168806 21.860223507858066 22.27112207186943 22.98666782044478 23.6503212424997 23.988229012034225 23.974714588752384 23.769330667618355 23.54095394104555 23.344966013616215 23.098413445928593 22.64078930013928 21.845570246925313 20.714954155350366 19.39794869027894 18.127663583819928 17.127030635059757 16.538835896434097 16.40009837626294 16.649550804126722 17.156489207517602 17.763917738598572 18.330862377932828 18.759333635783317 19.002698719093697 19.050919700493555 18.894673660598684 18.50984155319011 17.908745133194408 17.21307338140884 16.62831179605836 16.294958602400637 16.16672554687323 16.068163180212533 15.87914861082227 15.628536525934106 15.375321311071115 15.040989075497396 14.463355508378417 13.661321184068125 12.955378117904782 12.72424673918098 13.081861481618526 14.78654665950272 14.68998470369263 14.884724097351395 14.2909375213362 13.631653172657217 13.541258780914307 14.17409886518529 15.081903297873746 15.661876921749757 15.432895052608256 14.477863721560292 13.061220297343349 11.997437362112652 11.56272391968942 11.339551670582448 11.227256123471 11.037464070253064 10.752413555050554 10.855670870590505 10.201277864847796 9.88785801258213 8.50212501896924 1.6704083383265709

ATT>ATA
8.918715067966392 42.77284941727245 34.194766789445495 23.219431901833506 19.650998704974345 20.18692237044713 18.649142998616764 17.718354185246213 17.126824344206906 16.070820727944284 15.753324671318259 16.22317848690188 16.795781533892594 17.078260775275808 16.41503785094848 14.721121704464549 12.68412026086625 11.197229014757582 10.69821414393074 10.982770396459516 11.4320904856146 11.517691931564588 11.152047019826998 10.619684593118935 10.262181161693357 10.203916958624777 10.295056086332043 10.162755021381457 9.430033750095042 8.44846796106457 8.028343231009577 8.009607030005126 8.27678835528705 8.589315101542548 8.768359797085072 8.7863732339152 8.713769112406588 8.605215946407945 8.444115730661917 8.187049866605811 7.843707600264148 7.5011146844991945 7.267460894349065 7.188093747775467 7.205231073672912 7.193752140691657 7.04798173334556 6.7585106723382005 6.424099108056898 6.186860784420534 6.133038438909218 6.230373796949172 6.3507352616291195 6.363435920700823 6.2288978726758035 6.022843381287918 5.879014890594877 5.901014657170693 6.10652793311455 6.428468963755534 6.753555712427813 6.9668340358287 6.985589301701025 6.781136441843259 6.388401911761369 5.897993699734747 5.426723420969099 5.074105203636318 4.884781511317348 4.837212401659419 4.864604995172425 4.894982255694595 4.886511098072783 4.838437618760944 4.774919791638748 4.717824926812215 4.670595822638019 4.622614671297632 4.563772417940315 4.492255428473619 4.411298527575922 4.326350416406077 4.252348828448159 4.223729590598992 4.2897944299919555 4.48842045304548 4.811268396706027 5.185386548417878 5.490594726495032 5.611042886162703 5.494254270701735 5.180680025912158 4.783080675971657 4.427804358521578 4.194222822821013 4.086710570361107 4.049429308048868 4.007662444753071 3.9091444247796385 3.746796175356902 3.5573271207967654 3.398282239662025 3.313546241167996 3.307850532554502 3.3514486552943374 3.413392483888315 3.491703843324234 3.607633321454788 3.76913257317464 3.946344642450412 4.089985034568509 4.168922004512877 4.178858605595761 4.12192923558122 4.004741939323224 3.8649432378673447 3.77388314492816 3.7917734169653725 3.9299012284242347 4.16735031484299 4.48277516348317 4.8308478263347645 5.088291133546801 5.085940326534406 4.744825412785359 4.162707195901465 3.5530729210122662 3.1352670044035174 3.035482325207329 3.18640184944134 3.340767735814016 3.264887665939278 2.9199706362386326 2.495100668456271 2.2650207037172057 2.3974558099085255 2.8116401974512413 3.089807425248996 2.837178764227026 2.214518971182814 1.9282768769178744 2.1164084069043345 2.5256631856645866 2.549651877899903 2.3498847606723383 2.6397952760115513 3.5957885442906417 3.5248914742605706 1.6605650251151647 1.9609384403976202 0.41246275298327945

ATA>ATT
7.33480352656551 34.11199219540495 27.307372871837416 18.911883636325904 18.14973159155008 15.40519247397628 12.897530682014455 13.191165328909962 13.0954339642215 12.809462018697092 12.144890524468677 10.934167892461007 10.071869517322146 9.535267450364511 9.359658175740508 8.99552881189957 8.428448325927622 7.761125026993472 7.19322402738501 6.906714661089911 6.9218028834542675 7.0600217825688665 7.201036394930298 7.369485424315081 7.526133327999201 7.515991366168781 7.2356607472486765 6.781634122356271 6.390462447937779 6.231649316434514 6.288943899118424 6.416533923950125 6.46184134117534 6.349385460105113 6.09046372334584 5.731409042743737 5.304197541568244 4.834354628199684 4.378759735795768 4.026288980198899 3.847114403758782 3.842049195189261 3.94184972447525 4.051400442212128 4.096023097299738 4.042333778535246 3.899607837999868 3.7135649476442656 3.5496661198249324 3.4633744699340894 3.4727438943568916 3.5540180429801302 3.6630155161913 3.765408292392997 3.855050917681413 3.9485569092529587 4.060110621017772 4.177074512211225 4.259597900484244 4.266922137266757 4.186860512594947 4.042036096396025 3.870725726277333 3.704318432510477 3.5618829677124415 3.459788210600847 3.417637282922955 3.4486413804704315 3.5429336073499624 3.6622484631915495 3.754089592289056 3.776140758288368 3.714924956983087 3.589338035783001 3.4398631374055997 3.3103474825728445 3.2309120731695833 3.2091518489651323 3.2321350342553186 3.2756176137580186 3.3139593280681647 3.3269384579682195 3.3043113457114086 3.2492570370232556 3.1777082955989275 3.1099584448337017 3.0582728417176264 3.021022802755521 2.989199303330844 2.9586287059065013 2.9352945068281473 2.928258224941218 2.936394803263 2.9402167140378985 2.9057993418998294 2.799620434698501 2.6072505443120972 2.3474433601373774 2.0746617206389666 1.8661869154181188 1.7960445565951018 1.906363158465586 2.190118244959112 2.5914114654451437 3.0183191568936487 3.363134647000833 3.5325735073030855 3.486405700985042 3.263319148777492 2.965618116243102 2.7032383425975537 2.538077768197427 2.469905657721458 2.4597226675872568 2.454436267368704 2.397244287046111 2.240990779483672 1.9749925028634157 1.6480143274816654 1.3630506610637247 1.2296563548125783 1.287978159073994 1.4667935400316685 1.6336584575892856 1.702405050786486 1.6894140713705963 1.6615266749913615 1.6483142536600293 1.6313762289297566 1.6099062154714077 1.6536358500502082 1.8482530486505049 2.158748139571069 2.415165893247016 2.4735835252247487 2.372580724539633 2.2678547910048086 2.251599440885209 2.259694709848554 2.1944999817008637 2.0555572881448847 1.8277404051248831 1.423840753995484 1.09813925822058 1.0639163189539276 1.1146942154923407 0.7866726197327328 0.8329056966331766 1.0793494678265225 1.237657224300818 0.24892277998971435

ATA>ATC
1.2091190444205806 5.433852110560788 4.434162813747579 4.696093311989611 3.536301843237636 2.016083864700673 1.963072943573554 2.349161930384236 2.639168261982222 2.513772609027532 2.5855431498820978 2.735753011721975 2.573011816185958 2.1021499257136487 1.7091842959158603 1.4781737672111046 1.22333459400488 0.990342829740342 0.9040167487807402 0.9762342722320331 1.1289226836805863 1.2851720967269504 1.3892906383711168 1.4164585448381521 1.3763061087908386 1.284736429563039 1.1432970346872584 0.950784932138123 0.7353377308843055 0.5585840843964724 0.47204289430123353 0.47636014197454696 0.533577009069663 0.6086894314300801 0.6898268498509571 0.7810450764226982 0.8910443180750731 1.0264052667013077 1.1830661862092833 1.337816574454675 1.4521595654136303 1.4912760303103836 1.4417311925433671 1.3134179805854798 1.132494853964549 0.9373902703549498 0.7733840777518716 0.6764611271092179 0.6538921644040181 0.6793576953255318 0.7091728103852087 0.7083054305953602 0.668275495679594 0.6067070908860891 0.5518538531589429 0.5242249648867027 0.526605219466611 0.5463752800909322 0.5666041027433577 0.578604559135567 0.5883777703614232 0.6122942389870484 0.6638288095860433 0.7404279177476807 0.8210523632885118 0.8771258313821769 0.8885714541767228 0.8531070898381299 0.7842277584343172 0.7029292735552768 0.6303742248165645 0.5835051428915601 0.5713691062862893 0.5916991905773767 0.6312460686970052 0.6727201424590552 0.7052208213815317 0.7300906436812746 0.7567188688085769 0.7918609116226097 0.8326331142528989 0.8695321429487065 0.8947021980578194 0.9050138159877622 0.8968794639873876 0.8613715388198455 0.7889486433881204 0.6813207737330145 0.5582385378392881 0.45098447419462107 0.3867482486782784 0.375236580231684 0.4056860700626021 0.4546953249009678 0.4993500164775589 0.5276789097813186 0.5402339546142411 0.5431015545205092 0.5397744830964699 0.5295450096929051 0.5123378743039926 0.4928776539208311 0.47864492477765697 0.4734335962962634 0.4729990898118974 0.46761291132473054 0.45053869173610683 0.4253884138340505 0.40425211694833635 0.39651686596810587 0.3995801952446405 0.40272805871637657 0.4003111391223036 0.3976337208551135 0.40113033214357907 0.4048596740327843 0.3912397208522693 0.34742179921168853 0.2808988105572857 0.21855459465202148 0.1906290486853144 0.21773631722906256 0.3112689300197962 0.4697405957862567 0.6575828663597956 0.7979380074082884 0.8167673216380147 0.7084912851581325 0.5456714309209056 0.4112764128735626 0.33670193824339945 0.31347717346270354 0.331757987204338 0.4162411984235631 0.5989331510712164 0.8286993357589904 0.9681701191559448 0.9542528180007689 0.8392923379723939 0.7188530606090949 0.6319963864854174 0.6418824201276934 0.6408431760176585 0.6628798647750703 0.6007616343923212 0.6819278946317682 0.9607833274272972 1.1391376329545113 1.254237494759064 0.4674377557352634 0.05165746618640989

ATC>ATA
24.100948530068386 109.20719159228177 75.89285698347602 60.16042361044102 50.14923720508861 38.817489498582255 34.00138946856427 35.53738538291914 36.241534197434255 34.13675198531659 30.751784610161646 27.96581492840701 25.971684695548486 25.11151865065287 24.682430188699538 24.500372973278825 24.2419756262166 23.654744295113318 22.825317779354688 21.968527933117375 21.20691785066628 20.566735254269933 19.93052558846692 19.114613717046595 18.074561781556213 17.031734863087213 16.313434281538406 16.034651781252087 16.06114297114597 16.166962938575963 16.205959949511875 16.139218968974877 15.945556395074764 15.594820468900055 15.125795697649949 14.686321852353336 14.455536501914851 14.524493907582555 14.836700216399958 15.207784649161985 15.405404462308338 15.25154728565213 14.683547388188355 13.76085322676208 12.65175132071181 11.586095300908918 10.76056251931588 10.25972435754184 10.049411676819116 10.022414928143531 10.04960098505475 10.017653002252727 9.861117548494722 9.586671125368479 9.265343558959811 8.983439835171813 8.786736489808844 8.665114371576086 8.584095075201095 8.525094613793865 8.497842553813808 8.523402043452771 8.608168723877377 8.724539478537704 8.806170052077633 8.766343847188129 8.5404323031038 8.131117820134408 7.6222564156834185 7.145828972487922 6.82172047080091 6.708103809443531 6.788076396393714 6.992219836404316 7.237843586018388 7.46170151327027 7.631783268865792 7.73890508118408 7.780568929588171 7.750383356546457 7.63823049163985 7.438175991924331 7.157962027075164 6.823773593955237 6.475112947527832 6.149785331394348 5.867830947803858 5.62680659656752 5.412184078754415 5.2135129637610484 5.033745773437127 4.8874651440673595 4.792132309501851 4.757738950428998 4.778442587218665 4.829183180170211 4.869482569013035 4.854841514874334 4.75435374054177 4.568721034963158 4.335939068304382 4.1143409093847385 3.951589776159433 3.864763693943893 3.8463159348987084 3.883392372271184 3.969053166832204 4.101700586436757 4.282904412244929 4.514621517822929 4.7873895021674455 5.066039699693005 5.297424205881197 5.446275661125245 5.524611732338719 5.577239635783346 5.633749202849825 5.675681448403434 5.651334964023841 5.52311144658287 5.303164472723834 5.047069930386656 4.813117400033581 4.620668572811709 4.444864814781954 4.257436768798726 4.076340300550857 3.9578956241736063 3.9106845408422326 3.848088581083599 3.695576197115065 3.547298961415894 3.5793993065199246 3.782611800339225 3.926390062171602 3.8342869927762107 3.517496366857195 3.068937054027322 2.698658092039786 2.5257640650538704 2.364566528097347 2.4918930891867728 2.82304318431878 2.8476845684339738 2.66079886777081 3.012012547669577 2.578353212147852 2.7264400601560173 2.739985604115978 1.8129826700988192 0.33309175097377414

GTT>GTC
5.748974241867911 25.363785458641654 14.362743822960997 12.800687886704958 11.08477772214129 9.590766493012914 9.112538377622679 8.747129340817752 7.576381769339194 6.292242967978461 5.774216173178202 6.123813586061779 6.917395095420079 7.583298454960634 7.55112662672013 6.904468713609226 6.030346827847339 5.257706615535236 4.90529784292258 4.974765444030148 5.123314923626794 5.1138922825610225 5.150872209549413 5.417228191426011 5.778965072136684 5.991979369948025 5.967441161721188 5.745037527905854 5.430128919723173 5.092313542147189 4.750421613581574 4.431331084155875 4.183122862274291 4.026266081633261 3.9348676077693447 3.8743351466601523 3.8326116791219245 3.8070665628103226 3.779978485848631 3.7187613344222186 3.5939801812258274 3.398432724289561 3.154133703408407 2.8992486510485076 2.6656039919622128 2.46843489386088 2.315425766508582 2.2190200678460696 2.1944925011650676 2.2459107391843487 2.355792932072143 2.488651246008612 2.60570321332889 2.6812052219159006 2.7111799024656573 2.709796036652535 2.6961828115770454 2.681502554193366 2.665843477591686 2.645212674184168 2.6196702132293423 2.594744447053151 2.57720178064859 2.571229954717978 2.577807566655708 2.595291304330076 2.6187586414822057 2.638125777615184 2.6377689513023532 2.6013069644929323 2.5217054847724545 2.4100120047859828 2.293483135414933 2.2011283789732365 2.1460874441619078 2.118392519334372 2.094133644765061 2.054255146821698 1.998721927290072 1.945683280475938 1.9173062439111033 1.9237109531870171 1.9557011645497064 1.9882903956116744 1.9903067341511145 1.9356736155704086 1.814588420562945 1.6419984573181683 1.4583365387168552 1.318774983371372 1.2725370799901943 1.3392434883395528 1.4933407044978735 1.6691091843858556 1.7912765000574207 1.817020765189325 1.7590118350685546 1.6688722246790848 1.5950062332593757 1.554295745379175 1.542211621071493 1.5620137013947362 1.6306965446256194 1.7494579703842765 1.876076327143646 1.9398905854271857 1.8896415275156544 1.7270328624874005 1.5017652983844625 1.2895330308359563 1.1777177797185066 1.2465535849613119 1.5263430519720762 1.9585359713627393 2.4118179043748365 2.749861280496995 2.8919115019851427 2.829925334155455 2.6156948839445877 2.3366991555233425 2.0851708421120243 1.9309322736596104 1.9121050488847484 2.0311061121860954 2.229653246938066 2.372565014241596 2.309974225133664 1.9953642393826316 1.53239155348063 1.0870088448129094 0.7952417286601362 0.7901110923963895 1.1577183347662363 1.742794411675739 2.156457740785078 2.1001051510261215 1.615003268250098 1.0236965133581817 0.7845268015326616 1.0780842150005008 1.411640555772969 1.5028423572763714 1.6793253110013833 2.0029399521122144 2.5773311764148343 2.215043477729772 3.498072060040853 3.295510799209622 2.6390218545075284 5.171620456847712 0.8551991760326643

GTC>GTT
29.50738835697476 132.62099180932867 90.7308664640473 71.56990613620982 52.79873637036798 55.089905211438015 53.5186532566214 46.957970382465604 41.33413679146446 35.91460996480167 34.30463288951426 34.349258652190365 33.37781355550488 32.855649424199505 32.83027748332572 33.25400918071824 31.073310758742515 29.64719661915742 28.73755491009804 28.163475680929036 27.430081326664368 26.3425025354544 25.257351829002097 24.58076602863661 24.36684239939315 24.38651821823516 24.323219197780258 23.96565489267897 23.32729027260031 22.586730491314984 21.90698631460682 21.325378458521076 20.790560853658928 20.249353302434354 19.678533867067777 19.068323266931802 18.413799516675667 17.722122625630263 17.02032985375398 16.364053087139222 15.828500694418713 15.468360173407465 15.286723377207787 15.244295586876405 15.288401166156111 15.374994983843573 15.467969799127648 15.526982057004288 15.519497643537107 15.446648333597127 15.336569809038794 15.208156480016044 15.050664100311527 14.837713300398816 14.548775959734558 14.170568287775813 13.688863353664644 13.098755306815015 12.433636982801547 11.780385236363246 11.256174122518626 10.962891943711313 10.958983524961784 11.26117026067167 11.84008265057358 12.593450343109618 13.361548366276248 14.013076665906354 14.489898927258517 14.753467990110993 14.750881449435303 14.460081124798243 13.92467332818662 13.231400369507528 12.474143648226452 11.738722551282711 11.102904314051708 10.631189216660067 10.354607863244729 10.248955279138746 10.23415799576002 10.202548969986537 10.062367627633188 9.774100963172776 9.362797802876628 8.901512691530751 8.474889006862204 8.1424566562279 7.920088411079031 7.78430833683802 7.690197835878062 7.591280874085138 7.4558518694211 7.277880178546695 7.079341563899172 6.901237914441782 6.786361018642327 6.762751050701583 6.835683131719083 6.988817174799188 7.190152771771925 7.400406204294801 7.58517071734446 7.729129435542159 7.840913479664487 7.935307973051677 7.999736559653622 7.980333029786173 7.818208386492381 7.514573327235779 7.156641012477172 6.860882705730262 6.674443745973314 6.528770632743547 6.296561980323777 5.9045922127873505 5.403694629702299 4.941665128822762 4.66950189545746 4.652393696838458 4.835989412380023 5.081614592676782 5.260187163583225 5.3571687803034695 5.495986433383149 5.8289262209321056 6.383957628707838 7.002089550411002 7.3909799387226585 7.287823421379706 6.686972975644572 5.874046812438514 5.160362785273511 4.721517192333455 4.630478745956707 4.764271034549224 4.749221289274507 4.350423411871333 3.8680592367389797 3.6819225701745135 3.7736544209076177 4.01374492964205 4.1102460302996855 3.9900374153556846 4.49600051110957 4.314346575263331 3.8424526494870235 3.166756858614732 3.307469541076426 3.7221900327338626 0.7818824309728102

GTT>GTA
4.489307016713868 20.555789060888138 12.353157970274037 12.453875913718386 13.06479818434452 13.266413689506729 11.864373643110392 8.674954543441956 7.014595825565349 7.269797298881332 7.845532179416389 7.443105209783997 6.1712253702213715 5.110168912974622 4.6871862693927335 4.739627677462278 5.053743075844385 5.350135419736934 5.360514839643839 5.010868979670678 4.486164779831716 4.085125110782062 3.9870686383453693 4.228045152601601 4.672205653580092 5.0287949323437156 5.0695293362357745 4.789831795636602 4.338456979045915 3.865816185263607 3.4720600436365765 3.2269563875364007 3.162126128026856 3.242015240083637 3.37852761716451 3.486880538168727 3.533797971496041 3.5435765749319006 3.5577713973141956 3.5829751830581795 3.5748987518877224 3.4758798658600174 3.2750556790282825 3.031337999035158 2.8292265498360925 2.7140777281360844 2.675430006801968 2.679644731798632 2.702821606746527 2.740099026144807 2.80014223492337 2.892797794188282 3.013760758825134 3.136095701761846 3.218408191240663 3.2272336830960313 3.1587769754624957 3.045298992078718 2.942614541706794 2.90598282643923 2.965370671666352 3.1093520225005182 3.283799267911605 3.4083240611805166 3.408382551880018 3.2521448414218015 2.9722265899213753 2.6542690256302532 2.39401987569301 2.249282200621423 2.2182650890608904 2.254311113353214 2.2998670229581584 2.314411927226294 2.2834802653356485 2.21238287918328 2.115456324667968 2.0089538756959784 1.9090126189102012 1.831052330417548 1.7866305089086547 1.7780422508946963 1.7952769254713339 1.8189463265753703 1.8273287961912281 1.80265531443217 1.7345398243875307 1.6220506085564195 1.4752151388851926 1.3141183790460595 1.1641356217083918 1.0487572976858783 0.9828556647525424 0.9682432481956473 0.9925418830007287 1.0326472048177882 1.0633865252880832 1.0690102738716583 1.0518286771263823 1.0318675599634217 1.0353297589654644 1.076511609441607 1.1440090138139616 1.202570331394394 1.2135901545749281 1.1637166527633922 1.0820718749477394 1.0295347880824546 1.0598692500997213 1.176876019348901 1.324692339563244 1.4262578262398722 1.4392571576230349 1.3802860636490422 1.3016660861436655 1.250389350850888 1.2447816067716557 1.27702313069486 1.3273036930501059 1.3752925655190626 1.409064639986488 1.4373526611031324 1.490485970112271 1.5910637902989229 1.7190617896390088 1.818230521830054 1.847482905720932 1.819704074499832 1.770984881276771 1.6963238400943026 1.563368860494357 1.4048027119260327 1.3320383091777934 1.3985708357064914 1.4835611685174352 1.4218481769326048 1.195484649272909 0.891652581310451 0.6576536383265098 0.5456313559452236 0.5404569749480458 0.645820820610406 1.0056309519696975 1.2198054224223804 0.9188532444766957 0.4293691024197898 0.1270458899486271 1.0278188471984369 0.7855398232284873 1.7764310292435672 0.43690830215586

GTA>GTT
4.724308795215212 21.545044788570706 13.058163464294017 12.509892366235288 9.825110617911433 9.8288915097869 8.55119835511798 7.021107766091692 5.834424092568991 5.9626898267386155 6.859776102925469 7.8213087922270885 7.929811598584711 7.381087547316165 6.846729141419805 6.284280130766108 5.512929284435379 4.736753979678901 4.206434308423961 4.058948170283084 4.222818132478408 4.453229564156265 4.55740151656095 4.477197498763416 4.236355767558622 3.934967045944699 3.7220610573262887 3.7134516429977076 3.922250969405912 4.2733248223668925 4.662719780926185 4.989978799048016 5.167631677968679 5.146273788411441 4.947175180102848 4.650715244423718 4.332568812281869 4.015141784731466 3.68591722431911 3.3456711521658433 3.02172347238348 2.742708830294472 2.519135757561578 2.353329916113982 2.261783687483325 2.281378952323635 2.4468866063496586 2.75270261957071 3.130253275923861 3.4660780063116987 3.6543485814854244 3.6486932480258063 3.477320830479365 3.2129650174915 2.924761255990268 2.651787251320825 2.411495288006781 2.2196957018051844 2.0950105773035177 2.0465301767139974 2.0623768320225415 2.112977304000979 2.1670967652713173 2.2067222381938807 2.2281037004080173 2.2293995488467337 2.1983587503262845 2.11379817790864 1.9616963059424883 1.7528045849900822 1.5267040715148072 1.3379964095174888 1.2331541322271686 1.2313945232061905 1.3186375449994365 1.4553556419222653 1.5923853721687267 1.6868134358407452 1.7130429085511807 1.6683636023086554 1.5732642070927867 1.4647459696600882 1.381394833204139 1.3448432267144865 1.348746063746171 1.3652856663594453 1.3678390203244708 1.3542908655838635 1.35153834981329 1.394666903071819 1.4955009072003347 1.626222139565624 1.7334369474800089 1.774417470397947 1.7498299901797327 1.7092988104600932 1.7245425372571952 1.8456831238124605 2.0670253764466704 2.3241200693362054 2.5261043386233006 2.604473194965691 2.5468069370525166 2.394625422957258 2.212465119429939 2.0549729520056546 1.952025480406478 1.9100142846433876 1.916661996989877 1.944679854131514 1.9593156272807732 1.931764278920077 1.851089153807008 1.7258000117028427 1.5743180728489077 1.4131207781143569 1.2554146097672956 1.1255496826971685 1.07284827902571 1.1529256502807315 1.36975363830299 1.630036613961665 1.778138524287811 1.704185671594701 1.427583410495738 1.0766053145484462 0.7991789201543762 0.6977726970948287 0.8065531379172476 1.0740500461675695 1.3807709810674278 1.6434916706857525 1.8814554922702589 2.0895840798521186 2.1648605846536007 2.0728751935386573 1.8550572081031647 1.545254588096895 1.1855752605235916 0.8839714639949457 0.9774304702309807 2.0846921119183586 1.5916024049307211 1.2998866249186838 0.9875084435540562 0.874100398374786 1.0080695739116716 0.6669759070857407 1.4605355926817898 0.7004581624509896 0.08880460563658168

GTT>GTG
3.3529979159192567 15.216000073993484 9.842508585456322 6.82007655964738 6.046688844879962 5.675470380381162 5.546888193444062 5.850155998790424 5.492248772214596 4.418250980201096 3.6709813893912866 3.1582120403520744 3.345456588400796 3.878818329904104 4.210206334053066 4.295060128856985 4.6270853564733105 5.273554605248841 5.805601367754466 5.845249427277595 5.377192241180056 4.638520326904631 3.906502226550098 3.2971599332159607 2.7676462170372 2.313808229685334 2.05274032083643 2.081741026239142 2.3370277098599708 2.622852356992924 2.761212076089722 2.707337014777701 2.5458383101845 2.401956644001798 2.3560436709833383 2.4203531679709114 2.566614545673685 2.7527085695206055 2.926273178264058 3.028835793182047 3.019365506004038 2.8987188774347628 2.7073992388343977 2.497822278921372 2.3062313674693944 2.1436178352867925 2.0049186474247827 1.8832216514562368 1.7769105722328806 1.687281749746653 1.6126505260838302 1.5460573183127548 1.4792982783670443 1.41118699343459 1.354411167766814 1.3340827647560085 1.3749951434844534 1.4831190990749337 1.6333812149860834 1.7742670221918666 1.8502358655329783 1.8303712563903758 1.7247733710704911 1.5767463272367852 1.4359154088119683 1.330523322825472 1.2557550484170523 1.1831124137142857 1.0836439781283609 0.9507352855237204 0.8085478684463419 0.7010132719112652 0.66874693017254 0.7279392947955333 0.8617250927172506 1.0258192503557946 1.164103929745097 1.2283234314545461 1.1958634197148676 1.0790248203038626 0.9206217762321178 0.7763284559555799 0.69161346617557 0.6848390454439721 0.7446768383687543 0.8412307653150658 0.9422885241817036 1.0249543943600221 1.079182152705867 1.1070775363737861 1.1225236700441168 1.1494008684903414 1.2122693632433637 1.3190081335372463 1.4466576036170193 1.5454630498870872 1.5635213808026591 1.4757200590805732 1.2958663873835283 1.0660683831036553 0.8356972215088261 0.6458390954747398 0.5259074854783311 0.4956943909182526 0.5586277706879306 0.6885116691574247 0.8353413546613472 0.9563317610120328 1.0380198849559903 1.0858495355048199 1.1022939042712008 1.0820260163872328 1.023964755457252 0.9433518670920364 0.8729519987228973 0.8512939587414796 0.9019709010351132 1.0172795891021826 1.1601188024751328 1.282645584633174 1.3503270810666728 1.3598108503038246 1.335284555918835 1.2989224124490966 1.241965004792921 1.1386965731249516 0.9902803198923213 0.8274599920068308 0.67481416985883 0.5431607760251289 0.45141529768980937 0.42109657044904814 0.4330308410529069 0.4792098090758708 0.6408414376289185 0.917428802997686 1.0870589558583805 0.9614436367560687 0.6281954362353195 0.3677594168301659 0.4073547131292617 0.5812427706536559 0.5633845819982067 0.5215542440630717 0.49479931802657423 0.33790482014600454 0.14362082395276246 0.0370564015276247 0.6280281890275312 1.9574397448420873 0.42065077871154877

GTG>GTT
30.665942336796654 136.52695778386212 82.97578615323059 72.77899711561003 59.01501450600272 52.209133896486264 45.7196313201543 41.539920928081614 42.89362367009388 44.89224459486999 42.84295793769954 38.722559755780225 35.02784475606212 32.54891872567656 31.110137490702343 30.61685503571445 30.553511594040813 30.38672434299862 29.78413895646004 28.810173914149956 27.816190826507405 27.146327282868803 26.833001841989677 26.62607557006716 26.397999960923176 26.278366508455754 26.31957290319855 26.368804208004985 26.331629818942094 26.281724793411296 26.232494537836743 25.967246233558505 25.21777996809975 23.984202389939313 22.595119620114904 21.432746794829683 20.633743161197188 20.051678741339707 19.45746211505929 18.752627099589517 18.026422567694894 17.45396775667054 17.144894553562047 17.06573132313477 17.086283859598968 17.087976262002396 17.0236988181798 16.889180655074497 16.66625783688675 16.310569144839782 15.789336008520495 15.12421945847869 14.40285870589341 13.75514028605469 13.30798133431218 13.135362635774978 13.221514963560724 13.455188296680088 13.665453656781636 13.691949953542416 13.46032678317657 13.021432684184303 12.524871956459656 12.133491471815029 11.92849384169564 11.874760530376982 11.878310132905042 11.885417014721659 11.931707786577523 12.1047551801691 12.464791123767482 12.984785358153456 13.54118862203562 13.962700957081267 14.117946639328373 13.98713328959682 13.663214081359685 13.281958288923256 12.933089206385842 12.610630799539498 12.231923353538672 11.713221968921905 11.04850247287819 10.330330334026065 9.69890389014807 9.265214230415863 9.0653225092237 9.06471950374836 9.192891669360357 9.378676940531797 9.569907645428913 9.737565533578493 9.87260816281771 9.980913169683982 10.07666930355174 10.174058721797635 10.277810372414377 10.37213558507584 10.41182662852445 10.329176598041192 10.067000186503996 9.622589162849405 9.067648500975857 8.524476267220898 8.112379238437931 7.893483767842176 7.841713560221421 7.852103531429514 7.794790547738717 7.589109608564846 7.252274095604245 6.8912454295746155 6.64294528914279 6.598355737880029 6.757578025425394 7.044939539809987 7.364114059606554 7.63847288254279 7.813127246793297 7.853428976670833 7.767829096850293 7.624086124805006 7.514089474845435 7.57309065439797 7.773271861994026 7.912110512646448 7.912313882966715 7.82026424572409 7.628752371703286 7.339743013581157 7.067178598857936 6.893596872894329 6.709946395384906 6.400304991430853 6.060274428722355 5.799600727306377 5.602229361830601 5.393976655931258 5.152293687428706 4.803560220205734 4.269840434597527 4.07018341491439 4.027575784114181 4.5630005455489435 4.56681822099492 4.922601623754623 4.59083503763014 4.583793006907206 2.8306983925401763 3.170800665564992 0.7003224294798934

GTC>GTA
10.855412672524931 49.455994658332195 29.414994756601946 22.904804705557275 20.217891965627867 16.751156542440715 16.64676835673856 17.487645054991116 16.946608883594887 14.65234443755104 11.920891905547741 9.9753338144368 9.375356856062712 9.56474624660735 9.672891341642071 9.240278963194966 8.51013495869897 7.907121282631875 7.547852158236239 7.287285241372246 7.113801613692809 7.148772161843813 7.298299453560908 7.288646589668809 7.028072649225119 6.731447269081024 6.641853372587928 6.7474922224060006 6.907290215074662 7.025789760703815 7.031539902834969 6.909326159110325 6.699687901043994 6.451398416992398 6.175258638562651 5.859385673916945 5.5217081266084564 5.228130031199352 5.055898708017793 5.039343691468553 5.143592317114643 5.28315699360796 5.366233481168531 5.3342124214746 5.179697020004715 4.9393279110140345 4.6666081490056985 4.402792545227111 4.165595401923926 3.9563879331921443 3.7705502970343456 3.602235672646114 3.447480196564078 3.307596239260335 3.1869298902942753 3.0835369839574764 2.98318990334872 2.8668919493121785 2.727096576551662 2.576975049337125 2.4437710809819846 2.35217109815192 2.3100145759016892 2.303887712797248 2.305040157618533 2.282014378550857 2.21440100745209 2.101879802708776 1.9653879822462512 1.8411225780239957 1.7691419026827557 1.7768218305778491 1.860191977171245 1.9761981340381192 2.0618129525358646 2.0747909147306567 2.023189200156821 1.9566217647616193 1.930126124753019 1.9733249529720522 2.081962153405208 2.225896918384131 2.3628931699600844 2.453513570791355 2.4752916388882475 2.4325096906880503 2.3556620454921315 2.2867221399388193 2.2550650378592696 2.259067117301064 2.2685360303514797 2.2482972307066915 2.1849187780235653 2.0954731022508364 2.014019963507942 1.9708136904988665 1.9810494519708062 2.0453250234930467 2.152191661281097 2.276572170433473 2.3786277791336987 2.4112399299083123 2.337422329038648 2.149970689174913 1.8818170186299115 1.5980487130337648 1.3692802869356278 1.2393783407714807 1.208277759118948 1.240657782545066 1.2896032476915251 1.3152722334712008 1.293431084917175 1.2248548976475295 1.1462935922871622 1.1223368079155929 1.205640323314865 1.3900845658788632 1.6033795101876334 1.7568946526357687 1.8072395839053939 1.7646585409941862 1.653047002029393 1.489969604231827 1.3051799729996025 1.1447093931230679 1.049356466570256 1.045520917655766 1.1415677819025343 1.3200779053993588 1.5378179089694863 1.7320600184728037 1.8551304186813948 1.8976219267752579 1.8524884823341428 1.7096110337999055 1.5519043588380774 1.5352123955641377 1.6242161296152513 1.6004018537610005 1.3426220351619864 1.0568086459454111 0.9614471548789113 1.2272976059409642 1.2672893016501308 0.801543183846493 0.3053315402778971 0.5763943042827033 1.0151642950594468 1.2342818211511497 0.2550818658733782

GTA>GTC
0.6907703805679097 3.756200543241107 3.3378326562968783 3.099471059813391 2.9681228309023857 2.154903878503108 2.465471528219224 2.6002509349632605 2.821636938737098 2.6175746489609093 2.075165026534691 1.6957911644271104 1.46384281921434 1.224727483410765 1.0069430239163124 0.9738361413691624 1.0344811607396747 1.0629226322141043 0.9749533281848053 0.7709632048440078 0.5717219162275222 0.48885263266676704 0.539629827683129 0.6886008237240338 0.8886172023692638 1.0783524848370876 1.1898621690061004 1.1933394727797113 1.1191682017053135 1.0224895279219177 0.9392311659178575 0.8797675054048887 0.8482285468820059 0.8525461145127171 0.8962451134957109 0.9686820988072468 1.0440499019419147 1.0863465664587344 1.0614199951816858 0.9567072130985648 0.794383140784982 0.6223697400045731 0.48890452667355405 0.42137987902334034 0.42172517437435664 0.47439000991305513 0.5571283928760337 0.6487089906272238 0.7330497930578271 0.801398194886659 0.8525344497313021 0.889567093373489 0.914819746446641 0.9279326340999499 0.9295585509027335 0.9256084512300267 0.9247638706305152 0.9293194748649105 0.928380574412312 0.9021271105502675 0.8357181131230454 0.731835660031831 0.6113914591632258 0.5016658534639191 0.4210064469818114 0.3710673967899269 0.34084607197326555 0.31775499794017803 0.29683801549977773 0.28225783929423215 0.2817326611772525 0.2992005321073119 0.33093892683298937 0.3670351948067329 0.396648519455356 0.41383733952311585 0.4207380875333602 0.4260439055477074 0.4391301305043019 0.46318454408196835 0.4919980360243763 0.5128625617246626 0.5138724736908686 0.4914017500438501 0.45404140028790574 0.4211421238183092 0.4158388525913691 0.45463420630730617 0.5384612812204113 0.6510420851956478 0.7664918503812668 0.8612802585824983 0.922284294616483 0.9469297635262077 0.9389974470495777 0.9058121602392378 0.8574285656816323 0.8042625593429045 0.7528867060384906 0.7048925565767211 0.6612027155409212 0.6260855802287889 0.603924882033709 0.5916169187175234 0.5775280214629844 0.551494067090214 0.515957437941697 0.48495428630202236 0.4711524088151379 0.4753094938875308 0.48954668168502924 0.5088293266198394 0.5350823923122682 0.5691858003630074 0.6034467234136899 0.6251952237883883 0.6244822385593771 0.5954312297642503 0.5363645121952615 0.4581612480710217 0.3911674749155608 0.3707993140872857 0.40702650531667967 0.47033246979454274 0.5114511375961996 0.49494342213874276 0.4194605787562126 0.3178716875425428 0.23866154715220192 0.2114008656685659 0.2213635978417721 0.22524666810071495 0.19441063421004212 0.1363405430606548 0.07724245368053514 0.03549029371047207 0.01329104190918797 0.004072196014236615 0.0010226869158630391 0.00021050940914613543 3.54407211460023e-05 0.11306889301370682 0.4254851515006711 0.6311655333675423 0.5021615317483341 0.24025109099036812 0.07235897821100046 0.5362359619588442 0.3828513054312952 1.668780214519718 0.42764678900634995

GTC>GTG
6.969887094276308 31.6050110612199 21.36818312844844 20.130798324613703 14.940290179373717 11.85627943034698 10.316014121496925 9.744707390545019 10.211082914325292 10.391975388553238 10.345924582705878 9.571885529088457 8.771975352157149 8.403702051918831 8.399660319071367 8.507958005670918 8.53193983574885 8.265218346089018 7.734851741884955 7.12707481352851 6.528950023526099 6.005952256884726 5.609706246822328 5.275829083101215 4.900532955788672 4.517071618158242 4.255999129881729 4.1748848754708305 4.250032529642468 4.4343844372799355 4.636916084441262 4.730467176150202 4.642481738556097 4.4178506566927815 4.177072631902639 4.0141002820862655 3.9234521427193423 3.810224666068299 3.5715866175520476 3.180679916846576 2.705669422346379 2.2627728236643065 1.9555611114838443 1.8437740610686393 1.9438098601190943 2.237890066187316 2.6760933842142296 3.178216338556326 3.650441068050532 4.01497728267666 4.232571003286691 4.303142430859517 4.251347652239469 4.113912157429805 3.934902619047363 3.7615512297101525 3.633849485996452 3.571459160210244 3.5668368053498853 3.5890669098649335 3.5960247185324143 3.549826811542041 3.4308843095914816 3.245671502179524 3.023623423513999 2.802909424976742 2.6122593287129425 2.460139469967505 2.338159499186884 2.235011142084935 2.149270741386474 2.0910473735317248 2.072049140748901 2.092622146205854 2.1358192224270134 2.172990427698173 2.1779313426913727 2.1417477041208333 2.0801539248505967 2.028952862475878 2.029850756982814 2.1132178853513217 2.2840146999473396 2.5144967275022205 2.7471794478479357 2.9120924682818603 2.9562327813001477 2.8706416953907476 2.6951440967139644 2.493782589125499 2.317141283749222 2.179295828230767 2.064827169716994 1.95565001522034 1.8516802264079335 1.7678933847942004 1.7142183563167401 1.6802916993676065 1.6405559345677683 1.5755239945842554 1.49085069854833 1.4170655290466547 1.3879164885405295 1.4143350177208116 1.4771666403699937 1.5446459703411293 1.5951727165997407 1.62259546896457 1.6261186453864491 1.6075706829517202 1.585310877038166 1.6034571845928522 1.7103267097207075 1.9131430572289838 2.153120030619535 2.3390022984827326 2.418046174002263 2.4121411396032286 2.3784207961492863 2.3403112003633626 2.2658358295909484 2.109651640703498 1.865205014460812 1.5750741996222826 1.3054876203562178 1.1172119919526446 1.0375124204248098 1.0437599859383477 1.090471558644545 1.1562729858274599 1.2446149831710704 1.3315183312417602 1.3442076279070714 1.2420330969898714 1.0790832165006723 0.9158924707742903 0.7688756766217395 0.6823125923584362 0.7387792507279224 0.9159701780825616 1.0039215239227137 0.8351688350825253 0.6437467301298905 0.9390555737064259 1.1175761572153025 0.747447027900197 0.7789618327328978 0.950988640197308 0.5122554240901015 1.6809541715734653 0.4421709744591741

GTG>GTC
14.349410547777193 65.3866632371643 40.826613867808796 26.68455814684003 21.909000897421652 21.652402567951423 19.64218700732429 15.691120157293488 15.632688673114506 17.558946474114883 19.433839622476377 19.924880198231175 18.924734213505506 17.270084616011193 16.144889662236075 15.693450561923834 15.693060825329649 15.927934966156233 16.079286239278797 15.854514268854814 15.120663668294497 13.909602370091694 12.487716359748674 11.147852339022878 10.030751264702317 9.172807375204643 8.631941875073935 8.437402272273612 8.537628677114208 8.861551208481691 9.315691052984834 9.71684611414656 9.83576535798928 9.553621289423882 8.966537438459495 8.32288879953081 7.845981471077357 7.608562404447632 7.551550391750555 7.580555825049295 7.635377953132109 7.699995825340993 7.778307080618696 7.868187092018161 7.950796486392367 7.994856599400744 7.968437416835261 7.855210465960111 7.672464508022411 7.474288789620294 7.3202249932177095 7.224639815093221 7.140714321759067 7.009642129594223 6.830032904331892 6.669012832043716 6.597135808747019 6.614604536296598 6.6451648789553515 6.601234215060753 6.455197238693916 6.254556486937645 6.076550760721139 5.967704936393901 5.915476733806332 5.864401182417807 5.75585672446664 5.562033709317983 5.296025900498725 4.9966536086533475 4.701449491577395 4.4292507064505395 4.185915235949008 3.9835376572905963 3.847720732449888 3.8006866015878122 3.8377644822334056 3.9245747583982205 4.0191751689836215 4.096108041503874 4.149961019157356 4.180979499381743 4.183593026606228 4.1515611926757785 4.09243323330485 4.0331149353554485 4.006810765613048 4.028741311604354 4.0787152666876265 4.106319444075558 4.060502295557954 3.926121454675987 3.7391601948208235 3.5642304382314953 3.449285469179526 3.3953273898005616 3.366588578028929 3.3276680155762124 3.2692453738850573 3.2009020274803923 3.1273904157443684 3.0389147925686535 2.924532428628362 2.791601369320233 2.672113392284003 2.6130637156619976 2.6596776700401876 2.8387967615063805 3.1465300649887005 3.5469724797224296 3.9849996142466986 4.4007615501814445 4.732974498640331 4.923537449113479 4.942126253806613 4.8130077441591 4.609480583780454 4.417598179301675 4.295280502629146 4.2440199020727025 4.214736756968771 4.156322031035988 4.057934795490173 3.9358296633214196 3.79747555469762 3.6342701566881077 3.427599364598808 3.17556250000557 2.9507745241828296 2.8965599182857753 3.12544515710257 3.593461508842731 4.05047213657654 4.189507325736426 3.9197083116955844 3.419335971237962 2.896550620088839 2.488641195517586 2.2589425357569954 2.0470740178098055 1.6128747003797508 1.2202016298162348 1.0335676219575127 0.9668107093688014 1.469807127559812 1.6190373389969517 1.3438698762832715 2.2680021087218263 2.020350267645152 3.061158016823735 0.6763231402564231

GTA>GTG
4.861797270230611 21.86858884949649 9.779764659245528 9.793160694278214 8.855962772148333 8.568795135161098 8.077360838512174 7.877698156318592 7.539964816685195 7.614480490290137 7.723818700776047 7.856286806072898 7.342155497859851 6.11769291885662 5.070483595760687 4.595946660627401 4.446555623307449 4.472718354180889 4.564553134614303 4.48428676017242 4.188108673919112 3.8150295006578823 3.6014758960162334 3.6134936446480688 3.6827070245613394 3.640466442071397 3.48949901982231 3.357329403330464 3.3646220390716577 3.511495175894142 3.6919984086159587 3.7954433337465168 3.7906899160081546 3.7225478967571393 3.6283362116591387 3.4818453469255557 3.2544028537660927 3.012358763791241 2.9252214501967275 3.1619622124266993 3.597099444105649 3.786180449939629 3.8063124683638154 3.9876416310985006 3.985905821852233 3.804384247540659 3.5043877413818176 3.1774470777393566 2.9086683520063534 2.750868585106237 2.7146875000357333 2.7697671511239124 2.859041164880619 2.928835027846396 2.957236310341246 2.95439817715129 2.937154724037768 2.909566653319826 2.8772827218845403 2.8889522414748807 2.9857004002044896 3.039657668047641 2.8902178135088823 2.667433234170102 2.5615550477743203 2.524711134689103 2.4777826798548563 2.4175972094524787 2.3549472351434853 2.3138636957808423 2.3163868080441583 2.36174992250449 2.4178724542188195 2.43563083547819 2.3781156439345086 2.244748660040258 2.074013516477478 1.9236167860774032 1.840710396243053 1.8394445841253084 1.8980513909250225 1.9761877595566004 2.040936572986442 2.0842007985685695 2.1204078933306736 2.1682017644381837 2.2318568333601614 2.2972753929274896 2.3443498793610966 2.3641519739506096 2.3673998071055022 2.3792581722584574 2.424547832509188 2.5107871163880806 2.6170875647628566 2.697191166250795 2.7003118287706993 2.6010730355379352 2.418775025269883 2.210393627036231 2.0412529153102468 1.9541147074188463 1.9550970578492781 2.018624303256366 2.1022512552975186 2.163108250710165 2.171732874787974 2.1200265402866965 2.0239570379637897 1.9268109761896302 1.8990055104413786 2.012980205156433 2.2877492662771965 2.646987514938761 2.9447560336511662 3.0504766733219704 2.9235940053777285 2.623799856052626 2.2668374036500345 1.9697235924721634 1.8106868484141656 1.8051885563100085 2.0682456200276538 2.3496952849899304 2.3442468481035053 2.14873550427621 1.9782431328807817 1.896706869974249 1.8295576473027235 1.6890186612526077 1.512781457201506 1.4191449844763449 1.4089810256987285 1.333360082355802 1.1805489076448132 1.1218388343040344 1.289089604938662 1.5777462075309725 1.7176879086210313 1.6770498247029204 2.003076055953482 2.3068405871104627 2.263659093675889 1.964498956239153 1.373935517636879 0.6823139983357367 1.3807436168765643 1.3049599478279688 4.25172171425158 3.645702259456999 0.6959848604431003

GTG>GTA
50.695143585239464 231.35053575924044 164.02837657515187 135.18898336397865 111.05976751055304 105.59831118909423 94.5237512426204 82.47380379710873 77.58614331562492 75.10219774953895 72.80994869709762 69.89296097739336 66.53654999701709 63.82506749861157 62.78013388407162 62.56772119516428 61.54338058830922 59.76660503657128 57.74659381224496 55.325163808921495 52.796207277236505 50.69454196459473 48.053960913378 46.98294838645352 46.597951279682306 46.59112742579397 46.558900230013684 46.188177083574324 45.36060670861214 44.11301591524327 42.639408406876846 41.293193838572094 40.390879428666594 39.94734339910594 39.6349465276263 39.00585438905215 37.783952084281594 36.0265575275281 34.074034796211926 32.340250378949 31.09473896207156 30.37625235882324 30.04844664814988 29.89757975978546 29.70202455599787 29.298511659541944 28.667444624696017 27.966725798152776 27.435680165413117 27.21775192097802 27.248691577831764 27.305931364419614 27.174596798257966 26.787127179588122 26.224423976175498 25.599369028337417 24.946051315517455 24.211055529150038 23.334736735964402 22.343069314740024 21.37872992320566 20.63795296456855 20.245915118402927 20.173419920326488 20.26438774835313 20.415727836471074 20.56283185660771 20.3414541286586 19.64161932260781 18.99627235478431 18.623634974847377 18.421588600927922 18.377275524679284 18.428032629675084 18.51074817035321 18.590455932463506 18.652488081565618 18.677125362332337 18.627203894610922 18.461244745688564 18.156180529009813 17.71150563112984 17.132000371592003 16.42410499106727 15.623314606309137 14.809386974227442 14.071299107347716 13.458223618742306 12.974160125619738 12.616830271796902 12.41049111874821 12.385943207692218 12.524729319329346 12.742828452151603 12.937861857234754 13.036470899676598 13.00400776888514 12.845399177893604 12.608988458730979 12.366341390661967 12.163331762746427 11.980735803650049 11.74439524854233 11.385515444151387 10.908295461044368 10.409787285873927 10.028527935610514 9.85630013645128 9.882146828026135 10.007956094387493 10.109736630409891 10.095391833132586 9.94093096436897 9.703613250001395 9.548794259630348 9.591614677491933 9.729255211454445 9.823766780568874 9.89201577729853 10.019514157547395 10.25939141477661 10.647108456357484 11.19137588213844 11.805473399138267 12.286336372947112 12.3942780091775 12.016287010529622 11.327054086265308 10.726748152231028 10.51147003435841 10.580241457486558 10.527024880405989 10.066501535053156 9.273206387043457 8.311514184373056 7.351660028962609 6.670604648613395 6.3826098836991525 6.35525029938819 6.548597956683695 6.426551681672906 5.538122070851565 4.441734178855544 4.378703587474576 4.8670779095209715 5.771723882747961 5.241981585870633 5.0961456337828395 6.119372776135049 11.974889406206314 2.865953877289228

TCT>TCC
4.7339437871176955 22.326834743398074 15.572435706897366 10.94661317205822 11.377670844467001 11.102077136193422 9.989351782282624 9.12409779850223 9.834771378928254 9.167490780144249 8.055362274248038 7.537315756139138 7.51008684476525 7.157726055737037 5.908210505326341 5.53264383037819 5.653491520783781 5.939045481946246 6.116289291521481 6.160948370722471 6.189294059000894 6.30723455376193 6.4646302815423695 6.4640679888295605 5.9913316613718335 5.217257855108205 4.961600264747454 4.833021318260494 4.692353621819393 4.458727792823879 4.198232803044698 4.030769910666447 3.9731134865926268 3.9153632926021493 3.7558593809565815 3.5156817451486684 3.300960466931576 3.1975164594079737 3.2149417476987097 3.2822349065521177 3.2902137243571308 3.1754290601274544 2.9678368904635195 2.7514243519070574 2.5862217411408293 2.46876541234174 2.3579553503657364 2.227981283619213 2.0930553594527783 1.9879440389807401 1.9357088466156385 1.938336838097288 1.9910306765308183 2.0949032477338303 2.2525049118679585 2.4546146188340976 2.6741429545182207 2.8722803057710315 3.011407125575838 3.0677306108967484 3.0390069783032563 2.944124695966044 2.813256079919588 2.672104963406885 2.5294569375717266 2.3777289227445833 2.2075164303597274 2.0247432705047923 1.8553349367691188 1.7323974307425924 1.6751118188866905 1.6742677183650425 1.6942713746055051 1.6915304860989075 1.6396237334507366 1.5463390493294544 1.450885238215662 1.4018988784475959 1.4301978552377568 1.5334171481954992 1.6800073598302112 1.8267008774658207 1.9378132654869225 1.9985536976893827 2.0201243320992175 2.0355061121490996 2.084415116977914 2.1903774235276066 2.341112492330401 2.4863129664167136 2.5582956530055725 2.5059104955477935 2.3223400858642766 2.0504421965129396 1.762629629457422 1.5270946850669505 1.3795510646962348 1.3152186874545422 1.302493917960239 1.3068134183809952 1.3093241283566863 1.3114667605894423 1.3272448384371311 1.37176136171862 1.4537842643029701 1.5739389037619034 1.7243938814223305 1.8859151260985791 2.024695261776924 2.0975586761937115 2.0702249410899025 1.9398751430098082 1.7447750780644355 1.5512433446971727 1.4245043320072512 1.4000610092964438 1.4707739368170885 1.5937494006164519 1.7078002494507671 1.7522969141702904 1.6915250380136833 1.5445601856387206 1.3890083024936892 1.3062748611325767 1.3065575606593678 1.323984885070553 1.299053230132467 1.25263901398477 1.2771900489840147 1.4550219343594597 1.7469391054368741 1.9806393092741033 2.0225955416961257 1.911831659039583 1.7887078626165696 1.6949621461596702 1.5460733872365096 1.3294927007002657 1.1982769863084863 1.105582998848608 0.9379511667940863 0.7317208271593441 0.6666235989860777 1.0201406789123582 2.113431571816321 2.3184588866073756 2.0488598114394305 1.7657958576662993 3.31906434815807 5.5101166063994444 1.1865169037334342

TCC>TCT
52.38221232945011 230.58186820787745 126.88369913563794 103.37039867082856 90.30723406698522 81.58544044481752 74.66244200176452 69.15301236397703 67.28519079451632 63.70694382187636 60.919300913454016 59.00504223151473 56.0466171467374 53.08973443866148 50.976355384582966 49.9485468468243 49.39316210679046 48.69820000490263 47.43955404689782 45.51607097630656 43.233713145285215 40.816790840805254 38.449534231506256 36.42174848974818 34.93690612163234 33.88922814269775 32.92969076305018 31.832034808758987 30.668787133707998 29.670344650391634 28.978535593830273 28.553954837006543 28.217963226639643 27.743500584249652 26.988021881837607 25.994975567381758 24.97188472665747 24.172987646983902 23.77821101686257 23.81372323735926 24.14171763063139 24.554483412183952 24.912181491190985 25.171039553512923 25.294399890284346 25.228585475149973 24.98289910073857 24.64604668700093 24.300955633095224 23.96966039409026 23.643738484486942 23.331205653775925 23.04239700109827 22.730033944589124 22.274454713403472 21.556891532056632 20.558734936553837 19.395592136647835 18.26030133746988 17.32540215712294 16.67578994892469 16.304382647143658 16.15013431506767 16.13603339485925 16.18552287144641 16.22635609060814 16.19749598009563 16.06015166414999 15.803667941237828 15.441436955475613 15.000977141986295 14.51543615137963 14.021001948407342 13.559325505535837 13.178390063765315 12.92356982297546 12.817215110021618 12.837138116978727 12.911230088674294 12.938736140478529 12.831990832706124 12.558071480644628 12.157181561153909 11.724640409308842 11.362404346123734 11.12594234329608 10.9989834840915 10.912388892358209 10.793467224390492 10.61232917021934 10.3975758935769 10.217167020481904 10.141277555662136 10.208245789930553 10.404737338723724 10.661882819793592 10.869739879132245 10.911603908525418 10.705933275508945 10.248014064518383 9.626789792018325 8.965354792419982 8.351401420281887 7.864530468313039 7.605981309557511 7.630606496647116 7.886957247809149 8.248333152139278 8.569683913470993 8.723032858091846 8.63589373116632 8.329629638349159 7.9134218508190415 7.529366875503525 7.296594749420004 7.2805786473560445 7.468179624501084 7.747146031948261 7.947244289010092 7.972318514581387 8.546031625240133 8.33630234810499 8.389094298673951 8.621461450049395 8.675454183681289 8.577160286694077 8.422731755248334 8.304898843620673 8.284962853682952 8.28733291735887 8.11951407132847 7.63366942920163 6.927258173047477 6.427912499019038 6.48114028310488 6.813093167604657 7.0235894643693975 6.964582661136267 6.571546100851541 5.990991328822168 5.203456273219266 4.06357702018269 3.6867620413809803 4.48065558334267 5.561701441880145 6.486018041078658 5.751485062273951 4.860410273602812 4.220741613585232 2.252817223096812 0.37874934687471107

TCT>TCA
4.507724095851209 19.930108583405417 11.809047153035754 8.105904342590911 6.36508960489574 4.527477471571121 3.567274462410873 3.85638029749039 4.957865606399805 6.068873881092136 6.419752130126734 6.582718516315817 6.931924846248222 6.834421950005065 5.960901231315183 4.7481503188341225 3.5681124824384596 2.741301893588151 2.5651169969978094 2.896802789493099 3.256663409387979 3.334754061195108 3.190220725804114 3.076215308630916 3.155616212666302 3.340768997734324 3.3844811333552847 3.1145244783193364 2.584871684828906 2.024052437037677 1.648249617446669 1.529396447361982 1.6186407600562969 1.8359838125041614 2.1103342164164425 2.3738352976394577 2.568869093112888 2.6728165186750883 2.7005283863636547 2.673001029656923 2.592043752723432 2.454723772675182 2.2846337930777003 2.1322486190999137 2.0380527099033734 1.999221580721284 1.9734419092788222 1.912990764671794 1.8012685651270108 1.67000577778413 1.5869653884527912 1.6179733271456045 1.7851848123740373 2.0496765477440406 2.330069209643583 2.5436361723812935 2.642774439959526 2.626287526570166 2.5257086436227407 2.384542805915234 2.24667744032294 2.1529812663416097 2.133850386525056 2.1937383031346966 2.3004178027132944 2.3949842005750703 2.4221065132363915 2.3603806698452803 2.230484588352087 2.0765931069247423 1.937196879561223 1.8270680149217844 1.73997251017631 1.6646117775875695 1.5997010391436892 1.5597366980953289 1.5657120455716382 1.6172945676352075 1.6719319419091014 1.6742741299454527 1.6129097493726663 1.5220372090862881 1.4271266857135456 1.3239792577276819 1.2151191965558235 1.1364980319292743 1.1390624226855228 1.2558900338969046 1.4848146528399566 1.7869062768138966 2.0949412549971616 2.331292677162854 2.4311710164385842 2.3619387592262338 2.1323126181668766 1.7910982321349096 1.415840280968629 1.0906432840636229 0.8767564218713896 0.7882848742708557 0.7888210553188243 0.8148940664175486 0.813291870090192 0.7681067526260561 0.7030531642999768 0.666533238861248 0.7138996143225876 0.8841984231149504 1.1630987922092215 1.4579951810489908 1.6336083112036717 1.6031156978969492 1.3957014291659242 1.1348732126311305 0.94999635018297 0.8968652343007676 0.940243419818847 0.9990280820604388 1.0146877819033626 0.9946350555424418 1.0067355725946157 1.125186728684633 1.3499168253701253 1.5706576735939832 1.6414024137262764 1.5131476626151188 1.2949060469044227 1.1748068244750822 1.255199589377472 1.4517338298600533 1.5717256768536765 1.493680823194091 1.26076545404542 1.0212245506623827 0.8974041828464482 0.8843411049401139 0.8921668374931908 0.8980832635137046 1.0518154579575023 1.3351589540338133 1.5590235336799003 1.5356920381216224 1.1782721754310632 0.6634762153241671 0.5190565711494498 0.4725108507056704 0.26643381054172893 0.08413841335890962 0.014743278273062247 0.7992110647488243 0.20217662329505412

TCA>TCT
5.7853241213618745 25.45104863571321 10.596805235337433 5.131885111865456 6.152065486191758 6.722783761002165 6.960512489365244 6.8270872267472225 6.351131980451505 5.751751502465469 5.375234412377941 4.96238563320071 4.575255914199417 4.24741592994343 4.009565566342093 3.785759015094331 3.696233030421839 3.6905152622896016 3.4447498418680604 3.9293274758681833 4.4260284445827045 4.766522241428085 4.879727918069114 4.7889437094055625 4.563461534963171 4.260049369916962 3.922418583607321 3.5998523627515286 3.374589652206338 3.345884284753076 3.5119031730449746 3.7307224278413753 3.849121012867636 3.798922955756318 3.604879678790537 3.356707491614736 3.1383977604530156 2.9767629130089714 2.843887540274869 2.69956581159264 2.532842903760052 2.370319689630842 2.25116601951409 2.1962340849271356 2.198443737699903 2.2369693354550004 2.295141762509053 2.3643764460818733 2.4364539137128096 2.4969641763442953 2.525634135913138 2.5018852886907577 2.4149668045746813 2.2760689281152793 2.1215682232965514 1.997394208572276 1.9315916195744864 1.9174251171553633 1.9221792283084784 1.9128515900807175 1.8754279910560199 1.8138741553089754 1.7357433744402369 1.6416875931381263 1.5289657253609095 1.4039879423536066 1.2901233524169737 1.221385799992755 1.2252819423236796 1.3068847268539494 1.4439049963092876 1.5938799917669406 1.708569822996841 1.74965215729699 1.7005109093242534 1.5700433237222997 1.3875326946773354 1.1920303384396205 1.0217090613665822 0.9063949616019362 0.862518955928096 0.8886672403580104 0.9633700898095037 1.0503814559338305 1.113847690667527 1.1363342959893055 1.1261877689711275 1.1067098769795007 1.0950032060867092 1.0882008155597216 1.0682162025184527 1.0190750929843986 0.9403509017852483 0.8460685903750937 0.753188001252872 0.6718510273688123 0.6046122554051598 0.5518407834679011 0.5161958010865147 0.5022509686891043 0.5122895486329709 0.5420017403719796 0.5802579959101842 0.6149777354520142 0.6416178119410356 0.6659268190968306 0.6960686898413605 0.7311604070172452 0.7602554583935437 0.7759695084174595 0.7891722170695931 0.8263686900882087 0.906256092248674 1.0133859406430845 1.0961691253816483 1.100922729204607 1.0194747887311821 0.9060006537238812 0.839503909620819 0.8632076133637575 0.9639770275405009 1.1092175396311537 1.2822528462489842 1.468428382151357 1.630136546430585 1.7221101491213646 1.7243884225097303 1.6653770065808484 1.6212272953706763 1.6556130890362375 1.7408511892400655 1.7647489366571802 1.624408872368282 1.334524779738657 1.0143541122928448 0.7436399860585897 0.596541980241673 0.6566959958508376 0.8822760448238897 1.03726153257205 1.00081110030073 0.8298974660816373 0.9618107106618631 1.2197154263976442 1.6500642100036753 1.3811139339491982 1.0480756244811396 1.0934259602267207 0.5606698024178633 0.9122806413309379 0.21499031961613718

TCT>TCG
1.449571888658075 6.954182379320759 6.485648275786968 7.846498087689399 5.298643877337951 3.2687664240625582 2.9085728059592566 3.0043240623052907 2.799706852630118 2.4011393042763247 2.0978403599762534 2.0105748232940144 2.163992816607157 2.3959490757958526 2.4993021049641024 2.311556740343874 1.9447954486517312 1.5242709074010787 1.19843952336433 1.0814126835458109 1.1439935595190878 1.2816508994455384 1.4223850349320228 1.5543407327653185 1.6869319360573254 1.8099079002169562 1.8855177877117733 1.8612049127326085 1.7059482234061711 1.456261056925558 1.1999910342785656 1.0004057521237328 0.8611652834493457 0.7636139934949683 0.7020589783485945 0.6774862805788181 0.6846203118147273 0.7176232991429973 0.7776086910839495 0.8650370439349451 0.9675029238075425 1.0616762685499195 1.1291186672689415 1.1681541669647513 1.190129497612017 1.2073293245260552 1.2264464637313404 1.250262469488773 1.2789844179179952 1.3067964552473943 1.3211568067626012 1.312950300646868 1.2911215933996183 1.284717043641428 1.3248221129816473 1.4194788442249946 1.5428311048476342 1.6473378462566075 1.6893000116406993 1.6502531896047659 1.5429216929061833 1.401752779154984 1.2657263413530524 1.1625459939506797 1.1004548059512895 1.0693187566945839 1.048333591117179 1.0157887747979353 0.9572739850043176 0.8706327228089006 0.7671080716970519 0.6687476669139957 0.6027531013450748 0.5936546888774094 0.6543293614102629 0.7783655052862584 0.9383701071142221 1.0937780109244384 1.2060356467134277 1.2532914726721993 1.23673846678851 1.1762694960311804 1.0990108112961559 1.0270859248755764 0.9704072882295401 0.9271005455918959 0.889824285865951 0.8534510429549439 0.8197874021235364 0.7970188246381875 0.7940474404768135 0.8129903254965154 0.8455852091601108 0.8774380710415732 0.8973055079589459 0.9032881083965276 0.900703635193628 0.895073989593121 0.8882463539268661 0.8808116377364517 0.8754357366037262 0.8740807402897547 0.8704878186484767 0.8478395699793122 0.7878890265317627 0.6847375339943911 0.5504192578341794 0.40839123459727006 0.28324731587096347 0.19593795210170992 0.16387909414667645 0.19729331420595111 0.288138668116815 0.4029472445669895 0.4967764320337987 0.5471633023427818 0.5779465034201534 0.6395215217058734 0.753162425775065 0.875935015606733 0.9327502670182635 0.8872043180960081 0.7725911508259282 0.652625692485068 0.5678417224572866 0.5307379836816281 0.5565835441176188 0.6649041397108614 0.8394631149792312 1.024638733275032 1.1798427932960236 1.2977305796112941 1.3842557772522512 1.4536040789286606 1.4883152049824748 1.4057070832876333 1.1814491870043164 0.9495026396513881 0.9349002167413254 1.0928414191609244 1.0802275319822585 0.87419342792157 0.8350480015712567 0.979179580880525 1.1352865903608107 0.9166608899498225 0.44946080528571003 0.1306143864296856 0.021909385708284254 0.001950896438803743 7.104141070202336e-05

TCG>TCT
15.19658987766555 68.22070450267543 40.387371850910384 33.25008275766667 25.27493712778073 23.91287431408028 20.834594428746986 16.757536756812662 14.455362258917416 14.784664393553019 15.559462741677885 15.028216251220325 14.26237372617155 13.690093972469969 12.886304050858543 11.751623681137655 10.672586903178864 9.878574429137977 9.51180140346101 9.313854658050039 9.236707631035577 9.0888118235524 8.74648767637056 8.307150555160828 7.89088014046181 7.500853194555002 7.145436082014516 6.895223858900376 6.751812652528661 6.603914714941135 6.35953440028632 6.038152106697995 5.729252855616734 5.50103188737129 5.337015984212733 5.162873573854924 4.940983361682846 4.7301938915718935 4.638726749581276 4.718836408749063 4.911420330948168 5.081809472103919 5.103435158501758 4.936777273308101 4.656506840752106 4.382552914882861 4.16906411799784 3.985872010272308 3.7957932206227447 3.602695766293456 3.4360271168278587 3.3278181373919242 3.3041490532864297 3.381103956136987 3.557743213569949 3.8088358798437962 4.087001064428549 4.337315882333215 4.516967213799342 4.609283956895192 4.624840839838318 4.588634555073655 4.520852449015524 4.424362107881978 4.287926613705957 4.102542507829555 3.8780540193489657 3.6456763761808983 3.4423770956857274 3.2890381871622996 3.1804975384069145 3.0940103432840136 3.0056520128351987 2.9001813235163585 2.7709492837967007 2.6175881416286573 2.448101864911106 2.282366553446329 2.148888647952568 2.0723081238695347 2.059194327723898 2.0932001364176505 2.143835757054767 2.1825926831358093 2.195499886920407 2.185565028108446 2.1665863149997873 2.1542685842350373 2.1594537519674937 2.184911981711577 2.225128544458497 2.268617449085061 2.3028284729075814 2.3203804203254585 2.3225818762374235 2.3167443296622907 2.3100447806680564 2.307381097596143 2.315107737785029 2.3424685816360054 2.393634888477692 2.457363007965679 2.5095354290749303 2.531566075787006 2.527252001606869 2.518092559420874 2.518281927591644 2.512926489289471 2.461979247632551 2.3282280857893287 2.1052484153274595 1.8240833077220688 1.5392123741177082 1.3063741156959316 1.1595062580546192 1.0936384162259862 1.0689700593255664 1.0427066347768714 1.0059347089225248 0.9885656795545612 1.0260219236480455 1.1325109536377371 1.3147371726919197 1.575531214393248 1.8587067021503059 2.0216767276302057 1.9356470231920162 1.6178868522154755 1.2196261852384802 0.8826120021711498 0.6413818347035974 0.48156939251562647 0.48537954311071174 0.7320765637282048 1.0772473731965746 1.2606655481636153 1.1983779957619187 1.0030555897514308 0.8439822016403536 0.7485744593506393 0.7234344533884561 0.6708275919616402 0.48093858760232844 0.4200195565117549 0.6686660812373864 1.0402970155103408 1.2095289315163658 0.7437681205716539 0.8932444219802903 0.33678664758040844 0.03521910736670763

TCC>TCA
18.757607042059384 82.8678076287883 48.614444245650716 44.22575811022658 37.04311102259841 30.788152416773816 31.894059362703153 32.412717121249216 31.445950812912496 28.568655844008756 25.340006149445166 22.519371928147397 20.460747209345485 19.406963019552354 18.76989933443986 18.63206886265942 18.852065588854707 18.955021733606806 18.588846924363132 17.825739094572146 17.21755110476646 17.291969584933717 17.62525593153203 16.73124462151834 16.188708150443063 15.593889781122453 15.133518320689355 14.86130468723586 14.719105186641556 14.584660104832494 14.354231382114154 14.014323542104206 13.621489474658153 13.223470516703395 12.801474449986316 12.283158123849912 11.667685671737134 11.107093824201236 10.727839499876307 10.473115612899317 10.2383103709697 9.973214927123069 9.660126973865438 9.339065271548627 9.089267415515472 8.962132692976498 8.942830605630935 8.982416354628702 9.046535764672688 9.122585765712408 9.191408564806077 9.209873925176586 9.130345111244667 8.93516145538234 8.649758455757164 8.32751237070701 8.027665438675882 7.8024070371558585 7.688985327074953 7.698537697492136 7.805579937220939 7.950682327695143 8.062631448986277 8.090583663245525 8.024912326950938 7.890800732147875 7.7214394969935345 7.536525084312464 7.342771927478585 7.1456541784769705 6.952008441728419 6.762441372812033 6.569812960151028 6.371873358199614 6.187215391095901 6.057369463031023 6.027637461869627 6.116138387210577 6.292696571963209 6.485032534519329 6.6097622879607405 6.657829908280981 6.6758782269314105 6.56111043960701 6.201624712532637 5.772181573417403 5.485968829859694 5.329364776740649 5.2069746659327265 5.073608389414634 4.916612707244093 4.725174700295848 4.488794539698388 4.217374737125257 3.9545679837414527 3.7619000161627483 3.6826138572906904 3.7125869979353565 3.7993493384738475 3.8701058864478775 3.8718674006212215 3.8009324539234437 3.7053488993792545 3.659489320085529 3.72728705507553 3.9349373208575185 4.260006863501206 4.633428807499828 4.957942313219846 5.144557951947827 5.143761349565876 4.947634879374463 4.58118368794129 4.1118632453325485 3.6563802384358306 3.3449153219608583 3.2576506379896513 3.3879843116050585 3.6547979438083122 3.9413356664925936 4.135644307638983 4.1664627855045975 4.031989704206297 3.8068835530816556 3.6083175063666912 3.5370899113629233 3.6463231866540777 3.9263364335372306 4.247007304344297 4.355503793644794 4.055251127724159 3.430908978808471 2.8036304649851402 2.4619600785681763 2.5079052448583967 2.814090656660672 3.149845522346697 3.3936771446410265 3.392834910986134 2.9739806188792555 2.4895420414877467 2.3744786899337442 2.477634289683274 2.5298375075183794 2.0418742975893296 2.06989652552671 2.4411515061781173 2.544790683361866 1.2653370095750776 1.853878003713898 0.43721435091306826

TCA>TCC
4.219665782654672 18.254308974138297 7.41471293866169 4.66128769933669 4.270252150764342 4.126183798819819 4.5519842548504155 4.434455798080046 4.091544063950716 4.38969021277393 4.8717751416593975 5.472879775306407 5.510090323548615 4.799244603071627 3.767844588713414 2.9778830646429024 2.7386018380679515 3.058072444145644 3.526106621162145 3.619382025356474 3.201041344304905 2.5696494027323644 2.0823756315483175 1.8691802644185471 1.846057769318539 1.9093840891153326 2.048904624620306 2.3011513468725315 2.647064127044029 2.972318080824274 3.1281992899512754 3.039882155706208 2.7671516384933157 2.458265831522767 2.2354735414067726 2.1203499503901835 2.0618320954348897 2.0156642205252884 1.982801919106511 1.984600152758444 2.0253023354779334 2.084723867206072 2.134393905359237 2.1500927428659784 2.112528640776656 2.0079114432534593 1.8370458196722148 1.6254276640902563 1.4199083339423213 1.2682511337217743 1.1942049627457747 1.1853372157310544 1.2010269031756808 1.1946671325043505 1.1369554985542765 1.0282211399897845 0.8948987822250576 0.7740770426826041 0.6952422087810227 0.6678997520516098 0.6799132560677908 0.7067288859888963 0.7270305475582488 0.7369620091115463 0.7550383170420658 0.8139640801956345 0.9418621727104941 1.1413164161656708 1.3778954645342951 1.587499666108919 1.7022077030632938 1.6816484849083513 1.5312542903983406 1.2965179380434277 1.038581689864066 0.8082151476089222 0.6334705424633802 0.5237151764752888 0.48048329090848785 0.5032072459235797 0.5858502577213542 0.710811948219608 0.8497801408180394 0.9743031826110798 1.0681646618862262 1.1303118908349012 1.1658839973112565 1.175337462152647 1.1538808287733577 1.1022026684323254 1.0369489851090075 0.9890662397919077 0.9895025043131984 1.0525749350124833 1.1681610405580602 1.306188579307636 1.4283030425500052 1.4989308608971643 1.4931024739905205 1.404602729646016 1.2548277992760568 1.0925185474526593 0.974844433653499 0.9378781011063189 0.9792906002678969 1.0667657328443694 1.1608815807866535 1.230197961004002 1.2513824728138596 1.2077113033417295 1.0976642477769603 0.9448615367991019 0.7920639512058905 0.6792671664998658 0.6255664950386568 0.6302557233444707 0.6867526658993196 0.7901581346336618 0.9290717713249452 1.0728476473416297 1.174834732907267 1.1975175394291797 1.1380630665719542 1.0265341907277312 0.8977666899146705 0.7690654378577103 0.6514015732294375 0.5756104615243813 0.5826952664730116 0.6735023161155484 0.7800680963715411 0.8057933318890766 0.7023987696715037 0.5207863879827865 0.3737522520560973 0.3169367541411192 0.2976613955662137 0.2456514808485687 0.2027349250056109 0.24131504311417315 0.3773750758884232 0.6292058307544907 0.9062974846121591 0.9239945778379964 0.8759290683392401 0.6737627763602333 1.0946221688422275 0.9373735831745422 0.35263244482836265 0.0593841484832449 0.0036744013853446753

TCC>TCG
10.83614461546966 48.89501937321594 29.987639831617884 21.470013532469203 20.155993587105968 21.44212591782931 22.76151697214032 21.199935160719992 19.113688749405757 18.038351694116653 16.792687100759647 14.979125568729893 13.162455386483527 12.00249227673024 11.208413415948481 10.847305463072999 10.798330198532776 10.778218088138486 10.642051120119966 10.463441913601597 10.437330519394662 10.586200178232541 10.739960798417178 10.785183650858938 10.815833088367318 10.93284207712878 11.038997893183877 10.933434038890734 10.566496143087624 10.092684235957861 9.657686469895669 9.247304516975873 8.77751383120883 8.235999344154536 7.685749084414436 7.1870866666815285 6.768912245431599 6.453047607104226 6.260821671248987 6.189592031705424 6.2063658132399135 6.273889741988867 6.3708225892732635 6.480828808966011 6.574116461872518 6.612754924332484 6.577147040639512 6.485102938896553 6.3815182700198525 6.302762032355826 6.241704888215429 6.141642916074854 5.928851083555897 5.564752261927396 5.079956427427462 4.563150090413855 4.11372686389764 3.7953149240471986 3.620814152902008 3.5689582352664297 3.610879014795212 3.7279868926517685 3.9163686557779442 4.180733701665548 4.522044170023139 4.924531053981702 5.349225353038031 5.737757239432054 6.024564821433761 6.153515569942666 6.095039599392811 5.858146239019731 5.490703321934542 5.066133957868873 4.662588216356099 4.343902011978746 4.148308244201251 4.086033156580231 4.1440154094591986 4.29375874130911 4.496905234351605 4.705896986205741 4.863916704817372 4.912322688275434 4.80897474793767 4.549853879635522 4.178950647166088 3.775914200723031 3.4264035622370206 3.1944163629332305 3.1143930231269947 3.198810700898352 3.4348764011394812 3.7634137076616927 4.081832861013985 4.299841496395315 4.39565979171613 4.406428721266809 4.372436977109464 4.304085056094706 4.193458280734135 4.038308933052723 3.8496652305187493 3.646662675833186 3.4562640039636894 3.319895240718238 3.289441772956418 3.4015049863379447 3.6458959803178757 3.958338455500568 4.546204580538191 4.880992980630278 4.7750561973929 4.61373964681252 4.5219771673755735 4.4374083961107225 4.34747582710825 4.280633264819686 4.252792938671342 4.235384491080306 4.174112538151897 4.0488220293750015 3.8988214714035716 3.77289922661398 3.677454556326764 3.6084848568484205 3.6034571567457307 3.683273478601093 3.750007357611024 3.642618144306331 3.329428183985497 2.9590374495959546 2.659034477046623 2.383983509745168 2.0582235443238126 1.8157583606294252 1.8968642493062426 2.3218361119222624 2.7022542525041424 2.691882727480632 2.2668312171549503 1.8069257508726906 1.8645378604952156 2.106370078022106 1.7514159616047855 1.6228550470948497 1.5278615454842528 1.3873514863232344 2.537313774344171 3.504902459658434 0.7809044405384812

TCG>TCC
11.614256084574274 51.141535650734255 28.19399863423728 20.094965269542556 16.9908106515167 16.47418342463603 13.14659104421729 11.986067746950585 10.747964287973605 10.860179298675515 11.159855024980198 11.929149005531322 12.474712876363883 13.15191634072106 12.911093769148787 11.988632225512442 11.105343451814381 10.597398549563623 10.214059323445404 9.540247807129829 8.476760380489035 7.379845678081995 7.63038369462982 6.318311291766588 6.323219347684465 6.467964375617312 6.6338132492372575 6.758395140225003 6.777242763493451 6.626734959726353 6.312915822563697 5.910908676417982 5.497395483767046 5.147151543389413 4.964851956119968 5.044550467492408 5.394358517520665 5.90892283293411 6.409066866727736 6.718861035394953 6.729400959984819 6.426151942836961 5.881400169039129 5.222357316783882 4.586965445786503 4.079426445357737 3.7405635998499713 3.5473210405805293 3.440359231168118 3.359816499875909 3.2683695265109107 3.156639375362421 3.0381699446579735 2.939420872972803 2.884686769804328 2.8790625305474107 2.9005490481615124 2.9107672447205086 2.879718235140572 2.807515115852126 2.727187007733752 2.6852413963581063 2.7114788677640806 2.7984691326385542 2.906414492726337 2.9897028345865166 3.0226236876310275 3.004184811294182 2.9447993063820297 2.8548231706932152 2.746774449930086 2.6415242636154552 2.5620900595777707 2.515486398850395 2.4819192638164576 2.426848281884034 2.3277359321862146 2.1907570364968008 2.042655202159493 1.9080253376701457 1.7946922080784684 1.6979224741320906 1.6141232013753788 1.5487640378810825 1.5142269597411913 1.5248254650964768 1.5950564118911779 1.737672125008092 1.9546471710673416 2.2227476168220512 2.4869350212599795 2.674357178155392 2.7255634774441364 2.6223716129892654 2.3926040635714956 2.091577843757445 1.7781010537150903 1.5011530921861835 1.2979596258075359 1.1929082844553132 1.1896160283453232 1.2618200109632225 1.3582349017327118 1.4273728995945876 1.446795317448991 1.433293271789512 1.4267214973387636 1.4616346373337437 1.5470343294477467 1.665165357530746 1.785833762903996 1.8818940020331798 1.9337141888546145 1.9283147489203445 1.8677205032374513 1.7785334843446183 1.696974355910316 1.633140598762676 1.5562254294091522 1.4256857610469114 1.2377532285935133 1.0363284470873342 0.8839082976834645 0.8368119816012298 0.9374037361780311 1.18014263908266 1.4656497562988198 1.6374600867305316 1.6026020932268974 1.4170511790608862 1.2377935213617595 1.1676156913412448 1.1797232866962493 1.2040823695217295 1.2077451050337888 1.1667685238218717 1.1379891728733418 1.1486964731917113 1.0512766090006302 0.7600533712124538 0.4989464649168979 0.5330612744641587 0.651124778874092 0.5415160320947864 0.8375904596481255 0.9030882125973284 0.4970971063297947 0.14819447360604496 0.024414077668702447 0.0020885097724829362 7.222950857918348e-05

TCA>TCG
5.3630303440455895 24.68276226697838 18.06062340923196 14.065069674146434 12.300703415147323 9.982567839655177 10.136045381375014 10.157764288789823 9.141311459715553 7.846103928740084 6.763697721060641 6.662719895845996 7.136952274667147 7.187678201910822 6.812156502972849 6.568991906891879 6.60010725761528 6.643683408535996 6.46842865684589 6.061573357182756 5.567749355525081 5.178143050066435 4.995309723347461 4.965321638034977 4.989636435169217 5.068233755588431 5.2557172415414595 5.4998054367028235 5.644077155767529 5.588617988412051 5.352981478334029 5.020358748939869 4.681805916132837 4.402521732146432 4.196672295302157 4.024309063311132 3.833330905067505 3.613293264265257 3.405768831180151 3.2691856333085303 3.2416234127342984 3.327031911373104 3.497637411345469 3.7049150297130407 3.8988576141002875 4.046878605288928 4.139211283254238 4.179560831761863 4.171708097579321 4.112141790950249 3.9920554487601105 3.80795498365329 3.576413442901264 3.3417331562649606 3.1644616958903913 3.093000761513604 3.1378504586700333 3.267097945967564 3.4234231794145438 3.5486759692755885 3.603414216738317 3.576421070261021 3.483009765342799 3.353239848788147 3.2162181160102925 3.0898519682932917 2.9812915317666455 2.894580134139246 2.8341331976753983 2.793582740351552 2.7414371912775723 2.63651393271156 2.4727442596496925 2.295124336252995 2.1563023662991934 2.069278146040194 2.012118237515408 1.9650538865987621 1.933779921987171 1.944906116363643 2.0239923274681177 2.1714716826505978 2.3521319202748243 2.5073671221817477 2.584871816132829 2.567983232306774 2.486137951025954 2.399607390656675 2.367799616955478 2.4197948720168143 2.542437678953047 2.6893352890132913 2.8032471200169415 2.8404932558208866 2.787816310102949 2.6660961055664862 2.5203896679245132 2.4015754909350604 2.3483318499585164 2.3756460038675007 2.4700329719938687 2.590626072353718 2.680755325913474 2.693818755693305 2.62226590217325 2.506162801729658 2.409396701764984 2.3783710748736278 2.412153082796854 2.464796464310475 2.4795667950525058 2.431042780923006 2.341048010802629 2.256057573316889 2.2094305959446583 2.198589097480767 2.184825895344059 2.11198495817003 1.9419880706411035 1.6900743548658181 1.4271030141063938 1.2406447329322217 1.1874677941666094 1.2724883086716214 1.4611434413909823 1.7054635944950713 1.9547610254529582 2.1573375768158605 2.280542275347525 2.329637824400697 2.3217420311441814 2.2534214843794214 2.116940710690117 1.9275517919823706 1.7037167201284225 1.4291178411836605 1.1859634221805204 1.1512347193168608 1.2564639375124051 1.1971575529861007 0.8690239248463902 0.6041504701703639 0.49937052442527263 0.9865129427238027 2.506262515391913 2.856910878898883 2.027938135726423 1.432051067242982 2.7018354152633104 4.187462332473368 0.9190231496066115

TCG>TCA
36.95694247467203 167.52765349342135 106.3238411476167 84.4902667156472 77.44127823054264 68.69640290736231 59.31028954385167 53.777281802842296 49.78509446235503 45.187014042101715 43.993303555195645 43.78377933750293 42.146265527856514 40.00284768830849 38.0219301980452 36.13080443073041 34.304461933339184 32.48460512025421 30.307601859250596 28.145971400403813 26.171603411638422 24.893150489700677 24.578636756954303 25.174835158013575 26.31101833998401 27.44290148328211 28.118667876000295 28.11126202815364 27.369475239586162 26.017333375045954 24.3532446857858 22.707090255961084 21.41545382078404 20.754955203260675 20.74097179574876 21.234704271079565 21.902400504416264 22.076189413080495 21.54589188812162 20.685049501287427 19.338009056374613 17.907668175605114 16.680684877502298 15.806179933012817 15.324951463725558 15.08942791916845 14.886720097797523 14.632376855613549 14.393274748009254 14.235624890183967 14.171102116025429 14.203867147501033 14.320977272372536 14.473484466775055 14.588828505373355 14.591537796197485 14.440232624225054 14.162566002039698 13.851976492088037 13.616670554291387 13.514808377147775 13.522189920000363 13.552810312082284 13.515291135129157 13.364988765159575 13.117214244020403 12.819610513070423 12.514303713361056 12.221814416674974 11.950988407510616 11.714701224763997 11.52998048653599 11.39755102972072 11.281151495636081 11.12198522018347 10.890624346727336 10.619700289737002 10.370296717400707 10.166890298875654 9.970934691765729 9.712282946146338 9.345577800615972 8.892441108646024 8.44463476410986 8.122871585120722 8.010558523348037 8.10036884615568 8.290902342563495 8.443864214429118 8.467073532698038 8.361484834598143 8.197037887478045 8.043827021041203 7.920532680878547 7.799067152291744 7.695879906500506 7.665578667358624 7.643575821313251 7.523980490107619 7.340395094960437 7.155612008157969 6.931209861557082 6.620722932302303 6.281278166279632 6.061446196232383 6.109656314385933 6.473564186027889 7.0542357951034305 7.65198048821534 8.0739856589757 8.22730174599371 8.141605485696534 7.927559105824686 7.716172415036048 7.612245894208604 7.659877001922661 7.811793662687652 7.92489963372093 7.820858631317568 7.40131528450745 6.728610316888252 5.983031972874784 5.320400806756841 4.779418895892348 4.335718813340309 4.003016471758369 3.8300573260940105 3.794747738859755 3.7567004604437737 3.571605998190413 3.2308276351956096 2.8628119314404894 2.6855631208298876 2.8783947835253416 3.4426764703846713 4.167357897733574 4.819371416051892 5.222684345815223 5.170117026795507 4.73481889911197 4.450355553762783 4.276630224377596 3.51568088385195 2.538044331864083 2.154935559453108 2.0383124390300065 2.4771056401506915 2.691541578846583 1.914695737436748 3.7509164667605854 0.8981255993977021

AGT>AGC
11.836140171855698 51.81742908277018 30.87306458655771 24.36029639819503 16.884943258240465 15.58055338862489 18.00692499355565 19.019190883885678 20.207017353878594 20.927670638361963 19.83712188354972 17.902952372746142 15.909378554487429 14.89885791481611 14.086326934789282 12.905121280162467 11.58656976147829 10.622639939151124 10.19309343913562 10.343268440644678 10.816021795469323 11.36331039033276 11.585250017514896 11.244242958763994 10.509226295894852 9.719643127558983 9.066222262690312 8.606228226234995 8.384429907694539 8.349010154145331 8.283937757063882 8.027229671420741 7.639757335607566 7.277463670918685 7.0698249011962995 7.044659993022863 7.141159304474662 7.272584459336944 7.372639676813783 7.392637700787357 7.285066180509711 7.03000130726737 6.687829953643471 6.396067415101106 6.281475613908053 6.3667499117050355 6.563728469305256 6.7490762141995875 6.841458522721705 6.821142543646294 6.701947352831884 6.498899716275449 6.218122476459404 5.8654934224048585 5.4575866223184315 5.024316841123101 4.6040674417336795 4.237443261664674 3.9629374686437417 3.811496905640874 3.7958044731563914 3.898772723457552 4.074136600818888 4.264475887154268 4.4234125230593415 4.523735486795719 4.550979602824953 4.499693302808246 4.382755349371773 4.241032437121362 4.132637492184032 4.100990331504672 4.145876705513743 4.221877605476136 4.264844403532969 4.226884148460155 4.1167184429248636 4.006765954811339 3.9017981503184846 3.661999052166698 3.24253598179191 2.8262507671956367 2.5727681412282633 2.4736524276927834 2.4678108233520306 2.525665013576171 2.6446469620033235 2.825040721620797 3.0419878315985374 3.2346777593739544 3.332611641666062 3.301225231368475 3.1635058335993866 2.977873763182211 2.7983628455912894 2.6550985983388413 2.5638954902174254 2.542996917868067 2.6127040596337103 2.775528143049986 2.996416351384305 3.2154586077751124 3.3833189164574065 3.4540081179244457 3.3681513604871727 3.1190646051975195 2.815802076134603 2.6186308573793466 2.6271552347327174 2.845594785587706 3.2094752643752265 3.6106671672235393 3.918070227864241 4.020652645296838 3.882734306288076 3.561207054424397 3.1581725168402777 2.75321786686543 2.3853274515620075 2.093527571049339 1.9439145046445816 1.9779924518538163 2.1383916306912147 2.296936462616274 2.380731263174238 2.445669763502695 2.6155425458988932 2.960700772572182 3.426673835598993 3.84659344248938 4.0126544029594875 3.787276630687451 3.2597552906431804 2.7235521237048905 2.350196326381808 2.118471420348265 2.064913112600308 2.1823511619266465 2.334285071047722 2.312420599277189 2.2979334937837863 2.4194164315036426 2.359966355564015 2.5781835781207696 2.459550278222028 1.8731396783516148 1.8013644980459746 1.6588559987182887 1.421119712653144 2.884525887265884 0.6472901379583058

AGC>AGT
40.31052466865323 188.14390314936796 133.46210307595885 98.43751890011261 80.2350174853172 71.61653693688073 66.2401891340981 62.69299664851474 59.523385879040376 56.91893554176912 53.959739845054415 51.500371553236896 48.21935456630927 46.160360341222784 44.857805023369615 43.354716342808615 41.09813520582764 38.26036469178362 35.5272088176574 33.88718924404751 33.10801716064592 32.839719830766875 32.66192799688537 32.577523606491255 32.79650372420317 33.15662153423772 33.1080695302244 32.26019055852248 30.721007199945262 28.918518125508495 27.31346443201406 26.260638514839705 25.924145121572103 26.21251531019153 26.77487997070864 27.12944412324865 26.94070847367216 26.2250536939941 25.269579584385564 24.392154306606287 23.769594663532075 23.408783182519773 23.21343668566696 23.058777141569063 22.847417138490886 22.551991358184274 22.21830922743171 21.90716831295067 21.622754882532764 21.305825436795196 20.90219306855506 20.431795583863224 19.980706210179903 19.61805249413063 19.319503495490537 18.980022038184785 18.51434661092661 17.952148977551204 17.430548490017348 17.08310563343895 16.932573375721592 16.89813941943415 16.90438764099732 16.965065043356784 17.154423509757695 17.510600518039034 17.972571007995803 18.402919626266534 18.667080185639005 18.69495213476976 18.48520116469424 18.079573167459518 17.542938892087957 16.947166841701875 16.34731342176778 15.761018277648128 15.17254631244249 14.564773770706479 13.954839368273047 13.402973219795797 12.987147271092716 12.76155910332793 12.722441845866442 12.800799700144958 12.892691951434896 12.90951374647547 12.807781391957295 12.582967114287493 12.253391681580437 11.854821663546177 11.434512621863998 11.034378856233015 10.676857595173361 10.367498773378623 10.1070898306317 9.89741146775709 9.736603897446933 9.613617242940936 10.168717727700187 9.777479463266294 9.404271128281085 9.489038338455154 9.748651298839311 10.19039455894168 10.729874698855474 11.199768954879666 11.409840590415419 11.231098931918755 10.65779566036544 9.810067955273759 8.879449716173186 8.058256239720219 7.493006561545438 7.265465796133891 7.379368180463261 7.750239014517219 8.226998823399754 8.65116428242233 8.905812036828337 8.923800164975336 9.69506929235722 8.307584630533468 7.940270635599338 7.735654288277099 7.694640873652745 7.71297639702817 7.635195946637193 7.29765989256776 6.685734166337228 6.048082264770368 5.707632186779976 5.760992432032451 6.042463109043736 6.2746282827605055 6.231679534818043 5.9319147694844325 5.560870539639368 5.338558358321621 5.46046249541974 5.814292457155138 6.033605076975058 6.339936896576569 6.651218197647215 6.198262588145947 5.8889207873037686 6.460100814005826 7.978483322924086 8.375534240654643 4.64467758799748 3.547144793253851 0.7395298825282521

CCT>CCC
6.975715985202998 32.332538409460646 23.476866810996977 18.990788207145386 15.932600416427608 11.469182253756717 10.048540200867741 9.851191569747373 9.490352204516643 9.586299462238498 9.26399867445642 8.230022538646658 6.926599585722104 6.282586196665943 6.518213996946332 7.222188670153297 7.749141153042584 7.56296280896797 6.821057216864841 6.455786101366878 6.33240824106109 6.434426296218374 6.543335090398259 6.51746883680933 6.370792610336922 6.080781605025026 5.668195756931205 5.266961644052759 4.993591188837398 4.8505092767392775 4.792516583878378 4.7644476203475605 4.664029171042381 4.396455044561228 4.007530238393708 3.676473317909593 3.5446098476443795 3.607575663400119 3.753111700626242 3.8657331142012055 3.9043450538843034 3.9073489738652443 3.940310455171291 4.031865935051067 4.145904509311222 4.208124760189563 4.158036633303102 3.9806727417835326 3.7022022780524186 3.3689880092842612 3.0316801548455037 2.7370946989418727 2.5219953221068407 2.4075402092715397 2.396350352928683 2.4733338837056422 2.6114167683336844 2.781296843479295 2.9589116352458285 3.125174969121154 3.2618267196445956 3.3468877241938033 3.344622915648657 3.205686782222482 2.9131360814018414 2.5394948056485394 2.2162292410311557 2.029883747558281 1.9751092041875944 1.9976210374770438 2.0449288103782712 2.084122644140557 2.105626957726964 2.124743691265167 2.1761726409954223 2.294451712522604 2.4833373537407257 2.697881777498843 2.864481326591665 2.9287560487986033 2.8916398216326415 2.799770905002362 2.6864260131958635 2.5281414547157097 2.2951083629784867 2.026116884285215 1.7988804923251958 1.6462677608868101 1.5473209781574855 1.4788225415498508 1.4428811490123392 1.4550176773416612 1.5237108037316018 1.6408297516336228 1.7839668714319319 1.9245804381874636 2.0369010224051225 2.105411402739072 2.1280060377844983 2.111393861426248 2.0609414250762783 1.9729581950358668 1.8359070839998874 1.643096389421796 1.4124816181457645 1.1946086266564617 1.0496750340820542 1.0083881138573625 1.059363481182282 1.1766706875389816 1.347062263258926 1.5619613028254664 1.7974636910644135 2.018864549961124 2.2005226789934946 2.3322471108736296 2.409831033886074 2.4262779453741725 2.3773452640306765 2.2809337362873303 2.182558976345514 2.1178880723267826 2.0663468674301164 1.972820128889274 1.830937391644113 1.7146955176261944 1.6995631502551405 1.7627997118702805 1.7995975114142373 1.7410849128609895 1.5990616775612756 1.4115540891488492 1.2445955178119843 1.1856431953836184 1.2108142983935903 1.1910585201130148 1.0558657061651786 0.8647658702780147 0.7023713584941154 0.6913849440840167 0.9038858786472233 1.3248647404078546 1.494437604925394 1.112264703464467 0.7848296781100627 0.9142624344865709 1.0856729269260503 1.7238220083085458 1.6270862043876657 2.1732554322885553 0.4472357858191731

CCC>CCT
43.55074883974051 193.80614848835353 117.67192555965319 88.51174470331095 73.65120133799579 64.66410360336057 55.415191036951605 49.845704594203625 48.28290212160793 46.34165406538419 45.02073650048935 43.99125691885642 41.8105761055415 39.89428076160609 38.74968538083102 37.47298750329124 35.95206175322685 34.443834669960715 33.32233535694565 32.421211419150936 31.15873351935878 29.419722811369947 27.619484019281398 25.91106964457072 24.62272509806289 23.877457333268215 23.69130991409125 24.076308585655838 24.736157792405102 25.103658243083178 24.87403392871304 24.178454645253606 23.48802494497494 23.103080220253798 22.859616462531218 22.41313549360884 21.64555260791373 20.778386474449388 20.184427139914376 20.081492658239164 20.38788483440471 20.814684318611267 21.04976265093944 20.883132927896845 20.264770082608045 19.330919332486584 18.34859130576577 17.55004248118982 16.998477316212824 16.616095148428514 16.292983778976346 15.954381631942693 15.58671492886534 15.232093252052465 14.928932261082904 14.646662320640074 14.302321050247462 13.849619847480785 13.34186506026956 12.911932273130319 12.6898071269761 12.711201104792373 12.884697689458193 13.055227914395832 13.111422577057265 13.034474064310256 12.856730552894605 12.597911512050707 12.246680842809566 11.783499001378006 11.205821394541543 10.539136295537634 9.841916559886743 9.207000216816525 8.74602286583005 8.550445954716583 8.648400731107396 8.9863979618512 9.44820030968843 9.900987957563148 10.245380622768643 10.44214990321989 10.501237563269123 10.446866132393605 10.29131955810773 10.037727578314103 9.702106679962798 9.329346382098842 8.988383401012035 8.756453086958722 8.710459745418452 8.902924515082466 9.296122227456607 9.735775922590168 10.046282309873607 10.141681612978616 10.020356161004903 10.351415506861025 9.571837824451203 8.651960791293789 8.113459572150939 7.716017385912232 7.50803102919548 7.455553227464226 7.472373746357565 7.4794537666528775 7.448737499702292 7.399684312167496 7.361165271631095 7.340181951319619 7.3219882132348815 7.28750736018336 7.220255285352817 7.099565995221742 6.901665540260515 6.617513712098859 6.268914785619011 5.9070896527666275 5.599666691351109 5.410775637953985 5.36783285982915 5.433148430264154 5.524260304185711 5.577777363594563 5.580380477838066 5.541783319094686 5.502166058369683 5.575160978374315 5.851455264425473 6.191489662390623 6.246312288096556 5.774660709841931 4.914184039284929 4.136264875987093 3.907654197757538 4.496813907752458 5.724612573787253 6.649774813967101 6.622606317138227 6.0419961786928775 5.583049030805311 5.0926658913158604 3.948154573946896 2.4975386448317467 2.368298338728009 3.040575544283037 4.332276836300392 5.65425863446125 5.513015854533545 5.165848634310768 1.0636235397426652

CCT>CCA
6.6602247306871565 29.731245509170897 15.901567727877161 15.486189307255456 13.415467855824728 10.454951423621868 6.297962749845633 6.475060324267593 7.761969740063771 8.28415661506857 8.432367915544852 7.884457950464117 7.205883514060083 7.066479364278256 7.399060905597044 7.547421011317056 7.088545236783307 6.294375288398273 5.7470718225631225 5.669350929448818 5.858310062354379 6.047018167768194 6.0903616960110645 5.939174398641138 5.704950958107797 5.517528980823563 5.302252222201613 4.9739889642932855 4.616219185778791 4.3854427649732415 4.335173784976438 4.422677267660712 4.621854211298828 4.933013889028099 5.269963340757648 5.446752103279001 5.4429714771557745 5.476627241875473 5.580470581074344 5.589223619103022 5.463760917236256 5.202567436684895 4.861878969644868 4.544690623325571 4.344903361158637 4.276968816671422 4.262322794540799 4.20248832296341 4.066557508815102 3.896296817961958 3.7370979600391823 3.5916595877887363 3.4448391399902856 3.310770812658078 3.2375452677387133 3.2661574885473206 3.392026745454897 3.5631713788587938 3.7042342603662317 3.7444068340491707 3.641838131801907 3.400349852065934 3.0712434711775063 2.737427043658786 2.48481082567113 2.37158024296777 2.407661393238411 2.55294560180161 2.734764244465613 2.876673144116144 2.9259824825096885 2.8688328550496456 2.728423080204149 2.5509660419163724 2.3895289489856633 2.293241056795214 2.3002136389241206 2.427095429715716 2.6550814164197245 2.9251340456194765 3.156386488477495 3.283879715587062 3.2913927384949475 3.2152857012493135 3.1176373101956525 3.0493872865593 3.026810709782011 3.0300634165907163 3.0179058151581057 2.948584135245814 2.799310732027737 2.578142628424955 2.322541335109765 2.0837737045226348 1.904858508189904 1.8042377789365296 1.7733877274755407 1.7882842589794439 1.828087271629119 1.8915362403304687 2.0016605469326527 2.192704430110703 2.481413417262363 2.8381043490351185 3.182704574226515 3.4207823161917323 3.5371290315772623 3.5973051434426617 3.6104803368216296 3.535779036012953 3.404543164162674 3.2928365026088455 3.2313449400402487 3.211398184154289 3.2164527663824525 3.213909411038506 3.1557841961056825 3.0184215186883248 2.834882687437305 2.6680034306820457 2.5482855697775184 2.4567864444148855 2.3702433879788654 2.2921177879940617 2.2371247117463655 2.2289894474944045 2.3148265071014693 2.5216118835125134 2.7798666986842853 2.9483502206762147 2.9489765188297237 2.8276136060848764 2.6596116054590015 2.4656079766764636 2.254968277870675 2.0414442864455444 1.7704775755430138 1.5071423913800428 1.6050449021955404 2.088416665008349 2.7208793306415253 3.163370603870402 3.0722706471107277 2.829263249006617 1.8611487007724006 1.4353287169648714 1.8953229430424166 2.3065215588841506 2.478274978181084 1.6802551454665393 0.3168013444059167

CCA>CCT
6.9108876105219545 32.26173865917277 21.873330925593667 13.082126512880956 10.70308802002002 9.945888517624482 9.350409369638726 10.032505324308504 10.299922536855753 9.87162905017989 8.708184069757793 7.793129788878059 7.543384488211507 8.056853351757914 8.480552488232583 8.205114123156148 8.07358903996415 8.245816101432515 8.59418162841276 8.658289507743701 8.300231378271619 7.68891775686507 7.071500920231044 6.599571788078423 6.260050724901789 5.90119861741067 5.387808566322129 4.730763398948497 4.071090759038309 3.569835209946395 3.3136370711217182 3.2760914418167917 3.3245593448984407 3.3108833151263077 3.2339221475267084 3.260199663484874 3.500405845592465 3.8655065991660265 4.183572996200687 4.321337699638441 4.225879048726622 3.945277591009036 3.589303833094601 3.2689824081619334 3.0532968590039333 2.956133477643288 2.9470045580204864 2.974964278937634 2.9952944885176893 2.98695041574251 2.9522333046044027 2.901925495101458 2.839683858301063 2.757947932043849 2.6456030656976255 2.4977847028747964 2.3202265590280673 2.130055269097258 1.9580655481432716 1.8492191546715737 1.8511474010132385 1.9887243205984846 2.2400166744804872 2.534538561488585 2.7801898422972626 2.9041146135074287 2.8835263040304895 2.7502525212896933 2.5690942321636285 2.4043255564460067 2.293592745176396 2.241752934030248 2.232958314155585 2.2474764525505657 2.26936662775456 2.282270512920925 2.2632394441619077 2.1868244062801696 2.04093669719624 1.8424107008914548 1.6374440796134961 1.483185293777839 1.4208503423117678 1.4555893455014914 1.5530773880682802 1.6548972046613961 1.7071634199778656 1.6879524917649882 1.6149786262109422 1.526468177914322 1.4505927811545845 1.3893916553773484 1.3287726217188176 1.261543552373485 1.2002450201283346 1.1691296818112156 1.185795822923237 1.250590185201298 1.3492638862884598 1.4597711850752182 1.5563940217913053 1.6153730235783519 1.6258710664031524 1.5993273530289132 1.5665171973367915 1.5606831508685315 1.5969063487440045 1.6624070078141087 1.7258979151592557 1.7589720090626615 1.7510352154569333 1.7056207322755508 1.6262373604516231 1.5106582737149117 1.3592407684180141 1.1840508287003406 1.0083635349185938 0.8611064843435156 0.7696757480387757 0.7467080396038516 0.7786220667497723 0.8352207990601233 0.8937575367945529 0.9433240638748388 0.9658366014553709 0.9322100655121792 0.826564051998496 0.6707275002273919 0.5263940213708004 0.4579768873584314 0.5019374367349936 0.6734713063637071 0.9443647936500824 1.19903895805587 1.3583381775220142 1.334377356276035 1.0549143356857362 0.71669779523848 0.5215896593253336 0.3995881373608488 0.25386666459484586 0.249189309420384 0.34643748715902356 0.3185578931846685 0.4216156670525526 0.759063534360076 0.685044565314796 1.763331946368539 2.1946314387436248 1.9936422677481445 0.43762176408999653

CCT>CCG
2.9355515942380306 12.896670908998239 6.666189799812935 5.5217312987030995 3.406121161038269 4.116646394442219 4.242926355097048 4.155403904614238 3.629166342192793 3.878152093143373 4.058607229193045 3.7164633689200817 3.0120203376922747 2.5567215007989343 2.4182297085521234 2.419677627494271 2.3760035464246783 2.3858125630288525 2.491062348752009 2.551027415842139 2.500864285844993 2.3968781340633014 2.2856409019081987 2.1706510047823597 2.040585819171065 1.8967804866069988 1.763996843575173 1.6918814088490846 1.7306347792283021 1.8663309495674534 2.0101520829520405 2.08734817673028 2.0887670279922856 2.022799755341825 1.8945791746945042 1.7476481403961672 1.664803529830605 1.7084300080832344 1.885532558095356 2.1612154371382237 2.463803830232636 2.6857406720646404 2.7236646646925378 2.5398102591650806 2.1900746287260056 1.7931290811481306 1.4666441386261564 1.2790204981404714 1.238303781756628 1.3067643524206294 1.4237167664893164 1.5280833967417955 1.5767925940695464 1.5548205144802743 1.473350208513122 1.357436948574561 1.2315663740700895 1.11274594868784 1.013047001979305 0.9445744736638939 0.9189391695037368 0.9403032998831291 0.9984016273696212 1.0692372851261551 1.125598440807103 1.1513408454414062 1.1491849946807196 1.135914554192038 1.1285987449936672 1.1323632598704818 1.1382450792871281 1.1312407602078811 1.1016618111960734 1.0522940886466334 0.9979748580886906 0.958670791427874 0.9497775474088418 0.9743199946959428 1.0209318320691394 1.0685265986668173 1.0948865301568307 1.0849815591369598 1.0365429450946684 0.9623692275560153 0.8883667364241442 0.8454136195384369 0.8559509355651966 0.9218156076411794 1.0213558391069044 1.117735705338152 1.1727166923413577 1.1592198225205943 1.0702839160760764 0.9237825766269244 0.7597974300782007 0.6277164418188956 0.5669191152468916 0.5919746156284847 0.6912280093426137 0.8368958709852493 0.9971427548382615 1.1446187591409145 1.2637471795940525 1.3571792708757615 1.4437704253606323 1.5431438826472337 1.6570501462653964 1.7645215054515633 1.8338716817554364 1.837968247905555 1.7626007428994763 1.6116191980654606 1.4110823207426302 1.20300961701656 1.025446594326715 0.8955328125192565 0.8117009067741885 0.7666766846280922 0.751443785773172 0.7482459560916629 0.7301334026408722 0.676952679461594 0.5921516781374875 0.49765436151895914 0.41388445529115964 0.35650436094287724 0.3486426799591388 0.4151867361904794 0.5587787326795761 0.7515629149302403 0.948532322621999 1.0995935726699548 1.1698591032283667 1.1560431902887678 1.0798435343388677 1.0279267653952593 1.0668679159230623 1.0774054890602636 0.8981527716037945 0.5722842996378571 0.35291156385739864 0.3341389280442875 0.33292489221383104 0.23387932901571076 0.10909780048018078 0.03414084819532118 0.37643595031050076 0.4229930859394039 0.1754417306395728 0.8126375200304163 0.22078999422116344

CCG>CCT
12.298010290296908 55.5704559356228 29.566980982980773 23.816837951033914 19.160293414580345 20.18330744250847 18.98401371001112 17.75874806151871 14.753114161594839 12.207885816536272 12.246873191661196 13.823943511478841 13.198470032882614 12.238641212541625 11.131977103045575 10.189186109794921 9.5088128341075 9.308288966944755 9.451103355849982 9.586179975091042 9.493224352565543 9.18751318837872 8.723676681483829 8.154050094665237 7.606060061672121 7.214470001376584 7.005632826640804 6.883034870321564 6.730241210427 6.488814697883777 6.180533424562641 5.881915619572369 5.650811709374525 5.490698255332346 5.373821778018203 5.269612098117746 5.159593523486759 5.040330131939231 4.919877864623934 4.803316617532596 4.67259290004834 4.487734856531519 4.221092279173353 3.893318017411796 3.572087505640699 3.33251235264979 3.213590281634855 3.2042851591324144 3.262708813692251 3.342846362037215 3.4043329727097076 3.4088598868711686 3.3263789183772072 3.1601463209533556 2.968528332919611 2.8522346632462217 2.903323737055892 3.14983616385358 3.537904483238573 3.963285533710104 4.325932737621117 4.568524604449257 4.679266405967851 4.669301809642394 4.5498572446516645 4.325773564587437 4.003395882970862 3.6001337357187237 3.1464523242893008 2.681052184997494 2.245916617890067 1.8848277871498371 1.6411784644508558 1.5489735483654772 1.6191072036425267 1.8312410530537382 2.1382783750297163 2.4796263122161086 2.7947911841305557 3.033732342022879 3.1654301955624744 3.1845745896006843 3.1122233585541155 2.986817084379365 2.847873346470064 2.720709907954015 2.6111618494427145 2.5131433565120633 2.4227181101208806 2.3468915760751434 2.299227122437989 2.2862154123605185 2.2979963075361267 2.313854120155336 2.318171811072984 2.31095951063448 2.3017191819306904 2.2924825095636248 2.2679783461455583 2.2051884025378157 2.095844683725528 1.9614323548635713 1.8447614554179044 1.782393516499785 1.7805303946682982 1.8150450210720332 1.853529984681421 1.8766762879657026 1.8816154676526786 1.872527281020625 2.1484507041749716 2.244143692710646 1.9750192934271664 1.683305073211183 1.4536131510506105 1.2206680618896915 0.9927506515752518 0.8131940111253844 0.7134069527367571 0.7033208018731232 0.7625428035059394 0.8408312148865097 0.8931803175119158 0.9229423522028328 0.9750400950149779 1.0847226960631613 1.2471818687213019 1.4244838769588302 1.5595162597997079 1.6104001632195877 1.594918527838127 1.5598672226318695 1.5162923284006176 1.4483940828642152 1.3320636081917272 1.174691699894844 1.037717442999756 0.9621469500182689 0.9568852404811532 0.952913493940183 0.8160942988699074 0.6695899277525426 0.9748089755959356 1.5388957432126271 1.7756789538476103 1.267021510921249 1.5038494380490688 0.9042261278528059 0.2544117571585782 0.0340494911655484 0.0017605982463626965

CCC>CCA
27.40470296932921 120.27327572174192 54.98476118801625 44.877706318729565 45.9618664661112 42.50992126633527 36.32170185728387 33.035426197121154 29.92437418395959 28.517106623030713 28.037251730451853 27.28646576510951 26.249012024126262 24.7654530155168 23.270643944737856 22.349846149724346 21.58748402247958 20.68306702965623 19.85691246413853 19.525608365862382 19.65522054222696 19.834084677375373 19.750895843160976 19.454052313158915 19.059204142580267 18.442722415729225 17.413819668779325 16.29957986045943 15.559650801194792 14.848207231239666 14.133498674683066 13.406722841065582 12.726438080895214 12.248082842279217 12.100627526967491 12.263450229320203 12.624211647215368 13.07568752215782 13.501044587110686 13.733894081111364 13.651875302886744 13.312129916303249 12.915383164824163 12.592757828837648 12.28899854188723 11.955643909486074 11.728155908267311 11.713369579569454 11.833192589828357 12.019414073181187 12.263831183739297 12.518376253561224 12.70561104846042 12.74139988142428 12.55889628053085 12.138559197481195 11.538850229291985 10.897782376697473 10.38393125499175 10.120822045450211 10.134136217943292 10.347116854293867 10.614465652528613 10.775221077151187 10.707742433539623 10.36832479217598 9.799524529257493 9.109131599294033 8.430481669139649 7.876083671465367 7.500524693141539 7.290624311767726 7.187154893821225 7.1227182596114655 7.0548753336591155 6.979622408501749 6.919247852265661 6.8982375811111805 6.934524705673456 7.046169563943138 7.24280389991672 7.500584299056725 7.760299501868171 7.961912795018464 8.079635692992627 8.12564213291246 8.128186388103995 8.108780660873753 8.075595307302054 8.032678738725588 7.989828743709125 7.9567914941817035 7.922950612812671 7.846625504547626 7.677912599378706 7.404133896851274 7.071930157770162 6.754124960586034 6.487560547386435 6.244580577655215 5.969958783037797 5.649523219888345 5.345904554656812 5.167933181464455 5.20953890983489 5.5002639849462795 5.956909901479038 6.383147547469066 6.583680222466851 6.489711910104371 6.163690678184162 5.730557863809756 5.326662008642786 5.818961172396449 5.238161060556206 5.0916672007998685 5.297635958698117 5.557582524678681 5.834687007566135 6.066312995864417 6.1373740642870285 5.944988740858265 5.522817916608604 5.083178945502387 4.936508508702967 5.276868661105795 5.980127159511992 6.702773553977508 7.182517478275331 7.341048590905178 7.14551482441541 6.555123578655967 5.699680788301332 4.963509714801887 4.703595773457279 4.797502334113343 4.698911651040126 4.230293186701793 4.089094053303131 3.7856866039822883 3.5860541402097055 3.7341840605324528 3.6043734465897694 2.9085985008371953 2.337149893488137 2.9807034468713796 3.243028507342353 2.8658716123414223 3.2365877296017853 5.264222243884462 1.1784695924413435

CCA>CCC
5.230266707485123 24.11494964419652 14.33153772425181 10.948673798287356 10.789807680772554 10.221525375092162 7.666098663575978 6.841813601296342 7.230331663815017 7.524820401461508 7.598515667933819 7.163762868460526 6.106535943391815 4.840712155562773 3.803449435564112 3.3344582543027976 3.455736256241589 3.9868538679125063 4.571068804187081 4.940937915392754 5.013323726666725 4.882240627343078 4.693386617170762 4.490483112602896 4.22223054070445 3.849076785382535 3.411704819766669 3.0361511161425696 2.8635811470377868 2.9372959059195 3.1732589746228053 3.4454978001969825 3.664875354467107 3.784302779208471 3.779552032265588 3.6459364709324245 3.401570930013296 3.081929802771498 2.729921756068808 2.3905983514819167 2.108087484710597 1.919362971508356 1.8440974026708363 1.8780039115376936 1.9995450372829282 2.1847687440484096 2.412326436216801 2.6543252184418624 2.8696421737818825 3.0135246246999583 3.0562559201480517 2.993833748334106 2.845159461082441 2.6447299236025317 2.438290233271292 2.2762619358705907 2.196777376706922 2.2042019556153902 2.262083644239605 2.311487073740652 2.302955444225556 2.2190366303717486 2.0763176321000993 1.9139234503627673 1.7781732755941013 1.704612459594311 1.6987926827066062 1.7281359169039638 1.7384852026565343 1.689642128212473 1.5833927026521415 1.5148698927322073 1.6093087467520517 1.7237991970735984 1.6274777709593677 1.459124333611211 1.385915644195164 1.3239740950181038 1.2226730933176126 1.1302736265704096 1.1040740151611446 1.1806447014781882 1.3565222009732054 1.5893201085107735 1.8161645155731672 1.9779689859592953 2.038832630175187 1.995789722763311 1.8783721177220418 1.7379886239292301 1.6285052495716132 1.584656737169888 1.6090708677956402 1.6749529691855958 1.7416041749547337 1.7730907371912135 1.751803530563747 1.6837418015482852 1.5943815400177879 1.5147134079119338 1.4627966570144195 1.4336088526523652 1.4068938360551997 1.3674898782870581 1.3207102718190693 1.2895279783993017 1.2950807440980985 1.3344794260559647 1.3741204312660436 1.3696404814440162 1.3031921294837376 1.2072122501970899 1.1467542575772496 1.1690363064677392 1.2659659700742742 1.383360926437783 1.4622387551683347 1.4768273543407386 1.4457046197792722 1.4058138455433178 1.3670880468616566 1.2952145770450376 1.1462798506584964 0.9193544950895749 0.6754384249866517 0.503222635612829 0.46063118031601036 0.5485419021375859 0.7421320991771865 1.0104620713195667 1.2767757001680309 1.4256933682514414 1.4070973645193499 1.2879581321084523 1.1566488040655858 1.0394048996959706 0.9524484316101933 0.8987861034145188 0.8568960891279268 0.7875834926742503 0.6363309358062353 0.41166443916222845 0.20196629997071683 0.07340803247534254 0.019549450938683013 0.003773908762708235 0.788301654910262 0.834235344118823 0.9372959445471148 1.9630038798570644 0.4777345472225037

CCC>CCG
13.938896341857276 63.277600709374575 38.56359775260842 24.688323553160863 22.312311568048344 20.958867680114217 19.541111681727408 17.97852970317818 17.145038044607233 17.75941085118191 17.803827249781406 16.588622785037217 15.908924896236092 16.436570155113607 16.7715444746088 16.035536641864024 14.620289663651729 13.223282266580744 12.28349917756251 11.596265101078869 10.85897653265994 10.018252014409034 9.234399193198096 8.574246073005344 7.994486247716302 7.607398167080663 7.6455859171238965 8.142135373915615 8.796060260536795 9.224594771826174 9.250275642949246 8.928444549310417 8.401948020699951 7.802828642484655 7.268696289760185 6.959105291672326 6.975023108738981 7.247769674853895 7.541445390400004 7.610273523035722 7.385380718060374 7.017050025519026 6.734395836310149 6.669874668220037 6.815335347904409 7.10512914669427 7.488186057083907 7.9155905795862465 8.305212337615433 8.56082208826826 8.634068048685853 8.560340887026577 8.430389719829309 8.323312733071688 8.254634421597483 8.172919294521007 7.999269094575839 7.676954455401317 7.19842508528938 6.600434769752634 5.943662844672483 5.29821961437977 4.739551278600484 4.342152598366611 4.160683855538177 4.204969413200971 4.426124489819075 4.725419077674114 4.984245018949234 5.103305112872951 5.034813003370017 4.795930162939932 4.462511663217785 4.146256209631505 3.955954436687921 3.9529842698545004 4.1261794411609465 4.4029263603266235 4.685967781254292 4.890403718917532 4.962388769347176 4.880209324870781 4.654628702889497 4.336244304971227 4.011271718790919 3.769500592332112 3.6620389860978864 3.6797068219759943 3.7621941763739524 3.8298888896454564 3.825574820995166 3.746355093729475 3.6435775192578332 3.5871244711359416 3.618880222057666 3.72884290425997 3.867326255366187 3.97919917373072 4.035209251830953 4.044630566222062 4.048947383729559 4.103456636573882 4.250643657922444 4.488589972674519 4.749398650951081 4.912376159083032 4.859072606468054 4.539087429860646 4.000045225574473 3.3639901346039776 2.772688315195715 2.3374375484103864 2.1166017047877146 2.121279460659974 2.327569724824909 2.676670708268075 3.07239473366849 3.3983568850804207 3.5582262971120735 3.5219582137992265 3.350404083023376 3.166127931350264 3.0741018603170964 3.0962764414837793 3.167810701976673 3.1840002242842407 3.0847399321503985 2.9212638254980408 2.7966749305121787 2.7370340952134886 2.6786825785048034 2.5943068178678894 2.5623750643955328 2.6521150308943358 2.7577997118080515 2.6369977945508047 2.2155347303189967 1.7890707711131566 1.7019263036501193 2.025878799486087 2.2991082343030382 1.9823452886833652 1.3713116394786413 1.0521722601479186 1.2936974734263753 2.523045471435356 3.9913763765169095 2.7131291700872118 1.4812035472214302 2.0364302656554374 0.4754939803165757

CCG>CCC
6.276749734707341 28.863420855894883 18.354846597893793 15.273598787980196 16.602974407743154 14.914680524713077 9.359237144623714 8.324374076183371 8.325735926373744 7.585767735488514 7.410422015832793 7.7766825731181095 8.012413559303273 7.594031743354871 7.08533079673472 6.8533956017883 6.831297446686736 6.765420217758704 6.409899405741804 5.776003477511946 5.208189543857459 4.911529688363468 4.803659902849877 4.741259929920554 4.619032012062767 4.370724499363829 4.009012615604204 3.6405766413197282 3.3884303969501346 3.2817985785806423 3.2399552731695462 3.1694321456946324 3.050743713429592 2.9263746964973945 2.834136189367354 2.772836060229093 2.725895081892444 2.6953820655293317 2.6962464787570406 2.725301518311833 2.7562584607338887 2.7701068854186475 2.780940266580749 2.826299014458838 2.9354469866818085 3.1104931390550576 3.33166903060762 3.569239487378443 3.788588283753345 3.952932666617816 4.030028400819541 4.00021882734158 3.8602263085880737 3.6217387314499905 3.3079322642805042 2.950413601846393 2.586302332136463 2.253773070874957 1.9849426106733392 1.7975407639149796 1.6904605931240564 1.648169481553442 1.6517576055842595 1.6873022138138283 1.7455280685659427 1.81702756951083 1.890816715167989 1.9573757353652508 2.0113197008687207 2.0506447985710743 2.0741803487137767 2.0799672162287304 2.0652907843466206 2.027731273956379 1.9671346604202264 1.889133713466335 1.8092683496616113 1.753045385221301 1.7462524689128007 1.7964027098983573 1.877180320783162 1.9317772291024191 1.90004867096572 1.7550468622052584 1.5240309558801168 1.2784988252908398 1.0996737198871447 1.0414372991126077 1.1108547530592572 1.2726656001284904 1.4706840227539442 1.652514492737687 1.7851098451261551 1.856969862133838 1.873415789182742 1.853991427811466 1.8314843354239507 1.8423922222797011 1.904633604553702 1.9966569167026718 2.0602442616807353 2.0326175396346455 1.886276620000575 1.6459358811748945 1.370802019625821 1.1185164639697887 0.9190718417671059 0.7751357619445833 0.6824632338027774 0.6496083706408097 0.6988741376178821 0.8459762248916475 1.0744566545585545 1.3302844954826472 1.5499541052811983 1.7047972264526239 1.8219257373483222 1.9550276938748752 2.1235188160508818 2.2790454328942196 2.343165891475524 2.2829545883745004 2.1369274230005457 1.9604415263200363 1.7717997554742406 1.6094724878117823 1.5614457340968573 1.643579253792539 1.752570270451786 1.7853994507481632 1.7266376518617463 1.618835379187211 1.4958766535195562 1.3726065714661544 1.2845874177519385 1.2743046377767904 1.3955686341769176 1.7057235037151712 2.0542707205889483 2.0609952636388424 1.5765681754390684 0.8956647491960021 0.8384823693858537 1.7885130618898337 2.540513569527147 2.0474501334551145 0.977584632753498 0.8582126463939602 0.39849237849377595 0.8705143283365052 0.2065416787369971

CCA>CCG
11.928695157978886 51.50576353121348 27.940621035505654 26.559437479701813 23.355709297931654 20.100526109452417 17.25353502794181 14.948715225601461 16.24159553077578 17.155493714092305 16.21022454214384 15.406819195230312 14.588461062153431 14.035302169611189 13.67753656707076 13.296734221931464 12.663705975235764 11.803885205287111 10.90235758729873 10.26520331460167 10.127036709079343 10.340184135643826 10.58006583429986 10.712225622988305 10.640714119888639 10.394280389403106 10.123160372668247 9.852000716581742 9.446230564089618 8.839162821223184 8.083822875615816 7.2827550868097495 6.59484106770135 6.182845802729206 6.104529167943065 6.264161647545255 6.481310514469626 6.607593830064049 6.587873247604838 6.444443499468884 6.239875768598169 6.333361242251857 6.688966330749402 6.009186170485226 6.146130788998112 6.297927066920201 6.401500419047416 6.451413019445734 6.480877002690014 6.506759477273493 6.49780365539254 6.399466799920262 6.190172267739568 5.9116666599943555 5.643106534622426 5.445139289112441 5.3259530530069705 5.253068165790629 5.188984771149996 5.113154835391721 5.016168265777204 4.885728399829819 4.711817394549595 4.510266574832875 4.332347163962635 4.236000732037135 4.237224826954254 4.286891700955544 4.297452904168982 4.199439961807903 3.9840766175382645 3.703188631430292 3.4322201616317156 3.226378457067788 3.0985893535633533 3.0276543371723217 2.9834911647544824 2.9484191378345512 2.922020907923343 2.912493886026702 2.9261919768163134 2.964045104258754 3.0246920133537207 3.108413514365702 3.216651936399368 3.3462932470127593 3.482013805581073 3.592264472955095 3.6348217868770063 3.57461312967938 3.4072389595061567 3.170555980117241 2.9282768234596834 2.732347368709233 2.5958605916982083 2.5022948176740223 2.4395472013737725 2.421531926612416 2.476935206195894 2.6208368177380885 2.837976740802049 3.089214022636724 3.3306192255675917 3.5280473037708493 3.658765924563877 3.705193560588826 3.6531616797869324 3.50209663091715 3.280570951152714 3.05075726456479 2.8904626378596063 2.858340686531531 2.962626033875698 3.1567761644009065 3.3737879788059235 3.5821495849597436 3.8155529359188276 4.137853377732883 4.5683001606562 5.038108734400773 5.409536423690274 5.532771678782387 5.320115352924656 4.809019083141353 4.150893402416651 3.519917113449146 3.0351097838103045 2.754668925414558 2.6896577894266587 2.799035192852861 3.0219180965893577 3.2908621700057497 3.4769396141045825 3.4139031653352463 3.065342436447426 2.560177636812679 2.065878030178368 1.7231657625813834 1.6077708665572386 1.7184632360559435 1.8824396962426644 2.1523391458986487 2.9826172524812056 3.2574114856371863 3.5366519189326446 3.5330404693006567 3.485270923954382 4.843399336250588 5.050210531880529 5.124358578396699 0.9953827455939787

CCG>CCA
33.95878958914632 155.53466229404998 103.10387545822033 83.09522241100413 69.5365769549267 64.03494837694186 57.61366790385126 55.13377360967649 52.18644093600226 49.31539114421754 47.80704078145626 47.09121869724738 46.179384432731354 44.910147559199125 43.15921093241553 40.44835389005321 37.12955429688159 34.379438485348885 32.742274411845955 31.874075660289797 31.010224787238656 29.738886459758504 29.086942331557147 28.817939174699088 28.924616702456834 29.099330299264924 29.277395406769724 30.03331545977479 29.661416341419912 29.944753345427905 29.82115642931329 29.325005078092566 28.67692911384771 27.994643325157792 27.219205520175652 26.29467205823738 25.280709509645952 24.29599469280872 23.432960590651774 22.73885706687764 22.239692644441583 21.965362481049034 21.960263198169894 22.18224784574379 22.36960074838859 22.186365599155028 21.53528154067936 20.57039137021474 19.469961404765805 18.359951928949048 17.358592821359164 16.55120779541145 15.962728550350079 15.586915131860756 15.405967367561809 15.37778657042055 15.415702942105149 15.402300620997753 15.242380511189067 14.916379112938754 14.494584427422648 14.105471562596113 13.87716689106449 13.877417610667191 14.078795122651387 14.369097574245657 14.60170200834896 14.656321725467022 14.48235313569199 14.114063585170257 13.654898986648647 13.229752695976883 12.918058241585761 12.704941947271601 12.49202639347079 12.171619183899741 11.713105442163622 11.194031659766507 10.751837490068674 10.494461128621912 10.433941269507027 10.483268313202874 10.511015584223715 10.414835797122516 10.170765282465537 9.836868778059188 9.519041634153487 9.324089442594008 9.323207379278278 9.535440537548341 9.928122881826829 10.427123758824255 10.933413456338279 11.345116806592893 11.579740691743083 11.590221269579688 11.376406833596219 10.989967787566565 10.515358660208296 10.02359412118298 9.537300611878267 9.046380288832507 8.55625298793133 8.111319069255142 7.768010413948755 7.550642593287532 7.438634423766405 7.392676955761127 7.379276717966393 7.359648498670204 7.270790552891728 7.054750802464422 6.724497076131652 6.3806595340952255 6.137447010869605 6.030358689134459 6.005034313335567 5.995052887593077 6.002218761895951 6.0899883264682035 6.293930931819234 6.557790113506085 6.781333814326686 6.918532791263182 7.0032277411368975 7.0850325971459895 7.162993904142236 7.179365846673675 7.05035150362576 6.707361080242483 6.160023449074377 5.574698858573498 5.289631421486947 5.615217351501679 6.36552026599387 6.981948346371198 7.257385832293315 7.373458606107428 7.440013638168189 7.211796945311526 6.604143649006647 6.241386049176354 5.99554852883644 5.711703766308123 6.317998213529494 7.5071253232681485 7.626887810898346 5.9345368226226896 5.7396925662421605 5.2745424317962915 0.9945504805262757

ACT>ACC
5.0154941372358115 22.63585261200707 16.324242149683883 15.755691155520472 11.740491944837238 10.36442135611624 11.372000800065166 10.898925370970877 8.963501902369094 6.819469191377024 6.484947817177745 7.4416922522867806 7.884208785374377 7.3213664246657055 6.430625695382739 5.4020156849330645 4.660705307652901 4.372455307981766 4.367716079551838 4.524835717945967 4.7479157688506755 4.852719728252323 4.81937670481604 4.666076476477162 4.37332343510449 4.215163632898494 4.34867357951379 4.726960403671548 5.218403648773614 5.649502610820412 5.816667570937938 5.615722992693191 5.131192168675328 4.562154384261342 4.071657258684623 3.7181537511656497 3.4855072567425167 3.333087525374392 3.2255191321072663 3.1484175867710316 3.1104028035920748 3.1247548085594787 3.1877969816912888 3.2808350364901604 3.392114580099856 3.528062907673828 3.6987596878939937 3.8975566633186864 4.101996219881911 4.294742138777487 4.4757072355837595 4.645176669528455 4.7738918920625775 4.796747228152106 4.646437915230205 4.303769881199571 3.8233986385841945 3.3130550387814437 2.880675571550998 2.5860005032823965 2.4263253270593994 2.359415524166776 2.341551301504728 2.3523435670845645 2.3927827153493633 2.4657485752678117 2.559956536346356 2.6506406597212564 2.713103390266858 2.7357945131103323 2.72407373049174 2.6954332810682393 2.6709948967239945 2.6661512047474862 2.682026650503482 2.7017084379674823 2.6962937909298037 2.6407245981507823 2.530468991666786 2.3937952595638756 2.2958440894358167 2.2908635766752186 2.3357612741703964 2.3267857162195633 2.2494468406353647 2.18492321479087 2.1779159406370128 2.2001012936854165 2.212839118484808 2.201189922506214 2.1680782747706013 2.125376010264664 2.087029096810533 2.061364384015888 2.047389977970786 2.0406636898911548 2.0464682605081785 2.0876606420056016 2.193844922459789 2.37447282681712 2.5981849557062473 2.800562141750522 2.9181960461980054 2.922939223469921 2.8311477992822613 2.685657198335893 2.5287932895184264 2.385902359883591 2.6453739243569703 2.615428058127957 2.298450093529789 2.174575378332713 2.217915290888843 2.257266351911295 2.1983509553022826 2.022656279017067 1.8033458848968158 1.670202402852857 1.7001726308633491 1.845814963694422 1.989524282134903 2.035268568779559 1.9466195709388838 1.7589019638442418 1.5766667117374276 1.5052906445521628 1.5644936004357182 1.7037880410710877 1.8692660317587388 2.00002566650614 2.021497684853555 1.9410512588073134 1.9452154358031475 2.244905920751069 2.747257105772387 3.026519164611757 2.764503244939975 2.1273147372145536 1.5535546225599388 1.2791293667048131 1.2513471099458118 1.3864132799609323 1.5454686416196186 1.770500974864356 2.0907077017717524 2.406682628754456 2.076020253025759 3.175519943756809 2.3270084661619905 2.288286767811206 0.4842256445225426

ACC>ACT
47.76780526858922 215.18820395017974 131.3049598536373 106.80944989313979 88.21888602570358 79.72510591255683 74.63627560028561 67.55474598951356 60.897916913661476 58.21520982756455 56.43084595278547 55.38296113729914 53.02010935029091 50.28743672032061 46.96250612870576 43.29118184234232 40.87999214864 40.10106592808075 40.27722605383691 40.30984482701398 39.88111233968126 39.30104852058216 38.658097762151044 37.74204089824111 36.41063441079262 34.83440566069233 33.31899210139092 31.984674788352514 30.791917367101576 29.763698657931435 28.9686465770933 28.304457264872372 27.49649970048766 26.386814424072355 25.1028134981879 23.937498185352105 23.107916285738124 22.606308835904905 22.383423596790184 22.451617788050296 22.649955272578367 22.73821181144994 22.61209563216695 22.19271546155404 21.487285739701495 20.642398212091567 19.892394256231956 19.41401786113867 19.21323967969094 19.152310946304553 19.07337171391882 18.883768396268767 18.568243911407844 18.181780907641393 17.81322423463901 17.502860346114392 17.191074369583102 16.76340281235916 16.15251817478898 15.408317950040471 14.683058895068921 14.151261522609174 13.926395455895603 14.019820488459718 14.347099361172988 14.763650984162494 15.112242338261538 15.271389453705655 15.192775903472233 14.912558535243564 14.529193671479256 14.158678609815214 13.890393343863773 13.761400237669518 13.752071485696305 13.797543649710008 13.811071668656787 13.72780292294697 13.556341348286743 13.345521815112065 13.089737934206601 12.78350562564765 12.52773836312873 12.415109487923985 12.384783891707691 12.290807520312939 12.039302132236088 11.650967969611084 11.253569956516271 11.002478706365833 10.961513132491707 11.045148486964472 11.082617471435317 10.944547809645453 10.62093737669251 10.205134893090447 9.82387000913741 9.692998759717009 9.817252875929006 9.913034836726904 9.941940221342183 10.073133240454686 10.288633534463806 10.4044856066706 10.2678447971 9.857985667084781 9.27507344203354 8.663933862689499 8.14470076247125 7.778156860313417 7.570652120423795 7.50955017377044 7.582892348324389 7.75888331753227 7.973097038220964 8.165056845557023 8.322695026882998 8.476311707338398 8.64851936428508 9.807542007166825 8.877816193865085 8.82919205537463 8.750908929278994 8.781942184617316 8.956045497336486 9.639783167531457 9.567552488247285 9.026038280427935 8.411407411695857 7.785808526766838 7.149421805907073 6.473446380589721 5.885860230607547 5.6105842491253215 5.812323197164628 6.337256110737024 6.769346109775963 6.858634923150588 6.6898869642577035 6.324443115565418 5.42497795550519 4.163715486247946 3.3736856290286625 3.5499320495948363 4.268065527585674 4.977314158347163 6.4186093449475665 4.886982359844504 3.225929030366538 5.048646633776603 1.1304914505467638

ACT>ACA
8.43726639314522 38.95151768017236 21.11916266454986 16.058206618713076 15.371042573990715 16.415093623675382 15.192684839750488 13.765051625752289 12.733167914799175 11.416466834216216 10.303815690101837 9.78232420101871 9.017505452050603 7.908551980257485 7.241198815568242 7.650834003969839 8.227580247061795 8.284965130510859 7.842653745898711 7.210055701596192 6.639591447198322 6.369071684542858 6.515441279729231 6.8482418661819064 7.071927350503771 7.103943093096673 7.068076467740668 7.098983875565582 7.1884829841402045 7.216357546204365 7.1080402227741235 6.917309997303637 6.740225439919314 6.580768787966022 6.358797306746967 6.071688976700308 5.8507346219277245 5.793103935193857 5.8580002726837295 5.954089309709717 6.003866907921965 5.959925400733317 5.827341462786025 5.6425377148433915 5.440129982454052 5.245708373973484 5.090323503402005 5.0123861611978855 5.033708241542208 5.134817092656529 5.259380695810789 5.3461600999329075 5.35992917957266 6.299179639955781 5.184364092571997 5.044362281626662 4.910906121415285 4.81661420982619 4.7888514883047035 4.839408526132506 4.957470442489956 5.1120506674685915 5.263004145866713 5.374783047901896 5.4267958391792135 5.416283172826324 5.353035343124569 5.24996552600463 5.11651312863124 4.959345117684585 4.788038074367064 4.61850559852408 4.468767061370081 4.34875624157712 4.251806053733018 4.155004944082577 4.029517773410616 3.8556662105481765 3.6356425923732814 3.3986374212017063 3.1954976316852375 3.0824463575959933 3.0983950061820282 3.2462289808509435 3.488232593577549 3.7573462253869456 3.976914298670834 4.080089448282885 4.024703290567711 3.8031918624210026 3.4469587572920264 3.0226018421678886 2.6170374683029802 2.312254114483937 2.1585486357785997 2.1615618898099824 2.2920788927249975 2.507514757246716 2.76207404206376 3.000390617650396 3.1581548175992906 3.1890585666707545 3.1002421065771038 2.959331722005519 2.860686132386291 2.873967405385498 3.008757352589405 3.214365324321904 3.4100554744696088 3.5225471492837057 3.508571128983287 3.3595774795858095 3.1009111601430965 2.7923497829536292 2.5219003469610835 2.3797039518385277 2.4134918329969683 2.5942056606434845 2.8243009060478337 2.9845248813983396 2.9863001529161117 2.808680985830221 2.875266343889925 2.6294313091445796 2.2433136212179696 2.2122606066676416 2.584994933785071 3.152703114189296 3.6304440483433114 3.785706850034421 3.580021210927614 3.182090718962223 3.026716788715468 2.8931755199806073 2.6022111948041893 2.3111849236170356 2.067616278615904 1.7850067023037228 1.4858051459383022 1.2723818211165523 1.3499164791620468 1.431822239482646 1.5104715856749211 1.2966832032653561 1.0252623798830784 0.7074773954804168 0.3356758869487288 0.7040567322926714 2.8941167354782915 3.7174840386930468 0.7994393754012781

ACA>ACT
5.736269319510693 26.26876531402243 15.680249836354982 14.106353858284036 13.342080872932804 12.057911815544388 9.638959538089713 7.7689587612141455 6.542667964394553 5.443947442799248 6.327913259732149 6.532357812159165 7.373795428542284 7.591922756692236 7.4560391024284 7.1012992475930075 6.588994638240481 5.948082877205258 5.33683370637584 5.021738460881336 5.078658658861075 5.315266839948525 5.414308054829811 5.013985012912196 4.335877643645078 4.179318822802762 3.9839490985225354 3.8019178696109175 3.7692116791314243 3.9385853463225944 4.203801143168301 4.391766733522214 4.394080133866375 4.223153410479298 3.991684996459783 3.863110978782049 3.9711771576303816 4.272319608128061 4.50473956454545 4.52337080092349 4.499363950509649 4.500633859120753 4.433835112561159 4.337876641182596 4.224147950715896 4.070809376891303 3.8486549399294105 3.5592926060592114 3.249155675992941 2.982880218982989 2.8001077665721343 2.6952407160511163 2.6335816223735664 2.581789774926755 2.5238105915746716 2.4554598945813373 2.372330628439933 2.2665557115052675 2.1341638136292422 1.983402004795025 1.834574982987773 1.7104237761824088 1.624169372592489 1.5738574262680283 1.5463821873385306 1.5273650202620828 1.5096402767984873 1.4956434429592327 1.4945548412663525 1.5183533853438105 1.5793705161035558 1.687908858708174 1.846786425387599 2.0427905840502634 2.240768173280962 2.388660189080489 2.436335202097833 2.3596013397219 2.173396841710784 1.924154153447952 1.667296921131917 1.4466311882945861 1.2873693979095546 1.2001756481377432 1.1859266311756578 1.2361816152168053 1.3330643315862603 1.4529611771102824 1.572560318926939 1.673075077667261 1.7419551804232944 1.774521862944706 1.77640884983247 1.7644654637728956 1.762546721378077 1.790119836712502 1.8466799820947273 1.9021839838661494 1.9050669833470544 1.808372629454829 1.5985872235019392 1.3072169302175871 0.9977876736913219 0.7388984829347133 0.5810938710694007 0.5474377187749866 0.6345956772327116 0.8158569745791425 1.0437815642943429 1.2597785650817868 1.4173313031252355 1.5098656008830202 1.5787080914636125 1.6851876024860768 1.863027347765227 2.0887488980925224 2.2918578986105604 2.3914589224967906 2.3339522975619014 2.123935651300677 1.8425592200865757 1.6216086902993514 1.557875950132959 1.6317596351420927 1.7234424425093189 1.721612055205979 1.6093255770846115 1.4501533447725619 1.316069699558412 1.2258215305718325 1.1468346438903956 1.0656038690005678 1.0242495314644844 1.0454350885312325 1.071107084861845 1.0798194253078042 1.1145260486466937 1.109217713626741 0.9329221721186235 0.6839794647871861 0.5266938189480072 0.5390778207669997 0.5673429032741272 0.4358076718033342 0.4672397875817297 0.4700512571423237 1.4733452191158722 2.2235570402789953 0.5960388934389127 2.4813209997316172 0.6056738850984289

ACT>ACG
2.6273819012460415 12.157834191168769 8.446429593421223 6.670545781503327 5.892012224399774 4.36452047520269 4.034097863387698 3.4963242313810063 3.039922788474894 3.637352927779242 4.495444071583039 4.6439842298038725 4.058279257020389 3.3701108953000865 2.9124842824343613 2.7670400586677952 2.889661142218109 3.1256208137399217 3.3827843500280954 3.625786333824385 3.7890114597503906 3.7981544567388097 3.70997695228338 3.66005372691948 3.7226463183203347 3.856556138280889 3.953030621879933 3.898616587933444 3.62161670264237 3.158895425842984 2.6772808274884103 2.364355717584141 2.2869470683845767 2.379760161734655 2.5240286921295803 2.5984150578325305 2.513456266226615 2.249711777011356 1.8674566615842894 1.4698292052449295 1.1410665110394362 0.9146846438628413 0.7896240421284111 0.7592441193027555 0.8208205566721275 0.9666574221658653 1.1740099672636521 1.4062895522668648 1.62490423690861 1.80101071310378 1.9188840574032602 1.9741984585373245 1.9752204916625333 1.9448308153578346 1.9132581618565994 1.9016103794668504 1.9093457153988633 1.9148642954784616 1.8872685868009833 1.8037984246288568 1.6660576688167028 1.5050002894373062 1.3685894236896226 1.2984295940921438 1.3105021134622852 1.3912602810282502 1.5077297696986454 1.621145373051392 1.6958855876811103 1.70423987970007 1.6316288934325804 1.4825985822154637 1.2825998600761408 1.0717318426110918 0.8923870614621742 0.7761741540768672 0.7345437663543689 0.7557673151774256 0.8100495612303381 0.8620769211103363 0.8856583988545188 0.8729541021970089 0.8345219946916599 0.792461118700462 0.7714472668646779 0.7908949185130175 0.8594835274672236 0.9727524399330056 1.114501769729255 1.262303204990261 1.395892751429481 1.5045354330000629 1.588111428475305 1.6502561287934012 1.6889964051789934 1.6935675079856043 1.650773424450774 1.5554132411495671 1.4160836263941763 1.252377476562775 1.0863655359505648 0.9346547728085036 0.8061297405774559 0.7056171288949783 0.6381584905464085 0.6086340841283917 0.6188765471909403 0.6685717075816219 0.758101949218162 0.883594015661304 1.025321978307294 1.14813572393043 1.2250369859289296 1.2651996838530848 1.316408077981315 1.4368485926449013 1.661073342367231 1.9840796037157296 2.361252243417193 2.7096254574375656 2.917343820539613 2.8858351081692395 2.5975788922852443 2.149307478921203 1.6969357635575826 1.3553402366303329 1.1495583075093765 1.0388134821699873 0.9785142371027584 0.975579981191743 1.0626886025643205 1.1984286549122345 1.2463733479695038 1.1002456696931506 0.8263836728912505 0.621006234507711 0.574755765103045 0.6081525353461138 0.6213471897202498 0.5587223507772764 0.5949040924374018 0.7444326406699827 0.7195725676076181 0.4645027888111577 0.46109434258658827 0.7769416410311693 0.6729741388571916 1.7828340524455077 2.050548372947594 2.0670720715092266 0.46013380392334974

ACG>ACT
17.98642120493005 81.05800316508486 38.74341057317359 30.95738867960027 22.085323106615885 19.401635824806608 18.890590361138305 18.810717951034604 15.870709643668002 14.002221722208398 13.421087408278568 13.427683173390287 13.420814187019964 13.722092908056823 14.001392094104986 13.358291064891889 12.03369867072723 11.40716249626141 11.637864240850083 11.936586395947108 11.53530014995588 10.505191731938181 9.421334558467153 8.641694488042903 8.077430294705676 7.517498491396827 6.936084451564558 6.475415655264974 6.253234315159089 6.264399118410502 6.435702952450806 6.675821157428932 6.873018550313151 6.9188623384005625 6.766382158314253 6.461273605493017 6.109289450660158 5.798873229462539 5.542194583268097 5.2904503496220485 5.0054264561717225 4.7068700361509235 4.450674383257487 4.277747640674116 4.19355220965447 4.184752712138628 4.238657637368717 4.34518938713925 4.489855875930245 4.650579466078729 4.800762892884891 4.916276348425088 4.983179968804828 4.998907060699203 4.9611228431280665 4.853406412485212 4.648536841414806 4.335232142951005 3.944174667551547 3.5441662913472682 3.209951148457853 2.990730037176217 2.9002372345236376 2.9234441861981337 3.0259999685951313 3.162773427217937 3.2897843939898386 3.379420397373156 3.430839711866616 3.466636205360482 3.5152480627807856 3.589916356998324 3.6793748315067942 3.757379207443836 3.803007253263601 3.8143529003885366 3.8036619654712127 3.778247528906678 3.7250010235882653 3.6148964230968343 3.427485151795047 3.1771820746375963 2.9191904500985495 2.7272521789642865 2.6557923748856367 2.709267487262944 2.836364376485277 2.9525389049326565 2.979721341546447 2.882705947125504 2.6827558846570945 2.4421025034986528 2.230651435498035 2.09447368723762 2.0394699741956868 2.0330186551803417 2.0217752630275596 1.9612008582604457 1.844387680115777 1.711183011961695 1.6270802605699617 1.6429552700355279 1.7628717359206467 1.9427688967956558 2.120488188420039 2.254427286445845 2.3420965001070666 2.4058224709444263 2.4590199265799786 2.4829683313594404 2.4359850183140743 2.288196164448285 2.0516554973606307 1.7811715049845127 1.5477934141123804 1.4046364321182183 1.3624633241113677 1.3852159993443725 1.4102152537199082 1.3841313982820855 1.2904736338327691 1.1495108182412679 0.9949436773604967 0.8508280880970864 0.7305883167198931 0.6485905718314218 0.6115119694673594 0.5970672615447586 0.7553890225940436 0.8795495918140781 0.8390015018051501 0.8937237921369584 1.2285982238565292 1.681838662136712 1.9198171810372044 1.8187699784213565 1.6602733373658458 1.6721692813799114 1.6975755445151168 1.5053195125447747 1.2585405596138373 1.229271906633908 1.4054301055295726 1.2218604760816076 0.9066940072084776 0.9291907373089833 1.1113041629932117 1.2822045361503163 0.6178156734468061 0.12099295815821125 0.00815275426272733

ACC>ACA
25.732526838332426 116.69662923421835 73.06525887420823 54.19142204552772 52.90747281356596 50.4261673588324 44.063214363711616 37.512342816688204 33.61343185972559 33.08979388716916 33.08731142609674 30.63941398658673 27.536282100902014 25.275865688213262 23.30466491894991 21.459920011071578 20.16807552011599 19.268826577152062 18.91056383965471 19.209884031188494 19.914045182142385 20.573875108229938 20.721645916006377 20.350453345071436 19.996759598684942 19.952813112409014 19.91098469738958 19.40927933981994 18.39039997370257 17.173247021868775 16.07269156591527 15.13820358051049 14.317187198467245 13.703056812301565 13.451249383568486 13.527819366658115 13.704607510767355 13.755917641277753 13.565460921937229 13.129895168793457 12.549828831125604 11.996241791258687 11.631337700482788 11.51651935835517 11.585453625458465 11.712305609822582 11.81292984566598 11.885217296629845 11.963313272634691 12.05305494555159 12.120652096166522 12.12650868592098 12.047209276319656 11.866222560766444 11.565128595388444 11.138989523821703 10.617502346067791 10.063114272994811 9.546380133506922 9.121996547216776 8.820306113629545 8.649093483753493 8.595629420118083 8.628623067983053 8.706915804554765 8.796037590424051 8.881338126473443 8.963976786616465 9.041882618576619 9.096710585200665 9.104811963092384 9.063584244755795 9.003779840148841 8.969918734585548 8.984263799352266 9.02828162102664 9.058684049023539 9.040842812984604 8.966199390254106 8.838371305261836 8.646221023319557 8.357140212358141 7.944658348724835 7.429320904604172 6.89473489715464 6.458868752381083 6.217712575669148 6.200369156378036 6.3630775960786785 6.618198203656132 6.872292017347745 7.050301538184673 7.10110830633116 6.995360435225013 6.72904492194794 6.335028996107967 5.888243858298772 5.485801035828073 5.201926595215577 5.0449016905838855 4.951113769620079 4.82895509479584 4.628265113354031 4.386056945448695 4.208952913004617 4.198745742482936 4.375990098500042 4.661057199943498 4.925176576622295 5.068479790766365 5.065633966255861 4.953227818582737 4.786398486123713 4.614945368558586 4.568397456364286 4.740178870054411 5.068954408332046 5.517397419514581 6.100649370059333 6.702815318534765 7.093769920131294 7.143487765137964 6.9314818561354565 6.632513417743646 6.334411454746631 5.99665789081135 5.554935428549042 5.00861335320299 4.438697095984463 4.010235228295516 3.9211749920281753 4.236467343224476 4.785446652618252 5.199920104439009 5.11218419345351 4.535763537306733 3.8932316735756602 3.5249506828553727 3.437089619374555 3.7685406654152755 4.628951083800872 5.562284674552087 5.435258915855236 4.028651423990442 2.49418234595555 2.520885958246414 3.868386959220726 2.9787336887631835 3.8669718465919947 2.42240618581329 0.37019293946263937

ACA>ACC
2.221377626578498 10.953490661938238 7.981704483963654 8.118288698751792 8.10374491048626 7.996717179729067 6.294138742443174 5.818619001587973 6.133482596045266 6.329278683847329 6.3048976261608916 5.497836991740055 3.994487839112571 2.766839865409925 2.163927817839308 1.9285505335905735 1.8450513004327296 1.8616615429131647 1.9633434924005975 2.1148532378522744 2.2936911557953774 2.475443995130076 2.6284861183167774 2.7369468191861457 2.8189496729047505 2.8937878839900786 2.9312683064104568 2.8847415276014634 2.7694017144805345 2.6543943840033353 2.5719858450162043 2.4799289425701607 2.336207363191793 2.177263077300253 2.0860241220853744 2.094016392335364 2.1425596130848557 2.1406841547891386 2.0463306681083977 1.8894889347456147 1.7329011423045353 1.6243574979676032 1.578057245029777 1.5804670900172797 1.6070064251221938 1.6422883664738166 1.6913318220725841 1.7712624935409778 1.8919246267142154 2.043897686962472 2.201545900354905 2.334293888371085 2.41694154518751 2.4358677667123803 2.391895056836521 2.3003607975752747 2.1886304453776497 2.0912877549055606 2.041822681798605 2.0599478307826007 2.139517718313149 2.247652757910585 2.339867228072799 2.3807800649265434 2.3542993156868466 2.261047261047151 2.1172664042767195 1.9603266608515555 1.8310493813988238 1.718896294109636 1.5544295644384456 1.3062397531082668 1.0411846592253384 0.8417767700317331 0.7250123444714579 0.6697348162828527 0.6622045615327398 0.6972667265905336 0.767013596543225 0.8584032701811108 0.957685701649079 1.058725336818325 1.1677014834586155 1.2948097261925045 1.4356898650343712 1.5606118438695424 1.6275131577667588 1.6131342294328261 1.536236649029984 1.449949943523209 1.4055250419345315 1.4150719819034214 1.4437193034690823 1.4384248801363069 1.3702694463137701 1.255831917055966 1.1416578771215224 1.0673278203954075 1.038519911011065 1.0292614912514197 1.0068591161470433 0.9572920036253456 0.8924662943771519 0.8363126378070928 0.80228172371909 0.7809513663645125 0.7483983136816048 0.688429144220889 0.6096170136674585 0.5433034878329324 0.5256704380873376 0.5777895892143988 0.6939896941072868 0.8409389469521361 0.9676202319997483 1.0250491372398738 0.9880421805036623 0.8668594356856931 0.7018364028841417 0.5456236684183047 0.489165546962905 0.6002723637353113 0.8114649824306421 0.9971360972446892 1.1019873253813508 1.1297907833171679 1.102271902249395 1.1155994862274334 1.2136483193515402 1.2779715597761176 1.214400892818911 1.0616183475463563 0.8758726550096247 0.6818749259818865 0.5448142710132573 0.5291059311123505 0.5694862391034 0.5774221359243896 0.6106726803968984 0.7444569877465133 1.0484528692580632 1.3908342905251423 1.368841209040223 0.9178355434237535 0.4157159097514482 0.12777739318056464 0.026563971307750265 0.5434189598721929 0.9881863068530086 0.42134037392380624 0.0510505686539499

ACC>ACG
11.800593387228815 52.72240039114002 26.480109153460738 21.909433534487434 22.945703269051947 21.32563843017454 18.745682920189385 17.81662417533223 16.385660830147902 15.951302931619447 14.091835860477156 12.10011691075047 11.738434068699329 12.597404621201434 13.624522204742787 14.313571183517537 14.483213010132662 14.1008206462235 13.243772972101846 12.17178604792219 11.164814817260986 10.324952979977802 9.576126994232707 8.880366381157424 8.343894526548867 7.986854629642443 7.712340975991592 7.446542862008197 7.123207464537022 6.7455563281644215 6.377876393866903 6.089932412379745 5.899811250938582 5.751075420288609 5.559690729757567 5.30760936432508 5.086804606715231 5.040437923815478 5.256661157174882 5.704205316993954 6.245787814558905 6.709429690000611 6.973882828358224 7.018874759906771 6.910475243679431 6.739387890061226 6.563202263322021 6.387754968958926 6.184350595443181 5.9221779761112066 5.598713420056776 5.252818006153791 4.9480113162361095 4.7322914804141 4.604840434358835 4.519201509394689 4.421699612602441 4.293538488900263 4.16486619977825 4.094529075223223 4.132424911444329 4.286339706946932 4.509078403438727 4.714253444484958 4.817220379363135 4.779367484964479 4.624687470160722 4.414996874486964 4.20454373447048 4.011811922720393 3.827398826087834 3.6429161504483054 3.4717743112030215 3.346859130914677 3.302022608259663 3.354781249913514 3.502543733411413 3.7259755375296195 3.982829230481194 4.205846065659055 4.340952191565593 4.400683494232512 4.456251743361959 4.5697514834803785 4.74919249804538 4.95935033866523 5.1508835594405475 5.280301833707157 5.321361976120916 5.266345169041489 5.1144844314661535 4.859557914751002 4.495322508397299 4.040254161880176 3.5580066314960628 3.1456701834393623 2.8872569073486285 2.8036392886760417 2.8400749753278887 2.9048879831225887 2.9293385787893915 2.900509243679015 2.8459534141518184 2.793654282335189 2.7473027572049977 2.692841227184964 2.619378473819565 2.529470773641813 2.4316316267178717 2.3290769765064003 2.221877816546993 2.122037143435187 2.061474589501777 2.0753285122710845 2.168567143323492 2.2973592735523996 2.391925784017012 2.410268952492585 2.3716399747913224 2.32853977584002 2.3046696491522334 2.2712779145487914 2.1881527953590547 2.0591677701747484 1.943180243714097 1.9131801990472599 2.001370131495286 2.1850508733594975 2.441102524929772 2.7912613868520544 3.2098618005341697 3.5538506334235986 3.6643998521457837 3.5261973081068603 3.2526641139384393 3.0610249561128064 3.0748892207229908 3.046139622194815 2.803440474862533 2.415230840442655 2.090604479732607 1.8500300920893287 1.6076033613200666 1.5906845208522986 1.9425790862621999 1.9837483483871796 1.6443230114279708 1.8130137278513714 1.675658407478273 2.2478058209556977 0.36453740486907876

ACG>ACC
5.6974489666624 28.01370983335278 23.101910316520517 17.83762316615579 9.966886207089813 9.773446727244941 9.771642502292824 9.486302746001929 8.67893213600899 7.541600333691631 7.6511515879052885 8.723566390793236 9.21072717779932 8.38169522711902 7.097287311348309 6.07792592763192 5.368931711588204 4.820355524569804 4.333194429470086 3.9325262856901495 3.662726225914992 3.457772780228153 3.263617482436217 3.148266536397291 3.1938738551398913 3.3458281988082446 3.488887427401047 3.6020449778095536 3.7480288140544804 3.9603713860227674 4.197968194450295 4.379016682057658 4.440944351438508 4.38037906742392 4.240822984355212 4.060002109114762 3.8359238381209035 3.5461298075875987 3.192607590582432 2.8257121967898327 2.527658889861399 2.3705198262259355 2.3801752392860296 2.528756686161964 2.75299022490128 2.978104543661508 3.133786063776148 3.167283342073243 3.0609614994864187 2.8454603172954296 2.591809166968736 2.3800528032951913 2.2615069861565593 2.236896764427991 2.262451159780211 2.27966965468473 2.2494636027291324 2.167451910799304 2.052574312266107 1.9246184571478975 1.7925177262609222 1.6591866237344817 1.5320773783993644 1.427547279196381 1.3654712041919166 1.3579967222419613 1.400021853427898 1.4683236119991279 1.5313686933745663 1.5655018171963853 1.568858866485622 1.5642621638310608 1.587774720244661 1.6685371571706498 1.8116444384522108 1.9936794048853608 2.1717454307547563 2.298893209548762 2.33762615937146 2.267904193805062 2.091030585454444 1.8314465418431978 1.5354852189785027 1.2639363541053321 1.077047475504227 1.0154700411898605 1.084879758342577 1.2521969804569468 1.4570225160339483 1.6352351229698767 1.7453111626661717 1.784292986263622 1.7829755920330883 1.7812032843740573 1.7989356792300217 1.8240032713397543 1.8253442363585035 1.7797637127946018 1.6894967492259523 1.5767881198387985 1.4620458137132637 1.34613675791621 1.2131352986457646 1.0509361594395148 0.8707463314865392 0.7080033797467353 0.6041418366427107 0.5833901627828789 0.6395909911685249 0.738965522848009 0.8356212150048217 0.891796222274051 0.8932806193170764 0.8513166708981059 0.7888616166942578 0.722110532903806 0.6545176750143329 0.5875511129796416 0.5344003811669784 0.5215273133801493 0.5728245938031462 0.6837585186952441 0.8102833644008683 0.894424608185544 0.9096269194009936 0.8812578098601314 0.8585672471350267 0.8616806105091905 0.8572694414748723 0.7914959510929318 0.6525297421985449 0.5109727479130736 0.4780947239175195 0.5787336317176508 0.6913848181385345 0.6720710128291284 0.5065661072435556 0.296000606252575 0.1790783034862423 0.3228286524916717 0.6459689542714698 0.9119258685206028 0.9351382418190628 0.6884134285664468 0.35528604867741487 0.4456072663247267 0.9039557322040751 0.6128231184108075 0.1766652281725399 0.022822103587719827 0.0010844750432990242

ACA>ACG
8.350876537837559 36.56550895537139 20.407481483207935 16.203560903549796 14.06718429826471 14.456370140283092 15.348168596775752 14.487201488947445 12.237880655712733 11.65778336346075 11.216341003317037 10.506555393517173 9.574763355392404 9.050094939024918 9.411063165864972 10.18965936953892 10.511837865943642 9.71014407280293 7.872742476627286 6.032135163354296 5.132003466885019 4.90102707732515 4.898208054952062 4.820624686832461 4.71011515575662 4.577594597756537 4.3366874063265115 4.113675464727575 4.036701284093173 4.145658829756078 4.372785851984168 4.598612627617858 4.717482512296958 4.6749179973868475 4.487942331584788 4.251450079184994 4.091333551254114 4.021189696344248 3.8751279578763143 3.592009776576142 3.3751290227590798 3.2782367619796173 3.1853980087035736 3.1343229581102134 3.158296675915978 3.2609323657602913 3.416552135050578 3.5924040373520634 3.767736461890812 3.9314968404567883 4.066794285201013 4.14675627507367 4.153537213263951 4.102827592726275 4.044078916348144 4.0288840595816735 4.073770726750518 4.15049954764696 4.208973094681758 4.207609282355876 4.126023642904704 3.959886365208734 3.7156461061784967 3.4150914794731237 3.1009889772886012 2.8302057161117284 2.6538617492799053 2.597542280094043 2.6540462523050556 2.7905433569328526 2.963686415433774 3.134772058800095 3.278485102405431 3.3811188652094764 3.43036873634854 3.4073425231709287 3.292345340748537 3.0835789454445197 2.812817077422626 2.541400164647608 2.3356898141283984 2.237704929649325 2.2490838214493145 2.335361843420481 2.4442756800801173 2.5261072995560383 2.5476919772407154 2.499100470186172 2.39520405811021 2.2711411755727626 2.168402844898477 2.114372616894606 2.108005638177542 2.12449904807359 2.1376811160027303 2.142568250210909 2.158530164617854 2.20939064642404 2.297446096952328 2.3946132732687397 2.458303925782228 2.457386787126294 2.388682410802214 2.279405065407368 2.1822636873220573 2.162293456501952 2.266189626183501 2.4814863009643506 2.721375936208478 2.8655887033274987 2.8363233894408593 2.6462487577161484 2.3789077377237833 2.1261342530608145 1.9390719997551074 1.8222855809662468 1.7568887733230663 1.7258881984079606 1.7286919198693231 1.7796093009353986 1.8893597006921394 2.0472218773281297 2.2226876793394794 2.374167362699634 2.452174970208452 2.4130348836355315 2.239810192939319 1.9497270975517007 1.6018058678673677 1.302946806461945 1.183743733260927 1.3066451448055865 1.5498437446856919 1.7176463871791512 1.9191959868585506 2.382215040402279 2.8205504468098512 2.8102493139203855 2.473310141116548 2.2013293314378664 1.9615224509234541 1.6027148229983532 1.666445264322217 2.1107289456015863 1.9130884474225767 2.3830611214088595 2.0222253099189613 2.3905465839965365 1.3797482450079515 2.693397404507464 0.6524700666225276

ACG>ACA
34.51929671851639 156.90734259737513 101.53894740648174 80.46307989187657 65.92796025166413 52.135191209125104 45.895479446534836 44.756774949235286 42.780107214679184 39.50171882341273 38.91691155508821 39.80416474983727 40.63789012727656 41.224507505068175 40.99593293189132 39.86155355514527 38.659459922309296 37.70811678389826 36.19908513207008 33.73957456079724 31.51331861043407 29.840679757795787 28.855324671627272 28.2775040462704 27.744210319701676 26.95050981301751 25.832661824827667 24.568817273761262 23.44037380956119 22.738898409904866 22.626029241369007 22.98952925946319 23.504284052120845 23.85330333798944 23.855509137948467 23.44723543808128 22.651420824076848 21.575677069482914 20.37907398029343 19.197426296895195 18.09504400534844 17.08550254540429 16.187035090881817 15.453027229585956 14.95135990925868 14.717716692618229 14.729438541231213 14.914142450568802 15.170381950406085 15.386911876285845 15.470267583573833 15.37866700137978 15.136238716782143 14.81170805139817 14.478327427275435 14.183064251669931 13.93709373360977 13.723623800171753 13.51469230496555 13.288039132876339 13.036019276342628 12.764601209985095 12.488565876701832 12.23008472099749 12.019002990347158 11.884589689212783 11.834738172735007 11.836578155880183 11.819031680605441 11.701805172520343 11.435190604261946 11.029658067183354 10.55983612191579 10.137740857361635 9.866939653534118 9.803516357254608 9.94353968622635 10.233679577054778 10.587302238844263 10.896933804560035 11.050332553014279 10.95861144816638 10.589702128416883 9.988827630882376 9.27303998243887 8.6011005475322 8.127943432058773 7.953290666085745 8.079075696735973 8.402261387694612 8.76246321970364 9.021001957579776 9.113047677655267 9.041067166888599 8.83677063270404 8.535383952611642 8.17270274192834 7.7879147446917205 7.420604992242057 7.10492644285826 6.86621472553023 6.720906901163379 6.678204226349968 6.7399255899996335 6.894687206507836 7.10896108655897 7.324553182268652 7.468638800059564 7.474281920999992 7.308710088632379 7.003189706008882 6.657640701215395 6.387912311944192 6.238491787446839 6.148884239564755 6.028690924363084 5.873242459534337 5.789640934855237 5.893689815127938 6.184150891323939 6.532947570584607 6.801215300173527 6.943242747775307 6.993003994992245 6.9876919902496475 6.941179956679169 6.8838231356317925 6.854972605649343 6.812942068324402 6.649390799856684 6.372036827454084 6.163221563805909 6.125989646913081 6.15337996549316 6.286514607490606 6.789596632723648 7.530825851594725 7.808541512414195 7.368381697315832 6.659638381822413 5.917022249182172 5.193923344305552 5.579928711550348 5.933834897291448 5.999957458131346 5.721176040326777 5.345704200560806 6.73331870311461 5.593865046429849 3.397589067835588 0.5779382072605229

GCT>GCC
8.73634445449523 40.82659501199654 29.36698225069628 19.411895863455708 14.253621143417453 13.188612331732463 12.905212829195369 12.112869692884288 12.853695718194615 13.441411498007799 13.303791364003139 12.464731948310305 11.823397367060858 11.408629681624188 10.763493408900041 9.681642928524228 8.541575786522127 7.718868360114865 7.434610003426149 7.6954509117698455 8.35405190936849 8.997845723064668 9.140242535441232 8.896586357900949 8.704294492705797 8.568181214503662 8.23323172717281 7.744766637747489 7.22065361725844 6.585408742043311 5.897279043377343 5.46109008742404 5.432893588359914 5.518927419158298 5.577866654384745 5.529154516886314 5.351879201645533 5.064444990703133 4.738201572435184 4.4806168956056895 4.361860669410713 4.367361245068979 4.431941548793635 4.503494252237691 4.655202713708994 5.0393220773574114 5.130837466076054 4.652470900534718 4.62952669908949 4.56394037107598 4.4327414250997625 4.232685587814754 4.012558138455498 3.8672205512625033 3.8911062467531137 4.120739023806369 4.501760945028066 4.905967951445074 5.194625876514283 5.289225793820622 5.202608306775717 5.01303856490154 4.805922088371582 4.626789289978126 4.473005132996412 4.318987660248437 4.147837157127331 3.9642694767504816 3.7834263429539043 3.6105221609310276 3.4318495357196124 3.2252476656964815 2.980052895675347 2.709976959863753 2.452025390524255 2.2574303925595185 2.1814266050163402 2.269755322329323 2.537899554624848 2.9513460439814416 3.4259405986643907 3.8577496680001997 4.167159025457171 4.32805520212468 4.3647450070464595 4.324146761810777 4.245781124749204 4.147911174792642 4.03251946478977 3.898004747281004 3.7460795412889216 3.578899174173719 3.3943032445175882 3.1892811690789364 2.972417407979491 2.7748258975319864 2.6465869101149644 2.634578233266252 2.752579878230298 2.9652386789565246 3.2022576805048244 3.3964256401469175 3.5172693048332593 3.5757962874640197 3.603747644542822 3.6306255244184444 3.6711609512203474 3.7162583465071983 3.725477908422442 3.6385035983121585 3.4145478972231755 3.070690756029196 2.6775844491651055 2.3128476609559088 2.0182963904298767 1.7974857420876411 1.726247509416446 1.7922988280833563 1.8175303566732992 1.7472248474017607 1.7189496102939723 1.8589471827383381 2.17668712756619 2.5833467967473993 2.9419943622876614 3.142032295919306 3.174629530666946 3.1384149990586208 3.134198319079009 3.141124538396775 3.0581715558324127 2.8779131119427253 2.7219145612876363 2.689441623542087 2.773635311739351 2.8706884453829025 2.8757781115502925 2.865833681916213 2.9337427425653377 2.8571179674521905 2.9718066660128657 2.7883077707739825 2.255119416723402 1.7159228015795214 1.9596926948993638 1.804292897782601 1.9129053383119412 2.5470150791547757 2.0874277729260875 4.667212910747327 1.0975990295318556

GCC>GCT
68.91442085598537 310.9767559505502 185.417755288442 154.7348303295776 136.03886027052462 119.1780071010892 103.97471388691206 93.68634354196416 88.88892336153152 85.38165022264543 81.09240162093654 77.54942406191496 75.67114183394047 74.0647637328353 71.93971788837212 69.52097948336102 68.18532851965921 67.7220396540504 66.67410693921265 64.48671278123742 61.72826576971464 59.27859325166538 57.565708639708376 54.17609517859486 51.62674449713737 49.32958946009756 47.287936633699495 45.42767254481769 43.70120152935193 42.022837231239805 40.44360281032512 39.25383501681672 38.635998204272 38.394180062997386 38.18458517637425 37.88605097305963 37.69969432316242 37.88074028960247 38.39215699233966 38.855292268289666 38.819874363592625 38.036487683736965 36.53466866285207 34.55972501340699 32.44830391534461 30.496402043355623 28.877375005369206 27.641374396918792 26.77901152805112 26.26197867284552 25.98576968316324 25.72857828219979 25.3005270710525 24.73388447041046 24.23118000244197 23.974958916729904 24.04915230422559 24.439159392971902 25.02647334036558 25.61641794757795 26.011548165650616 26.0923650919759 25.86108238985 25.423733115074228 24.923540800576188 24.46536076073858 24.076326713250378 23.72415023532371 23.36894251963879 23.004464822211393 22.660360670211773 22.32136991516387 21.850512871488334 21.16159278918386 20.413904788997534 19.805198549236582 19.333682471432155 18.905394021762397 18.476885476474816 18.056140901312453 17.671303147981405 17.344908634537813 17.07606096293381 16.840711308069107 16.607946989739006 16.364283086249483 16.13339799007265 15.974662360531358 15.952926314705604 16.096331472842145 16.373261630253882 16.701381587553428 16.97079282783933 17.062972912122284 16.877120408632095 16.380834840063805 15.658491067747956 14.898341334878745 14.299405600976543 13.957209953092097 13.817342420249217 13.73478259197347 13.590282086412536 13.36935195279986 13.146379835879632 12.999651590745497 12.935201219409656 12.879929474294896 12.742428715057473 12.487488108575382 12.164360254530331 11.866613284061089 11.655876893369678 11.51739544379786 11.390238109986015 11.233827805065895 11.049085578482725 10.841324041366489 10.596964240783347 10.308638413756688 9.999624572558899 9.712539016899758 9.486468052181362 9.354278305098534 9.361001124528395 9.561587149461552 9.963950388278995 10.452634518117234 10.762579600448138 10.592707905944447 9.850862240714052 8.766195109611473 7.721480953415344 7.0932588166872375 7.099257608119785 7.697649509393306 8.554090727747788 9.135932606463681 9.152090947493315 9.125853843708924 9.358260760290023 9.668942674612806 9.192830666584966 7.160574070051207 6.064849497030931 5.735675627113811 5.637814213544375 5.975842180301757 6.335447981767857 6.2965184783302295 1.212176417904827

GCT>GCA
11.123957044071133 50.08287161454368 28.087010214539365 23.675400446210865 19.043107088658918 15.586230228725992 14.525844102662832 14.181393473972454 14.359058456303671 13.289383450617173 11.46252218843312 9.909898998395848 9.646559646332934 9.37030750742591 9.456385185109033 9.753668780809841 9.817505303845921 9.676697289395573 9.641088760018727 9.675320292417968 9.66834778266799 9.507628943892405 9.052063057890935 8.36106130253511 7.723192965348594 7.371863109482442 7.319993797627241 7.436856718683915 7.5679731053651915 7.592468198673011 7.453099292284438 7.188029142960502 6.931029364573494 6.828164233217486 6.891828968504966 6.945641133595503 6.807994552641966 6.512790771987094 6.219570702280442 6.009223483355318 5.895235279516992 5.865263335161553 5.876041204128339 5.836842580342102 5.609524041332896 5.280339057885904 5.181763308726989 5.364495259585751 5.613781819428876 5.8093140239627115 5.866854770596513 5.770703810007593 5.559219505737658 5.289433146552376 5.010607650136301 4.754426043504557 4.534919536544284 4.352169381041735 4.197278804929545 4.056216086988493 3.9121115794976995 3.7499966727044987 3.5666100965688843 3.379164517770205 3.222874068506975 3.136152910077906 3.144827675843213 3.2569089017223645 3.4675866720249653 3.764391275125751 4.124591139081874 4.507284417290416 4.851028556254216 5.086549242417799 5.16295534305844 5.073298092395828 4.862470090744218 4.610836419810362 4.401960624238515 4.290588777995808 4.284631489854888 4.3470141916074585 4.414121551446842 4.42069927491222 4.322056083433815 4.111096966259953 3.827363612551542 3.5475594853139194 3.352091699753682 3.28461307338332 3.3334483358637548 3.4461103835727576 3.5610245649978585 3.6332043641110072 3.6440538736133683 3.599417815377695 3.5217788379473283 3.438501366144855 3.368936666750113 3.3171532078487305 3.2750878714537306 3.233493469664672 3.193920775157582 3.1759510510499 3.213627211850265 3.334470427542194 3.5257152679559867 3.7215748368431445 3.839610959739539 3.8264587239404126 3.6687130056580197 3.3959256080698035 3.0863241411403046 2.836318393824461 2.7041969465183926 2.6825566996504895 2.7157082237607537 2.7430207068243315 2.745433711907681 2.7660909699961667 2.882416366942202 3.142006516632469 3.507385659759023 3.8509189919303957 4.007196700365957 3.858238410024045 3.420086135894611 2.8723209979959434 2.460281801631947 2.3232360303991997 2.411623035239621 2.572071230627897 2.685064142833074 2.727734901281957 2.7229428580095036 2.6532749866877867 2.521281022690127 2.6048436887644515 2.705356588940692 2.402510833417407 1.981807362130327 1.7056966217291973 1.6150446143162098 1.8384659316106282 1.656530842628285 1.5421728512839514 2.7640244860891623 3.7839724200895093 3.22132703174038 2.534143839938138 0.517300831782869

GCA>GCT
7.410023008520867 35.442045482369195 23.288277315848156 18.964959827526517 14.326814860258297 14.30924767328085 13.7677741102588 11.737142300579372 10.013398424818288 10.82380010505184 11.404940264610364 10.664279249149555 9.963328227746468 9.701984238956644 9.408100038604118 9.027924436958509 8.515649045370553 7.803848002163491 6.986093148881654 6.489809168475952 6.486216826645942 6.654281819683185 6.64105887778795 6.4243550409329035 6.115589868464547 5.8114781618815226 5.607066855772807 5.579122240192009 5.7078727887042255 5.854060611400291 5.87252595323043 5.727907395365571 5.472892405927944 5.162540625125663 4.828164407607129 4.50293240121972 4.22881325476818 4.033144907873647 3.913462108468669 3.8470253873328657 3.8071090555175093 3.770249701869934 3.714826011337352 3.6202725155812003 3.4770763630846595 3.3052806923179 3.1615187273520076 3.116686120657721 3.2143982781633627 3.4446687260062334 3.755360639588633 4.0864755053000765 4.393068503736329 4.640932305121239 4.78948933035178 4.786979989402775 4.589921630652779 4.197006853895751 3.672330080904111 3.134778786653235 2.712439592595739 2.4884337887071046 2.47236625618666 2.6113616065189804 2.8269232045586015 3.052455101908077 3.2533698175181223 3.424786576435868 3.5729360764995004 3.6941184504960525 3.7662320087350865 3.7588460653064337 3.653289827830843 3.456849537868642 3.2019156528100208 2.934031890056911 2.698490425446737 2.5302660199835083 2.446712117657747 2.444322985878474 2.503916457690875 2.6030442905610056 2.7247938569842076 2.8538835187851 2.9666691513780354 3.0321386142847735 3.029585202271502 2.9672091540052623 2.881756603551557 2.8184477180514786 2.8089196230637525 2.8617141391790057 2.9636169354320914 3.083227319358584 3.175317524003739 3.1912424915911455 3.096539511762651 2.887972492948188 2.599522757224707 2.2924428792740588 2.0333810810128763 1.8716684633017941 1.8279854074805075 1.8983400249003761 2.0637578130072773 2.2918762515412854 2.530972755420805 2.715032386472807 2.792411454609543 2.758430737437326 2.654436481228891 2.527524425758634 2.393820952604617 2.246138440610636 2.0901457190438086 1.9561563773450588 1.8691358628150774 1.8207539630930936 1.7837154432206979 1.7446780629174046 1.7112209724936875 1.7006054920099503 1.7407256708114542 1.861427982740695 2.050281056339153 2.2291438163070585 2.3016852812906445 2.211588804905895 1.9502640715381236 1.5486907312853866 1.1020513757006372 0.7893742457564464 0.7871365997567871 1.1073603328115393 1.5827548863111596 2.0368272948839476 2.2898449193917925 2.235632623729515 2.0563327813362653 1.9863852365335781 2.0094236712429945 1.8505321547788032 1.4881704092172638 1.0444338085109337 0.7990728604784465 0.9029915373446372 0.7601593105770281 1.8402889682562578 1.2729403488679343 2.697201594047961 0.644601127211432

GCT>GCG
4.642749006299328 19.71304120362819 8.035776345298908 6.702659628930405 6.548301941311232 7.578215673011317 5.893601538233398 5.536687167196827 5.108233884253364 4.8301004266507555 5.004256307240793 4.956234967027426 4.588678444883845 4.263458626028883 4.429925765393822 4.822136015874883 5.016526662030849 4.949155108738758 4.764735182956919 4.487519597418878 4.126290025131249 3.785436273796853 3.510737274062079 3.3600457429851205 3.340709758614782 3.336848089836414 3.221026268878863 2.9673728511675797 2.637284186879659 2.337056655599456 2.1777391165557205 2.208359335266737 2.3770795890055862 2.578594617099801 2.7335854984520784 2.8140060622558245 2.8158870347536396 2.7394045382953176 2.592757289090501 2.3912473299257866 2.1471393559027026 1.8752821715645862 1.6133225963496196 1.421646957309263 1.3489704208927105 1.395371373163157 1.510264471833713 1.6254589659059289 1.6912991701755848 1.6887861638329564 1.6208863630730546 1.5049521537848731 1.3747211403366992 1.2773427917336353 1.2536740672584827 1.315502653446444 1.4439861272044452 1.6090054516142391 1.7781326161225384 1.9038642499662006 1.936230520360222 1.88085901455675 1.8147878911373219 1.808262755180051 1.8573830678322767 1.9092809587860389 1.917061673682232 1.8626212014706012 1.7569708104741197 1.629912491147968 1.5107581216798582 1.413055090145529 1.3356327271895017 1.2755511086923048 1.2365786444602014 1.223911249668077 1.2334785039356313 1.2506421371868819 1.2610340281664625 1.2614073903512082 1.2586174683982816 1.2587541636474913 1.2590830920206377 1.251482603104826 1.2332246496715304 1.213265845114483 1.2067624164808854 1.2220730869264078 1.2518348671984205 1.2758852591004044 1.2728917030731497 1.2307839158506428 1.1495781896825552 1.0383636400351963 0.9119624016576711 0.7901638419500427 0.6979574868676568 0.6624687285877754 0.702743183240979 0.8140646586858927 0.9579021426170116 1.0717272025404148 1.1000094444145492 1.0274050809795954 0.889971878230719 0.7570736725419933 0.6969551904148144 0.7452036331792244 0.8905306422304687 1.0844411016539783 1.2682480797844857 1.3975889274656765 1.449765298945558 1.4206652493421927 1.3250524579325171 1.1975549298947687 1.0816213325885913 1.0075383372182447 0.975773245902234 0.9579256521991425 0.9160609205660964 0.832343332207767 0.7293570992668462 0.6603048014068911 0.670743915169448 0.7587826075109201 0.8693532185607218 0.9365557843144006 0.9323022563304043 0.8649521779994171 0.7605660582154878 0.6867125141618441 0.7181284630772695 0.8102833303703882 0.8110490884992531 0.6468959516375384 0.4346183367145768 0.3295834613405536 0.3180982421680285 0.45776822160422004 0.683187203945888 0.7042200303804306 0.6235387481218284 0.7270622721313599 0.7303547493360574 0.7792760151663455 0.9846923986698222 1.7141054227467722 0.9779184502869075 2.5641469025674044 0.6636336465181129

GCG>GCT
14.031432985493801 63.8033767930366 39.42861259613782 26.71680176246545 21.780720487397065 20.56066614986548 18.91711306019646 17.2512590584437 16.244883775127946 16.449797692646083 16.66959470286125 15.942278766077798 14.790763211484444 13.93054542393308 13.55660039585606 13.46698398795704 13.353323071482937 13.124421915051894 12.686039469762685 11.979177241941725 11.294696505091464 10.92786836265074 10.814265860044387 10.669012025435718 10.269704523124284 9.646923374710767 9.086851075171195 8.902984916340005 9.144914866599168 9.57648884000557 9.846564341051087 9.670889317121018 9.047001070841752 8.233870639857557 7.491933140669206 6.939693006982907 6.552137472721094 6.257664345095478 6.020622056348234 5.860391542702379 5.83314599206421 5.992980917177434 6.330158115259661 6.725105727588566 6.986306673168842 6.974728984382237 6.709214925188487 6.342834114338315 6.036812427812957 5.86145638378233 5.787994048113347 5.732552599191243 5.611417041953121 5.3905901573563035 5.101779456748634 4.810620804064305 4.568436167677133 4.393044350695453 4.288437936483825 4.271598345486837 4.371858122512058 4.600846512130074 4.921274019798966 5.243799826267254 5.458462263997601 5.4830135798993895 5.300746124673951 4.967092582023142 4.581939916929797 4.244076059024467 4.013577537137678 3.899878145702421 3.874080353093289 3.8901938303677315 3.9019176090305643 3.873228257316558 3.7871451163960073 3.6515830629973607 3.4948339282007668 3.348589069216734 3.2295592612596655 3.134956146350851 3.0549839570020856 2.9892288792274497 2.950840029647313 2.955511963539231 3.0071727413058684 3.0935377877143413 3.192818610267804 3.2845578304619094 3.3612884757986112 3.433174120358754 3.508534416164552 3.567180688433692 3.575346156924875 3.5280790576284105 3.449779904519631 3.355406908005371 3.238393214510668 3.095246016356555 2.940871075383787 2.7977158493917464 2.6828050055260713 2.6097884897514714 2.595070064669092 2.6501641296386675 2.76233443858477 2.885168694642171 2.9549940460688418 2.9254813565056117 2.7971779065343987 2.6208718193568914 2.46829234522389 2.3856146614132916 2.361483171639894 2.332651967870911 2.2220205237878945 1.9853608302971013 1.6452502035864958 1.2963897391408812 1.0709629710175477 1.0709128773612386 1.300798495199788 1.6447362409291293 1.9132742072748687 1.9470626621180769 1.716908492188096 1.3450304750367534 1.0266776553424226 0.9114193124401938 1.050070698773643 1.4210098590445666 1.9194987501857839 2.331098098000864 2.428486676453392 2.181634213489501 1.8446193597858294 1.831780251134036 2.2426873705906307 2.5588229944182364 2.389068728128307 1.7686863878084098 0.9977673390081403 0.41310890139240897 0.3596360434282969 1.3182717287673091 1.875659304287296 1.176493082256411 0.3646203958471756 0.05471064617211029 0.003162382595683669

GCC>GCA
35.758985490125674 161.4086702333683 97.89821248016588 76.69764425656093 62.76811172242991 54.8533235389221 48.15682995158023 44.99478263663975 44.057695925870796 43.41275601369877 41.36008922727932 38.78002244804838 36.81055976192997 34.595279828534096 32.36295256265235 30.972914135829814 30.60328146470928 30.368193243344574 29.525283470660163 28.353838443368804 27.33698925257478 26.49396550382944 25.785237502830967 25.7187476632457 25.519784586410147 25.064252134365642 24.33247805852647 23.397182282137706 22.460179644948777 21.738396537548947 21.31344120073644 21.08978461205666 20.987630295150172 21.064705420322756 21.150376810007344 20.903196121830582 20.354381378571578 19.68567918058199 19.127226326838365 18.82958731968477 18.779605568850705 18.8140719567889 18.717399495663166 18.34123821547135 17.677978608044572 16.84442251307449 15.993693860832797 15.235612663415296 14.62692073979219 14.203244339743962 13.985480971178966 13.949511148277432 14.004897506267865 14.01642651953932 13.858197834996917 13.466480658196677 12.864036326110227 12.143073663301355 11.402621851528085 10.678991670807576 9.969169269871353 9.340966975099272 8.933661708734519 8.809199567452543 8.889365713477172 9.05009374251138 9.218183490406739 9.402829459650786 9.652331952345795 9.961407158311534 10.271682839299084 10.562400695813185 10.83109641728127 11.007695221209156 11.00231542480363 10.80672467582077 10.489741633794443 10.126503898888238 9.753235291359196 9.372025452373688 8.985116579827064 8.619476224828938 8.317109598083553 8.103248837431549 7.966002650187181 7.867988599025471 7.77829329724504 7.694309214343428 7.634799307073174 7.613977460331952 7.622457576431994 7.630924585927023 7.609622179857088 7.544722458604907 7.440632215805851 7.31326684500525 7.184867756895838 7.081718127367037 7.02651709954617 7.022958989558849 7.0459447590592506 7.0528645732539825 7.010741893512215 6.916026992603715 6.792815128108367 6.677714356304717 6.607489651247425 6.6145315825641315 6.719835921959382 6.91155750199951 7.119896460086905 7.224397287911172 7.114252886738084 6.767553670916597 6.283398666999291 5.835552093763052 5.585258377921569 5.615941519825025 5.909123260373755 6.347488292665743 6.757670942931797 7.000010352996435 7.030703011514492 6.858609488236968 6.472778375113942 5.8776953294156495 5.190227477469156 4.626998949462871 4.348315568183991 4.316718103959564 4.331271377603094 4.232715902279541 4.07955935434483 4.067820467365977 4.337912568903975 4.915847464163015 5.69800345284497 6.486800881569337 6.828186630802411 6.3118739267413915 5.058034265792709 4.120507660027198 3.786362819985018 4.300040525140275 4.632680404416592 4.236397930506177 4.174353252257298 4.088630306760989 3.3212666766331824 2.6691682198850453 0.48525846319688737

GCA>GCC
5.9031109139691935 25.862454960192036 11.78434997889251 8.10980988143273 11.259222073865443 9.364221498274864 7.884692796557057 7.018762455015628 6.957887873301301 6.601084481821241 5.482761213429628 4.419225309354781 4.084099374272979 4.488961555182026 5.080003050782671 5.2450737547788835 5.061857845949188 5.017997708386026 5.258742835580328 5.3751450658820925 4.994915034916305 4.276465847728416 3.745037182555439 3.6960440072018748 3.969957603502008 4.232821652632546 4.328714993572571 4.320497020915386 4.3261933198718765 4.383026291639575 4.425145199639418 4.348009619018454 4.093711805973795 3.6997316078344102 3.272686759334325 2.9038636166853693 2.6130368746848904 2.4034598620627468 2.3420540384140027 2.3505921208643965 2.0823014471889776 1.7000304991855961 1.6466595518177694 1.6162208954847772 1.6103753639522336 1.6329886440341592 1.6830648170558882 1.754541629074091 1.841556262394258 1.9440528605481793 2.066785188055051 2.210443262003286 2.3620362922535207 2.4921779615127235 2.561123411279233 2.5326889460260413 2.3943169550327004 2.1745658358626403 1.9416448206378383 1.7743328965697294 1.7199867759494214 1.7701992995881177 1.8731398021957042 1.9716018263794586 2.036357472454888 2.072975104700549 2.1046391434220997 2.1485717423197057 2.2008849927151948 2.2357681353542453 2.2190956252177925 2.130590771993211 1.9811848321325418 1.8117458030974711 1.67147864556619 1.5902306393173788 1.5640163042169362 1.5628082809448567 1.55327448965422 1.5195276627059149 1.468126419270115 1.4163549769929777 1.3757842403841223 1.3460126319264325 1.323193306752659 1.3134902673939235 1.3370841334154877 1.4180382226358141 1.5685453860795808 1.7796519166655858 2.023377043165133 2.2624902121292685 2.4610867534214895 2.591097038635677 2.634038876990329 2.5810353912261363 2.4342810819843246 2.2094723173753734 1.936175474339146 1.655225658239712 1.415009045511793 1.2665100018619737 1.2530332166985765 1.3926080492257995 1.660554541759412 1.9863597438048537 2.272660608190597 2.4291357781142016 2.4049746111680954 2.205899420097939 1.8888900736107268 1.5361209786701637 1.2207959514889029 0.984421135514323 0.8355983269829244 0.7632086006500988 0.7532804762221623 0.8026842891757284 0.9172972909766994 1.0874916086714297 1.2644218806801737 1.3746156065536312 1.372040799882773 1.2748851492388233 1.140896440958928 1.0067648976211103 0.8630477522984507 1.0777378067444596 0.9769246238102032 0.7325267581358287 0.7175460219904538 0.8596303344148406 1.0104516160250547 1.0985749699897682 1.0848882786380636 0.9762631413003301 0.8744625710431366 0.8729856858041172 0.9364439219675056 0.9976980225879069 1.1711422417372266 1.5487671474260218 1.8216587650707035 1.7627261037031776 1.5463611256968106 1.055615451843649 1.6700336819625194 1.8526791661256952 0.8973670520203055 0.9835036577177897 0.22083025372785559

GCC>GCG
17.872261693760112 78.07813906561071 35.89955281265851 29.917191077465237 28.59317575796797 26.469294346140217 24.78175373703761 22.27508468577322 19.90161233741611 18.099956178272496 16.41822102798326 14.591088335875591 14.269207683837648 14.85542615682704 15.125913830692168 14.8714373341896 14.687671714094787 14.898526865733698 15.34708162471796 15.481588647560468 15.011948948496645 14.04257642520929 12.900598943553346 11.882738118225664 11.047479480535534 10.326733462030464 9.728885206796667 9.30122909914797 8.99063575095667 8.666158605477806 8.249894627442805 7.767499923210294 7.300558587997683 6.935317027373637 6.744625361207316 6.768268168732072 6.983134820403518 7.304357950810365 7.631896675006444 7.897914953958831 8.074376513333483 8.151758220973806 8.124270048007425 7.994486101601699 7.777702126241643 7.488247731002478 7.124257076644681 6.679946073735434 6.1782225770020105 5.681616709696688 5.261269936123448 4.955796099715026 4.763792065589101 4.67175966034305 4.679590298878345 4.7946344704584964 5.003941150159966 5.255145499226821 5.465265287908074 5.554020637826723 5.4826493352987224 5.275076375950881 5.007299848593218 4.770646590292338 4.632472559186039 4.618343478853085 4.720449334880885 4.915338185895891 5.171344997813961 5.443664264997147 5.672135630998238 5.795055484185557 5.775253010064706 5.620539622942041 5.382181073262309 5.129981326205836 4.9187886923943545 4.766811772974697 4.65733243833979 4.559065690271036 4.448750268996782 4.320914620446265 4.182398168834325 4.042103984185849 3.9077688691105754 3.790323553035766 3.705894822647625 3.669060002372578 3.6841518450881185 3.7458305329759676 3.8485709336872715 3.9924316508225868 4.176198289443047 4.384005210074812 4.579957718823513 4.719503523142508 4.773282720337811 4.748145850090819 4.687612749304989 4.658404103905975 4.72107254075534 4.857943225448294 4.946349030138438 4.875041959853612 4.655628723449988 4.374631597780371 4.093487819526897 3.828928227712495 3.584791757204174 3.385231311186924 3.2883945239212795 3.340073082499226 3.5122349902635883 3.7218905145733023 3.8895845305901977 3.9544963429871887 3.8780702171009542 3.676258630825491 3.4307275004759528 3.2298991302840077 3.08222760982629 2.902253027138519 2.608589757543129 2.23022776141243 1.8921244547740903 1.7239292401139945 1.8157537545886258 2.178794556551789 2.6589109002074443 2.9686934035552235 2.905770292820525 2.50601856522491 1.9661910877743884 1.490379147522971 1.1787619680679577 1.001139522819056 0.9250568868977532 1.086684437113055 1.377852374759133 1.5581635630694821 1.569594827004745 1.3920297481902721 1.1469498841216315 1.6868810385047284 2.4851370790708027 4.293405132890385 4.315309640919259 2.668225320930643 0.9702344309022177 0.18054775629886 0.012952707424169409

GCG>GCC
6.7655530871461735 30.437144669401548 15.856166575448436 12.167800986930425 10.58126739594394 11.638792617365791 11.58051599455132 10.500534000016897 9.680035119735832 7.990032597145405 6.164102018302803 5.158706467109947 4.782464645405087 4.954224814266594 5.382409823400847 5.854174527687181 6.046854838956078 5.838350666484857 5.351510042364496 4.862096769186925 4.669627020805454 4.862462457107868 5.2682442050554865 5.299936664321409 4.623856991344946 4.248955856669609 3.85052034274416 3.5458501097341952 3.4407807620397213 3.5664845747131784 3.8418792862069147 4.131655622063506 4.324005098882928 4.359200992613985 4.228442800120442 3.960626385924197 3.5963734873078756 3.175929384276193 2.757070302812493 2.4228135882874584 2.243298942912187 2.2302068711924106 2.339932948459725 2.510208767600108 2.679316053182112 2.792935704104434 2.83563006026868 2.8310973005682416 2.733842745706237 2.4448658778144314 2.079632087696398 1.8841287018811135 1.8529200300985225 1.8665148519426658 1.8992519606486438 1.9333471063166758 1.9576040916638058 1.9648910983837167 1.954044248264571 1.9330949549968282 1.9178789890658203 1.9254279770819767 1.9663983910330451 2.0400807051974352 2.1329543069773758 2.2211778795397374 2.277101731846959 2.2776165573264127 2.2103528476863152 2.075618069580249 1.8855412591603458 1.6625257396427822 1.4364825401999477 1.2388883323855397 1.0941624340774068 1.0125450707560286 0.9891911417390191 1.010276557446975 1.0614120179551578 1.1315034739145167 1.2095659352450907 1.28007500189489 1.3256763136253473 1.338674538074601 1.330900261997842 1.329458897421217 1.3586572349371056 1.4232654329510661 1.5080467445119006 1.5925267283912365 1.6655346768233326 1.7264554297005328 1.7757624791195263 1.8083890258587307 1.8181428891593254 1.807281588565966 1.7892660177963027 1.7800774512656719 1.7851124258925872 1.7938421182185376 1.7885175477403779 1.7597985029654495 1.7149985157738274 1.673263157716058 1.654509875530915 1.669303590902257 1.7112359654405738 1.7548404879099588 1.764608830330602 1.7132596602661352 1.5969600171494602 1.4360253830199956 1.2619147738197138 1.1016763857770908 0.969566248504597 0.8672413222508811 0.7890671913987336 0.7281693411512227 0.6782461181212712 0.6299744009487203 0.5700058890595596 0.49313360759528113 0.42196038868371255 0.4035073573247402 0.4636639597623182 0.5619990191334538 0.6141480072076643 0.5773122597158804 0.5023059629617258 0.4712777655213147 0.5124416696190023 0.602022991184056 0.7188749136433967 0.8706089309027213 1.0303392601972212 1.0825774730066082 0.9312579973578078 0.6727558358537838 0.48937624512864863 0.39932483732406643 0.5271179974819098 0.7420163929493864 0.6969555755284906 0.6246717907195705 0.8074881684871101 1.3047788603606612 1.9478940514892262 1.8781531462432193 1.5034730464841652 2.0908194605841066 0.47649461412339855

GCA>GCG
6.865437908835995 31.98825517551874 23.76274039567002 17.416986324358554 14.657614963318542 13.557978189909443 11.942439709280867 10.045890260995417 8.828787219466012 8.81435794152418 9.104675982986166 9.165866791680264 9.362133418188195 9.460698326433437 9.083748728604977 8.300878197759369 7.437469426785287 6.582746583650467 5.75300379070751 5.23643360499315 5.3528216697435465 6.065453200204779 6.9556044294700285 7.506703966574971 7.695972137910219 7.748782506121636 7.626685230567866 7.53984079029984 7.55273261564628 7.542244216970952 7.358754910254133 6.969550244444717 6.445975536146021 5.887633197515647 5.380590539040933 4.980746210983373 4.699902519305773 4.506760955158538 4.350592058950347 4.190831775123878 4.015816416792827 3.8471144160121553 3.7270205257362683 3.688642439711312 3.723751273702499 3.775440823389982 3.768003562381986 3.6541912426640364 3.444377044682803 3.197757848646244 2.9855255888984504 2.8553195846621393 2.820462262945827 2.871825634197912 2.9915393003693596 3.155366422626141 3.330034424537023 3.477468782957649 3.567412840108592 3.5895648594631338 3.556415702063294 3.495600709601951 3.4376134142981485 3.4055744820390284 3.409622646084069 3.4453931633786996 3.4968017573807497 3.5438454054626036 3.5724153079439924 3.579146888711871 3.5672045924570486 3.537551769243142 3.48510002409598 3.4042351804497573 3.298860175473371 3.1878904778035437 3.1011370318702673 3.0677271635773895 3.1035724159344023 3.2040879764897325 3.3450942773614782 3.4909137153869816 3.605959021478949 3.665490772359255 3.6619888577963016 3.6045936328014796 3.510945787050739 3.39486659448767 3.2579953259078365 3.0934371532659273 2.9012047557625844 2.703331470409594 2.542321363254309 2.4576031881881333 2.4544096615839095 2.490515170399481 2.4959937658697773 2.415749734756217 2.245426648882823 2.0356880302099474 1.8638933682590044 1.7946172347303637 1.8536228294567174 2.0247431470510917 2.261207820410328 2.4981108335905065 2.6636242460906874 2.6978276694950982 2.5821660291776873 2.3612783595587614 2.1246692486103136 1.9441923974368818 1.8261890021020988 1.7369578543074955 1.6642992026496923 1.6285813182761446 1.6380124971632068 1.6614990862460342 1.6551372951851875 1.6033589216917752 1.5263220147046395 1.4511033074327384 1.3893979267905043 1.3560836908142588 1.3961980333025612 1.5665048060443445 1.8804298031575895 2.264376339345734 2.566313893354559 2.6393584298266206 2.4632595096108107 2.1936321249660256 2.0592480689589876 2.171730752176776 2.395140330701346 2.5167986224737997 2.5418230994864635 2.7148747975173553 3.0241054876092615 3.133212693597886 2.829353184478971 2.278833159094088 1.8224270853154716 1.4910381142976712 1.297223873221074 1.2075896950090548 1.6714622108282358 3.1172481638171137 3.8368668757442617 4.645870315259416 0.9819030724144744

GCG>GCA
31.41323826999487 140.7951089904921 79.35924328639155 75.81810863497309 61.93112320287465 54.60009536155615 51.96883775720086 46.83129055194472 41.49381359125352 39.121054653724144 37.59848464576528 37.99119447310069 35.83252976555388 33.81879934126942 32.03939829320625 29.501773685872188 28.582296470691052 28.324819049092444 28.655569261057693 29.036457162778902 28.711688192903573 28.69552129718968 28.31753003798424 27.332209079552808 25.747074247220397 24.135053130899063 23.297181778037885 23.085661049589927 22.472105987982847 22.31036240317673 21.88929974799124 21.379828001932193 21.028363520118347 20.8654389655152 20.693359613393973 20.2960833436323 19.579974761837356 18.616325643837765 17.626359716255894 16.881708733290317 16.591994097774116 16.82253732485143 17.380925681307506 17.807701427108896 17.77220587943585 17.322501158393845 16.497974158799227 15.344867998567038 14.185425953994693 13.346162533398743 13.016115922456883 13.179140652324433 13.643247299264829 14.135421216963888 14.778905644180501 14.999518165625984 14.025122372163722 13.560343317115825 13.152010229908981 12.905080658255642 12.803000784480304 12.735207284170716 12.572087033629078 12.24243958820945 11.769703081681637 11.24833300372586 10.781980487852145 10.430284585120692 10.197594456115763 10.05950363935387 9.998037845936521 10.020015503093816 10.151841490448442 10.418555123933542 10.819874972856049 11.324859791490425 11.892859962326545 12.451216146812039 12.834477154043878 12.877673363152017 12.591236904463742 12.100272426494202 11.475954200830355 10.749509992872502 9.996587793457813 9.328992021266767 8.836909930827169 8.54663903256688 8.414324785386555 8.357628377528966 8.305296077463195 8.233437577672033 8.169491862327709 8.166562090536548 8.264409699272306 8.456889190797185 8.685661572128407 8.872280603244954 8.973899280827341 9.01478304207449 9.053766564898218 9.115379248948294 9.16294721301903 9.141463142030306 9.087095843597659 9.03747384985201 8.864670832961774 8.463506609121438 7.932516893240324 7.42197162387493 6.9949530666230855 6.661698318997967 6.428627875785332 6.300682533373724 6.274329075595202 6.339982137040243 6.491992380005176 6.7523163373603605 7.1710943507212574 7.7447379219181816 8.339522730357873 8.758248545681491 8.875526550266654 8.696748406917564 8.292810207211533 7.685371418334172 6.860912733521979 5.922581613932842 5.132886013908448 4.7268028460929035 4.691323401461611 4.754727426703576 4.629214049755485 4.343735585505612 4.280543741894669 4.67317379296862 5.071385768384963 4.9485246009596215 4.368797525223934 3.5821836980435684 2.8866955624430317 2.8278906561675723 3.7376258538880758 4.700193553217138 4.375709906732557 3.3554700393743966 3.914977942462083 4.2285723171592124 3.419724729952269 1.8669280165894055 0.29810579242351914

TAT>TAC
8.250371476153088 38.746267024289104 31.061553680605666 21.523341755134105 22.271154534915926 21.890102114119646 19.914320029050636 17.617905098396395 17.017871112069074 14.283317415126751 11.783299231537399 10.68541855115205 10.966889276066874 11.440990294624852 11.414556720989879 11.436693604734806 11.181806640701364 10.925627935547501 10.942948259603666 11.17698239470802 11.207107339700865 10.661663205478604 9.662995371528483 8.72475968112914 8.221520686854948 8.203875479794197 8.570928799175332 9.159452151963379 9.740181759916123 10.085830374386093 10.059553566670077 9.63410852555613 8.87399393600424 7.916161586920279 6.928718276548443 6.056901365515937 5.377457011720252 4.899144679388996 4.619019356562866 4.55440559352988 4.69763915727425 4.956369356528111 5.201723925591301 5.397094779239165 5.594372916802146 5.792294263991867 5.91823207192192 5.932624461195466 5.862007934856582 5.776630284240866 5.756332639181587 5.838408226888218 5.994726679500243 6.160373873076202 6.283818423149549 6.350970289629323 6.3701934856087785 6.346349390556041 6.2738826043180405 6.149238602501539 5.980953562479862 5.783806445335806 5.566921879615999 5.333622742185266 5.093223047375609 4.86643488576148 4.672976781194102 4.513309295861359 4.365136898710115 4.1996463110622395 4.003383198606454 3.7893361004214823 3.5921796183220724 3.453008904640418 3.4015740135371115 3.442746243162524 3.552738674382874 3.6879935097931065 3.8033569221751864 3.869676849623069 3.88126156649027 3.851838394766214 3.80586934583453 3.772180222930352 3.779875339597854 3.8511008556733803 3.9882023864821265 4.162133903844441 4.31470449899198 4.380449071276768 4.3173350089126625 4.124849672088262 3.8370529503740567 3.500639095346983 3.1601162684745887 2.859490612912824 2.6471745314279125 2.5657930762038936 2.6272253947170903 2.7933011354927704 2.9815958484456044 3.0961197636164846 3.064998345100607 2.8660969971456374 2.533117035291213 2.145198030176283 1.8044594285877535 1.6030324792464508 1.5852767095905278 1.7251880006281795 1.9455106103329884 2.1767172012455465 2.406945969362743 2.6730527501347954 3.0004777411079746 3.3461311726507805 3.5948239827319575 3.6242776966256844 3.4004252598225473 3.02467610627447 2.6805271738646566 2.511838812925927 2.535136010150613 2.668010667287483 2.8366545853195007 3.0295087654854185 3.2382180100861713 3.386556604721696 3.353227660488988 3.0562080373557685 2.5204318912196366 1.894367456367355 1.3987485422100694 1.221007955300336 1.4209690875639283 1.9129441662541138 2.4526924263561436 2.7506752662768843 2.9014401328252393 3.144645433972414 3.1508301026845507 2.4956762906712995 1.7720171622819512 2.064641628611714 2.5737661374776426 3.6096951770816257 3.600726815575568 2.5267696837163003 1.594198335288818 4.518072904128662 1.0465774683239701

TAC>TAT
42.07658949024785 188.01832419354812 117.01282320380794 96.73841767310861 84.94230078683569 81.08097026550298 76.31616854693921 69.46349388905139 64.08113978209148 60.60571480363919 57.28059923897447 55.63231799152807 55.85718062998961 55.371053333623195 53.325894358481285 50.62382495687201 49.04765569160493 48.15769157925381 46.76584158550689 44.80506152081615 43.657431477138466 44.103335105995505 43.78390973858066 43.6853931688602 42.82886260659624 41.78539336695993 41.1168834242009 40.80374478638865 40.42120548624036 39.62108578226539 38.38613652914501 36.998721258262535 35.85630937898826 35.11167183101377 34.47959989901033 33.72485808971443 32.97098631385688 32.32573648170571 31.821266452709782 31.47186477710746 31.26596830078713 31.191186336411782 31.19669707053967 31.160796553536755 30.926521477614834 30.39058406624404 29.57594523490385 28.63388008497467 27.77342827747231 27.155149648896156 26.806848773880244 26.616919991803712 26.41345756512687 26.071764701692818 25.5767048666823 25.01159425111938 24.49972718956905 24.14431693649985 23.99594756955234 24.044993407728406 24.219146542064966 24.385302248008543 24.385016275827663 24.110900356391404 23.56817818368329 22.863638578964633 22.14229759087089 21.53341586459844 21.124909970335015 20.94738719982637 20.963509199800722 21.077450858790872 21.170323179743274 21.147790296367063 20.978224323645353 20.707550151913 20.448303930764308 20.34424923975082 20.514144707779813 20.99109590579039 21.689110051308873 22.421307986242343 22.963331246080855 23.131260545760973 22.842767109237563 22.139715110841408 21.162729227465352 20.08972932619355 19.071418247664834 18.196416030059478 17.49535109648794 16.965468045650436 16.586877429788778 16.318846966860026 16.094916645449732 15.843917901791 15.533784790863372 15.19923380228388 14.920912801527955 14.7705118073418 14.769245842557579 14.889369075933672 15.084647140104915 15.313498570783645 15.533789171775584 15.682531942410739 15.676396975239014 15.45253436293605 15.018836922568342 14.456972426683134 13.87023658624085 13.339907536872794 12.941764438141123 12.781621788908888 12.968396585437123 13.52368971497468 14.319875018679747 15.12224446750083 15.716249782040578 16.029243814063406 16.148919229514405 16.209203250195543 16.233944623550705 16.096470245537645 15.642822743136898 14.860804010316773 13.932080307678628 13.11287244078532 12.536888510644658 12.143301395796389 11.866709168947718 11.826376260282457 12.147979190990972 12.662299980730833 13.11313187530621 13.316196745328075 13.008871640903553 12.265242515660615 11.956010447087985 12.508210747535214 12.699507748553799 11.47672989326704 10.143584373200834 8.452358942162428 9.334769709239747 10.447844900394626 13.217793821713974 14.501859224693604 13.592319322590047 11.262293708619216 2.1212183067649684

CAT>CAC
9.462216952178753 42.47085708068002 27.564863474971368 22.074348238143596 18.673600839165854 17.571508493437744 14.8135502545191 12.040339051824288 10.98859433437652 10.765266421215252 10.73490300533441 10.488184220730199 10.417499674702732 10.293470393154001 10.00054061462694 9.243699982808224 8.20974033685579 7.452445065314708 7.3429726919366445 7.807698701861718 8.515582677989268 9.119240873945166 9.395239053538628 9.249174746737836 8.762637962779252 8.15749835941047 7.6439979428890545 7.311869472659649 7.140356183086884 7.084636098882111 7.116036714156657 7.182026235996351 7.199617295517618 7.120431414308204 6.965996628095368 6.783617580467497 6.603254214319627 6.446699545701205 6.337004920498851 6.269693533506623 6.173015721797445 5.940052067176399 5.564688971854102 5.177792692322483 4.870052452737797 4.621211624261844 4.435277180552008 4.364920089800503 4.425091869300142 4.560142723446419 4.665978710213498 4.657374948573994 4.877601557861339 4.993617164214617 4.204899468909419 4.157135413437958 4.179377696503896 4.201303448988199 4.153920452755489 4.010673798536 3.797326329856136 3.569640513374635 3.3767756722859374 3.2351771375600253 3.1289191833431347 3.0336136234998787 2.944228234299496 2.8840822328425606 2.886553018498762 2.9633393560512493 3.0854431769156108 3.1936494314063384 3.231632176372935 3.177927768263638 3.0565581155635275 2.9231904309708225 2.837525763369648 2.8358775220058625 2.9155945744066205 3.0388115432978067 3.1544644048423387 3.2259163365545875 3.246684850331453 3.235547557298653 3.218031141148328 3.2097088923337087 3.2113088487654498 3.213682710509774 3.2044342983844905 3.171499869556548 3.105387114944412 3.00318551977461 2.8739599150387924 2.7420889052123822 2.644767831311026 2.6210745136904245 2.6937220907881554 2.8520436440559003 3.132953041282915 3.484169700296286 3.6469889429216678 3.518189264502252 3.2693371494808696 3.046777057080445 2.8802057704337036 2.7777075535169424 2.7438510188877263 2.7545475923195375 2.7614545130404853 2.719191531573728 2.608801378632266 2.4417573202729783 2.246207394527151 2.0487974513471685 1.864292331532181 1.6972516451895614 1.5551064565429462 1.4670205982608557 1.4862204567727069 1.6497167149840948 1.9203157178833832 2.1866749481999905 2.3432784389827774 2.3632014782222264 2.2823807924580373 2.154538076092839 2.058993596934144 2.075780699631653 2.7975970729108166 2.5046916168690783 2.0418643814322177 1.6749982413273545 1.4964069175355925 1.623977878761701 1.930157089678961 2.1550461952638122 2.091933848597932 1.7348310083079215 1.3164751890760256 1.0158017234149113 1.0443745820665107 1.5107043706627254 1.7738961224846497 1.5638194532985463 1.3061875648681767 2.1755051388596875 2.8511839443871856 1.7805622635544978 1.1585909363975677 2.8073056879748313 0.6599665561723859

CAC>CAT
37.82607949816012 167.76640468938695 97.49818693220587 84.39613340602428 75.70782153129271 64.41046577654754 60.61215274525206 55.687384011915405 53.012930331930626 52.774335938157776 52.52196872640198 51.45105452879336 50.917935777615654 50.42000329147074 49.1127017755942 47.239145978455056 45.360352569719424 44.12846905653476 43.01064570888136 41.12081846055241 38.708742818206694 36.7857331351346 35.76023952827247 35.27199867800252 35.082661161516384 35.04606942298397 34.642795202844 33.75592754364739 32.56974234824624 31.393122301843054 30.350329968224166 29.403437412065106 28.67857225589349 28.23574819080954 27.95372816358743 27.95088064760661 28.256710386654778 28.739803738243435 29.169506799150568 29.321599139439357 29.053720013585167 28.338143530035673 27.264500172821318 26.016560653221987 24.804163692265938 23.770266765098366 22.952939200009546 22.315942782357624 21.79398558476186 21.343497135369077 20.939792015742913 20.47804140955323 19.8498339453228 19.203981859707497 18.786365253514354 18.596256456681107 18.53526857816008 18.567061728293492 18.641474043657006 18.67094768206758 18.5563331301508 18.269917406618784 17.888259602457193 17.52840309334515 17.262046101429497 17.17033465984408 17.280112415951503 17.235235461824363 16.86529730748674 16.584105099750637 16.463058407877586 16.28889414823687 16.035464729489103 15.733348066681963 15.4596529486378 15.28352523604994 15.21574496618182 15.206125487612885 15.187442049418143 15.126295957304992 15.042207212824666 14.986639611698042 15.003150076046994 15.098993800589133 15.246402355823053 15.408883986336745 15.569910833780373 15.740768607513868 15.986184360398708 16.357126370615816 16.70457123051808 16.81335418909844 16.706032538601086 16.545204036060873 16.414788371755215 16.32905163626189 16.275657903017557 16.205416688090246 16.052429692273904 15.779701171580863 15.402580846299964 14.981549469629286 14.599859017344619 14.332852561949371 14.212552995377392 14.202905367836875 14.201140291327636 14.070866705486482 13.981736058556 13.529075930451715 12.629532599097667 11.8156405723506 11.335145995092299 11.094657894553935 10.954629726927106 10.861751518281165 10.886967265700317 11.753161565920209 11.982432610823018 12.312676901066938 12.846881632634693 13.292528384175297 13.549949554574273 13.514609151660808 13.160487312080782 12.57641206698301 11.890500699643818 11.23626789403662 10.709108726265036 10.32268714548317 10.049204254916814 9.988890936545278 10.273253709062773 10.759326331292877 11.160604589446539 11.270928254729137 10.915352401285627 10.202333339157988 10.132055745039251 9.728190674506791 9.520442105850009 9.581056323250012 8.996747469401262 7.774307145238506 6.788814527078012 6.964508158310103 7.56394191541904 8.528396352433063 7.711114027821908 10.569668940381504 2.3985613084973374

CAA>CAG
9.018529888430766 43.33141785751525 31.321349575190382 21.335836695374855 22.19706707541594 19.676514250671232 17.97352572633315 16.68242248548639 16.073326835161087 16.03474539146716 15.480497601353322 14.77765949454094 13.840398783645659 12.713803254973225 12.490486582310712 12.408281800951233 11.99512255642672 11.191209629956996 10.051261053727945 9.190305008827412 8.675979593432238 8.53903572604738 8.538151225472637 8.554881696274165 8.669785116337614 8.836022843476183 8.850460432743024 8.694936804856189 8.567796633504987 8.617862037726583 8.884416466387657 9.350289602400661 9.404646067894173 8.373376387885793 7.591040956927256 7.127277416471952 6.707136084170127 6.312505527485816 5.932849511816306 5.596634386209243 5.365812895103125 5.301424870990836 5.422804219482606 5.69015341564396 6.024694719358045 6.3356826066859995 6.534553980039696 6.686915286130185 6.995564185728731 7.004901409335637 6.551527597026576 6.493966467045459 6.3497680575204205 6.158260268338919 5.982710027833178 5.871845105092246 5.828558353029744 5.809578699654462 5.749573998821702 5.589141976881164 5.296760770653687 4.884300236642522 4.426797899912107 4.073163571362659 3.9165949157956965 3.8138180046193835 3.616554230489082 3.4712731080131647 3.5131573074930578 3.636781366483839 3.7355553671757002 3.810025426943952 3.906113725872287 4.0638781209373525 4.276140905107364 4.479770938849576 4.579198958795423 4.495136623440507 4.21565402462292 3.8111625266397073 3.3938137488163846 3.054532572377457 2.8332613465891683 2.734589872899145 2.751876334743369 2.869792994720206 3.0539476146477464 3.25260656676686 3.4182843891280994 3.5315495638346923 3.6036261332949997 3.655069803192899 3.692684544863524 3.7073327563263194 3.6915256451518688 3.6553232664438635 3.622938491410815 3.6141208180524305 3.630799220633536 3.6638401102116886 3.7123989128469383 3.7921476638472424 3.9175722827704247 4.071400322756375 4.191891119522306 4.1973599990874435 4.039021555849487 3.7474467964869005 3.430463839664858 3.2112263966554204 3.150690614193629 3.216722547822077 3.31670381086857 3.3584783169642916 3.3537225807868523 3.3450442147951325 3.2705395035757956 3.0877146662440578 2.87909913082885 2.7375116060694804 2.676538252078088 2.6635313051806238 2.6743771132540726 2.7285277715994924 2.8802765501772147 3.1441710067960975 3.437402345883872 4.622776564428234 3.594982365409108 3.338944455709221 2.963095448082221 2.6641423528654906 2.5534903998488185 2.49545175036282 2.8257739992196567 2.5718277715612827 2.5855326049447145 4.204576754211642 4.089825518243427 4.646899914844898 4.632661475940032 4.135626743433968 3.8322832918489227 3.6852332451918444 3.3730723659422353 2.808984910324072 2.223672296560957 1.9288232478907725 4.138476944633341 5.046500199675321 0.9957271232433034

CAG>CAA
81.32671992493833 372.3823770023555 248.10053286901183 203.44129510444495 163.6838985805507 143.50626220480655 131.7506868969301 119.31949466010931 115.7054095504729 114.31049889953705 107.60742707706537 98.63170327938877 92.26278898175589 88.21961007874394 84.63749902077161 83.65771182381947 83.60211625750823 84.39520348518275 84.67839122504009 84.9486111243182 82.13832253131554 80.4242586287521 76.31644833026674 73.80709563789544 72.25489470309564 71.11095610103162 69.92623924487974 68.46948090910143 66.40678808633278 63.79490328225842 61.93594090888017 60.54050401764038 59.320722232230345 57.84007726976967 56.09329454596091 54.53996673259808 53.60951400937573 53.216133623405 52.87339208486929 52.45735373282476 51.93704058811086 50.869029487069014 49.333499997172275 47.69170158168511 46.34753115258927 45.49858858012879 45.08032097091639 44.85059011269875 44.57296057414193 44.186802787739936 43.729546330960765 43.1562950387068 42.43316497292148 41.67198419431828 40.92208613288235 40.05427230339523 38.983812849487954 37.761148876693404 36.50122486313412 35.349114637675584 34.44261663044572 33.87048137140405 33.805294813620364 34.09944225657224 33.977806195399424 33.64025694536144 33.62864313702964 33.66302580371565 33.66728999082864 33.49295211715164 33.12755068118122 32.71249860460304 32.36268645534883 32.08638931169456 31.844794179071855 31.586462088489437 31.216741377467493 30.62033145984981 29.814219097077338 29.028831109044887 28.527623176566895 28.389838160663476 28.510611459898662 28.716667317450387 28.83690935213039 28.729584596033416 28.31161326516816 27.599672054240706 26.72458758824748 25.873058115903167 25.18848841651379 24.7149025692816 24.56175770329742 24.586500003235834 24.40367732724355 24.053163664497763 23.744260367150982 23.40177895452697 22.865515754483866 22.091422280320533 21.1659995562657 20.2593246264962 19.531863217285256 19.19218149235006 19.279205349800893 19.445796900993063 19.46030241392883 19.48982831140002 19.713893223940484 20.109263210062522 20.558894899553533 20.931860727032447 21.14242346085506 21.23300637504041 21.336271547847627 21.496219480721184 21.555437987963174 21.26053577896056 20.48498580587125 20.13585547674415 18.518539846127158 17.379745554232553 16.494851885858594 15.964684555690491 15.956541684958928 16.324718681454975 16.770624322856982 17.015664531507326 16.93821272569519 16.58535582331223 16.081559903926888 15.566146721172458 15.26207787228573 15.09260870981277 14.89323770169719 14.575279279398293 13.837593515839838 12.853464560361163 13.065424190487482 14.349973130639217 14.811197438606088 15.322012378323054 14.687284605751778 15.319446792444989 15.026395880928604 13.188990310558037 12.801122523567305 11.266991341464598 13.132159831876914 10.491967188230024 1.947790223944956

AAT>AAC
21.68625898117808 94.1706218862921 51.43587570122486 39.32378055678537 37.78178912949831 32.127058734611296 28.285206715249437 27.106192172882206 26.80678314450581 25.47269867251529 23.07688249302796 21.504407073710965 21.832714972544586 21.571790100537903 19.69059652098666 17.483160015673057 15.98856303981213 15.2679407240751 15.230081078709631 15.704004596076757 16.17942414973786 16.074370787556077 15.212783125121506 13.93733557288757 12.77411664573713 12.077470155257263 11.95059221465528 12.305865494671663 12.904714962429761 13.44772359959344 13.732336574325121 13.751589238772718 13.60645567652509 13.344838123409671 12.971096776164945 12.557824497600972 12.23728669577926 12.10131743573951 12.121385849797583 12.129301072341024 11.916818680962114 11.409305736138338 10.721744942794523 10.046804619152695 9.533118403884664 9.243048990652543 9.161417470683597 9.224533296926348 9.359811010281339 9.521571591701449 9.69227184282498 9.84545918689579 9.91859767008962 9.839933958250668 9.586390865575483 9.209633282515393 8.805095101727359 8.458118955443673 8.213786755381728 8.081174458134326 8.046289558456923 8.070939291590436 8.088276458976775 8.020674183384202 7.81689088231943 7.474115604421774 7.025779900585969 6.515559406852318 5.984008122245785 5.467787429031153 4.998550015056043 4.599775253003893 4.288143223833414 4.07914993874267 3.9879055447671874 4.018792224378744 4.150083276320946 4.3288530298069725 4.486958674864131 4.572799705062946 4.579207210647944 4.547418683776659 4.541484523350081 4.6065577186601745 4.736215180738811 4.871023749031518 4.932553525816922 4.872668477236669 4.70484526138113 4.495769002565203 4.3238024618424 4.232815005793545 4.210370278219193 4.202285709252157 4.153170287108837 4.051847829709831 3.95442045503039 3.9430248502795737 4.035473740697481 4.160255561271376 4.233451706486388 4.219965378880508 4.120264445168728 3.95027136312151 3.7462933528750884 3.5590705555004694 3.4279477235635323 3.364889754037174 3.3631406961842654 3.41249138223345 3.498785359004891 3.5915760720108962 3.6435684942394193 3.6123417349700655 3.4892342981802713 3.3126917620254224 3.154506814888391 3.0834043737720287 3.1238969874207707 3.2362681415009313 3.3404944453405245 3.377186999096078 3.3538118120737184 3.3292000829591055 3.3555464811725577 3.7339081357419333 3.9957284343284116 4.040381059214657 4.152708371678127 4.553726421743631 4.84828499649482 4.748229277712349 4.3953754772956675 3.920909170953873 3.3679724412336953 3.1478343262856767 3.3037750341276717 3.3349174906083383 3.0422756013782464 2.569646356034984 2.0238743501607304 1.5492968485692733 1.6688852185719654 2.1159435437784344 1.9557766381822885 2.0698651070971947 2.470003354140108 3.122275705134069 3.5239769163123893 6.178184743429906 1.336531748956197

AAC>AAT
52.42849952660997 235.60040297039083 141.66245919169708 110.32054399606903 101.94186381130223 96.82139891002576 88.81551060638489 86.09162783215668 80.20795395935636 73.46151092587843 70.8088644595386 71.64827394257627 71.98663058084357 70.38682682908295 68.04438006681075 66.40893228288265 65.29116743844908 63.85685693116191 61.24358994229654 57.5997015024289 54.39277370340693 52.27051004791534 51.16869891408267 50.4666045867278 49.6205245006367 48.65678504025451 47.46926992983103 45.41833228515192 44.0496123826688 43.85225494006065 43.977830637315144 43.977788183612994 43.70302656245954 43.2530475927856 42.71388529268642 42.03584878395598 41.1518987228677 40.17037371150919 39.40159655553512 39.13508916461647 39.357228882754875 39.70611644933372 39.730700112683735 39.20911596608196 38.25452989500877 37.17525923351539 36.25531328189663 35.62292419542002 35.25504972717822 35.05692743060996 34.931677144308736 34.8052000096213 34.62446664344001 34.35303723734894 33.967679832691765 33.45682785808148 32.834335192306966 32.16363711392827 31.525089427238115 30.91316536336542 30.25636987413367 29.598858302686754 29.09026810833356 28.777819994199046 28.590258837127706 28.442418033035498 28.264172778497002 28.033718443467585 27.709288750404543 27.1429646563299 26.33967186634069 25.58507415593516 25.074826004915227 24.790383018076056 24.69281805289879 24.7471815988231 24.885024294137153 25.01908902647572 25.06710359855392 24.98408898882565 24.79069920441488 24.571648742965703 24.427125770651703 24.40048630106348 24.43771413039569 24.41264524560947 24.202971973441887 23.774632695454443 23.2221193385123 22.721000452728934 22.4087556938601 22.286221263984967 22.22908652521492 22.10092141142002 21.866740684584602 21.613215954431954 21.471808924107275 21.519974154240447 21.735824424553506 22.020434668323357 22.248960153570465 22.311702425970186 22.137916773163656 21.711431780759117 21.07827786474245 20.33728314980664 19.608038423910504 18.981780077951523 18.477152889410586 18.03456225828325 17.56601684168705 17.03219967965301 16.48660041579137 16.04297145815127 15.780269130349927 15.663705462430237 15.572495835341716 15.916739918717106 15.762412978499054 15.684336127138959 16.2530856915942 17.254306837613807 18.26280122747252 18.911185398956142 19.024594782211985 18.637411774609195 17.932636487164025 17.215185568042966 16.79860588849166 16.770915374798438 16.927333476185026 17.706845321852736 17.18998871956052 16.266030371743362 14.965244939048542 13.704241568249314 13.102440582759472 13.243315134193924 14.07675665465983 15.102062531173479 15.188035940288772 14.41900961387351 13.333707288409311 12.110512806924788 11.641040245787169 11.945052303212778 11.175930181783047 11.679632728893948 11.248062752982676 11.18628208369372 2.2764378944475254

AAA>AAG
14.616418104738043 65.8841309132805 44.384864527738586 32.913655932363724 30.114295276467665 25.970233852380094 23.65395314843229 22.726796788226498 21.737342591436523 20.133678447453196 18.793651742806883 17.977030344653596 17.9124525196574 17.8872174219029 17.38526372554428 16.838668475358777 16.499459323750997 16.324949494104686 15.993817767048023 15.498063142584446 15.058120975480488 14.518936103765917 13.5748022766575 12.360298555202379 11.335653317522546 10.86364931901861 10.934977498873014 11.31814888060974 11.816412402922035 12.301355875976167 12.627899500820606 12.687796332832592 12.524484176206395 12.289773668219695 12.112424223130116 12.034453452315184 12.006123811458647 11.912147849710138 11.645136268634268 11.187557447123528 10.63645148345212 10.149087284854886 9.836272107385764 9.68149204841821 9.565447058815668 9.38443500301998 9.14141675062982 8.90889297219543 8.715990405691725 8.499832250029083 8.169190742444172 7.699454802651233 7.166739409806218 6.703774600939961 6.424908867853537 6.377972795108067 6.5427969157675765 6.855026268941774 7.228714755069593 7.57168314160004 7.80116645407135 7.863460097003989 7.754882249682284 7.541312394482636 7.346503722477964 7.252891515085781 7.205682691553989 7.1195471832104245 7.032616895691425 7.015177050733477 7.043051075191443 7.059983031631112 7.041196282874526 6.976585912075678 6.865347806701751 6.7251686620794295 6.588933032959955 6.489352740605166 6.439931638732408 6.424433344261672 6.405279118067914 6.347206770363546 6.235469973373359 6.072095320802861 5.858599879547662 5.58714924904862 5.24910130774031 4.851687387371278 4.430095678357218 4.047047729489927 3.775420834887618 3.6670145217262378 3.7247541132899507 3.9003113248359234 4.120903664338918 4.324143403957438 4.4771808467379195 4.5769002509992 4.643280406593609 4.712047421531339 4.821404481291203 4.990960098381906 5.204307245049129 5.411218091575073 5.553816718831425 5.602072568236184 5.5735104997694584 5.522901145647897 5.510251171561227 5.566225911404178 5.673115156308903 5.774253225580166 5.806211556918779 5.729621359946198 5.543933253808334 5.289851982314387 5.038563495696676 4.858820390403615 4.7736123113262545 4.744437157161748 4.711465000402878 4.652563968945425 4.581175494703143 4.496092618830095 4.373666817349797 4.1887685936970325 3.905786570645384 3.5001348600635938 3.0287799596611715 2.6203933514282824 2.3798315790058653 2.3803536458198176 2.6884948100445816 3.3048182905336563 4.037490184473099 4.511686516598004 4.522425944352285 4.304646213989532 4.265090214785149 4.24643442926404 4.247155686593952 4.447840918698899 4.476657860098317 4.647883548527152 4.9563424996231555 3.852319342647389 3.4007522069692713 2.676160780974406 4.261458833444622 5.10605592957336 1.029597381793066

AAG>AAA
89.41727690352668 405.7388144150295 265.8301669470324 205.02817673835943 178.16847168018936 157.7552871487191 145.32940090503564 134.00975454775133 127.37100816251039 124.43750255550937 120.30639916259923 114.84227516524956 109.80057794151918 107.06720717801846 104.83860440598266 101.18633559020283 96.64807696655643 93.06568418751142 90.47105299400549 87.40585138885875 83.09883141026941 78.33175233798546 74.49902161714022 72.35970813190968 71.39397118408222 70.40875529966938 68.70333737423786 66.42673162501697 64.06012346485898 62.02293581445529 60.616889736305474 59.9659165567745 59.9229140853982 60.030151997410236 59.81255705237109 59.224714366353915 58.62771095387793 58.22669293458438 57.88384910201139 57.53832599379611 57.05979208429635 56.19003205804875 55.05920814379806 53.84670716281419 52.63445132934469 51.35931908004286 49.89232069145502 48.19477698942285 46.4089710553791 44.78132530450142 43.493002855187115 42.55978173442703 41.860048917088804 41.21933944933384 40.472622998763505 39.50045029714641 38.27474386177095 36.91206877180819 35.67052547488901 34.83738933086324 34.56263295866214 34.76978278197205 35.206545172416334 35.57797933464344 35.67453237044811 35.44369487015971 34.9850471226161 34.47487389291576 34.058276603828105 33.76546678696884 33.50061914318828 33.113546809718805 32.50900859614222 31.715396480170877 30.86239321354824 30.09132144097503 29.475750053814625 29.011777446772697 28.667355827686627 28.429866867861076 28.307071636476024 28.291753058281447 28.333339440364472 28.344930916910545 28.236132018026506 27.941234252516363 27.43144892295308 26.731116352296578 25.942383463018697 25.2376871127065 24.792440001777276 24.69806401969703 24.919340633871762 25.317039082326176 25.71192741391372 25.953396540441865 25.96439281757333 25.763448892048853 25.458685032761604 25.167893273660976 24.915035003433662 24.68485962849001 24.447030547729497 24.040356883547158 23.30566942366303 22.319342505076584 21.311163403066868 20.473871313184016 19.921530526009526 19.704429288100496 19.793074945668504 20.062092725609553 20.305545716387606 20.289529797867168 19.842557294095563 18.95805477142109 17.838634234953744 17.102311324534572 16.77533737963476 16.675941385190125 16.863219385908867 17.30997984095662 17.84786867453148 18.289413456644763 18.47566171106647 18.322667540479262 17.898815663601027 17.45042427350712 17.301229439588948 17.616170442602893 18.182101946386442 18.50392033061312 18.230040898813915 17.41718537121401 16.59399569405779 16.24268186914138 15.942014838330405 15.246376554064014 14.311122151525655 13.701184678060581 13.992618783546824 15.076713122758107 15.93565638556375 15.67028368668164 15.897769441136187 14.84373731496743 10.87644099467811 12.147809862253164 11.870694894193122 16.201991736391463 3.434554649882723

GAT>GAC
23.235212746192175 103.62350418932945 62.490154787162645 54.97274940230821 50.28982898472547 46.52020810927388 41.446037061374774 37.6118608045512 34.99990405683994 30.98515759931729 27.623535940816026 24.777526850135324 22.853504055247182 22.247624155093753 22.067132002145076 21.655004878365595 21.10782242484319 20.733867210974346 20.567384843127428 20.51539271361116 20.45269067170251 20.141396255985814 19.460040335624246 18.58026418900416 17.748269558664244 17.034288371161843 16.470760843392892 16.193693844007218 16.284164082369177 16.609896261236138 16.902170632012762 16.942179617102713 16.663104823993127 16.12261354760915 15.421026917523005 14.650275005917955 13.890012450385422 13.213456841630713 12.681150039389793 12.331722538696868 12.177994481831796 12.203508840846212 12.357718685281865 12.561869250865525 12.734806536057087 12.824619218207745 12.821130078761998 12.740498981893175 12.594343895090212 12.367278477293384 12.026625140842699 11.565918398326113 11.04646638938918 10.58956882729591 10.311903150362213 10.253082475037342 10.354987409574402 10.503811144196709 10.591912076195358 10.552125357921447 10.355863046465425 10.000446777994458 9.510136351067107 8.948914857511731 8.42128821369667 8.042067134979414 7.884301828724587 7.939802540511489 8.122455932648482 8.31262991918421 8.411675621069124 8.374682319125078 8.211935754749884 7.9700897253737795 7.708193350057078 7.477233134967947 7.306854118959218 7.202538887849516 7.154862529111022 7.15541403190637 7.206843681903639 7.316977038918211 7.4805084059586875 7.6647899843381415 7.815123788558824 7.879537839746678 7.838545568215064 7.7226383554358975 7.596099822888801 7.492959051271896 7.355365879494338 7.064574222094137 6.547695469266682 5.839787545550008 5.058513153388296 4.350857282953339 3.8474194485598527 3.6198235934802 3.6558774895588675 3.876072234252653 4.183594451457489 4.512284116321106 4.84294332984957 5.1856212299593825 5.5466456540618045 5.902339043785168 6.193923934448655 6.347878914513581 6.313373268955413 6.096744948944648 5.770623955893946 5.4472395896741315 5.228617743966447 5.163786944459267 5.233355850531854 5.356782347369964 5.414792207694317 5.2929768177120025 4.941447670202944 4.416032441868673 3.8651067165707165 3.4614179817756026 3.3177426678106503 3.4388978348227153 3.7394193826680375 4.106585994316516 4.460426974581878 4.770565788897633 5.015846756591778 5.153136526758596 5.153686700015452 5.0407753522079615 4.882457360814375 4.731733500322403 4.591802540197897 4.416634975295332 4.183459409473057 4.079583133002947 4.17911156516338 4.228475663923026 4.308227047778468 4.305792249296412 4.032905659536668 3.7520571712407373 3.190972843676956 3.3825965743337045 4.863460279734524 6.065429250205776 6.9266010849706205 5.040226213754922 0.8857059486898882

GAC>GAT
48.8195203245957 222.73498756751562 153.1636618995885 119.94386742841448 98.2788803661497 90.2978954987064 84.9211866315573 77.16061113637464 73.36502527579886 69.58704715468453 68.11585957706365 68.82203359369784 69.51141366424307 69.0117000879352 67.6877521750109 65.90009337524704 63.75705216554052 61.27150873734526 58.08017566038199 54.54899520417797 51.77053087833257 50.17935647154875 49.362995231966494 48.866920071017546 48.30942937089074 47.33454423372004 46.01147682938028 44.73904311908442 43.62194425593211 42.550925926601366 41.60262987359218 41.048643960647524 41.05943706320626 41.523374655110935 42.07127934320509 42.27183707921188 41.895380628816476 40.871601640075866 39.09127426367114 36.99684485866144 35.337582264799664 33.989394584126245 33.02781092595365 32.232123764374094 31.36695646976917 30.452076425032324 29.6255046819246 29.0162618670566 28.664216627847154 28.520277761291783 28.483671884761375 28.444258293538752 28.32439495965889 28.106828394943236 27.824452948549116 27.512814414224835 27.166191705876564 26.740271413231653 26.20019137873322 25.569698923875844 24.93655281813666 24.404669285163052 24.02381787456982 23.746676015512925 23.446861079680602 22.989679711225047 22.312427928933445 21.467699809990716 20.606988234710023 19.91449368215287 19.526664099683792 19.479587263510915 19.70898969451021 20.09564885117635 20.523804592161063 20.919453301365433 21.257132394527364 21.546989760699667 21.819943990443836 22.118370764948224 22.48705718885373 22.955849438016322 23.51413282998855 24.090904709885375 24.55888774302092 24.769474001880806 24.607100185431698 24.041894929803263 23.15887486338367 22.144204141743803 21.22072672824156 20.55493288213772 20.187063890881596 20.029931573974437 19.93437914629924 19.77018616309275 19.471786774434175 19.046422819604157 18.568009296682977 18.152097236270055 17.89739328769305 17.824339645325466 17.865340779928253 17.918272144447048 17.920439322946027 17.886141125237003 17.878430603589155 17.939222653921426 18.040594368435926 18.094613010728505 17.999476923893646 17.68808940647443 17.168489156365712 16.536755716781887 15.934932556517618 15.47032394264574 15.1748551480491 15.024122867000857 14.9781337236057 15.049391659281001 15.32131828329548 15.836867492718374 16.493107516406845 17.09060126197556 17.466311892085447 17.560896970894703 17.401006959940748 17.04639984899567 16.522217185970707 15.82835050840149 15.051740505619367 14.416817344641146 14.044485596907588 13.8273225665825 13.941949113337984 14.852546379748388 16.214351627833214 16.953743367330844 16.415082284126868 14.694169659611749 12.777098584429625 11.243558396002575 10.215186980147838 10.375602950833084 11.007988258355809 12.808721431549037 14.746354059452758 12.728934503365194 10.071600580990621 6.679281889219451 1.202943291361789

GAA>GAG
13.143099833475238 58.622870717280954 34.54568308265043 30.762889498405535 28.838526674623537 23.741996628077796 23.03350214395863 20.712608601953402 18.23141673388274 18.16891656477213 17.586560810370095 16.365141103608938 15.371332107184365 15.570401123498664 16.490945499723548 17.187695970459917 17.292928894122067 16.996854733411535 16.81266999175004 16.898496292223875 16.60685206649498 15.626751733574777 14.461369538353061 13.149164389042653 11.997347600725924 11.132845411492562 10.67210908861725 10.461771705456098 9.42335021794888 9.347025146265134 9.541628026136856 9.930820653152484 10.54320262452008 11.339264864434343 10.590197119720463 10.483135449157205 10.31304034443158 10.115229627804199 9.887693103092369 9.629807684365637 9.366415002627928 9.126835813486476 8.910303948394624 8.692046503885104 8.4635940933446 8.25277334138537 8.104266535159269 8.050878069762316 8.0997990021541 8.229536722065493 8.390101639170567 8.512345975546186 8.531945766679065 8.41846356080304 8.191155615003249 7.91140345853865 7.657325643677805 7.494257273107728 7.451735461378126 7.511621968691184 7.60989173204293 7.654183097465787 7.555181189336554 7.26209612244646 6.786195501388874 6.19802831834594 5.596324015631841 5.064168659728377 4.6381484365350865 4.308233175273452 4.044343727596507 3.8277805183876508 3.6663235525947675 3.5871348192814287 3.6171005687174222 3.76679536170855 4.030237591698307 4.398799873835295 4.871833185681654 5.4455883554872715 6.083390525242359 6.695130292100748 7.154303730216309 7.351294981923553 7.249533619457753 6.9065558736552966 6.4467958389496625 6.0039817070501 5.667082841474173 5.459230271279715 5.356925268233328 5.327614663710238 5.350731366635619 5.408302707140916 5.46731857625845 5.485226759919547 5.440895581102551 5.360735213183803 5.308562429459333 5.337570398619448 5.437424106545547 5.521682520659385 5.476148340449718 5.238877462755824 4.848438326730433 4.4192804461117605 4.069167036856302 3.8636062501202817 3.8111995128026 3.8862743859267157 4.04319712573217 4.220760620877438 4.355951234473349 4.407815296239353 4.370085764180231 4.260418573894868 4.09891141297533 3.8978157620912555 3.6730945809444964 3.464094545371053 3.328180197700167 3.302324235225586 3.37658679630164 3.5089511830622446 3.6542116166880345 3.779302396727803 3.917742574721987 4.103083082757902 4.289774422706956 4.479917544100679 4.752703812303172 5.137941928898585 5.511287032451617 5.617597078379869 5.38299952286174 5.067368660339203 5.002741892416917 5.20280840158474 5.533323914509901 5.6783959876137615 5.28493342829339 4.5521648788256375 3.848416128112568 3.7044578068203293 3.648868060020855 3.2996283457495696 2.384810892034502 3.668998880930288 4.765601888401775 8.134779362172425 1.932335497670175

GAG>GAA
104.16083294953006 464.3812999398442 284.24408759026636 229.99289078086355 208.5122941907279 175.51924588509956 165.4844160103683 157.7276940657237 148.75055752576563 138.06130175246275 128.99009993214563 123.62886038608029 118.64723620718588 114.4497964981644 111.27521445619897 109.36579342250724 107.70921620260009 105.1318887673915 100.79374056432162 95.84140669693983 92.46198392505723 90.81985593306881 89.34465429200498 86.98292830507947 83.74589956336114 80.25781341793551 77.34366534790973 75.46853846162541 74.5563761062956 74.35774853082854 74.70775066061046 75.41963778787799 76.07055811313029 76.08886612208222 75.1253016250387 73.29979873674718 71.05703089778524 68.7890447952516 66.58946853932156 64.34292171226383 63.02503024078323 59.86512895562094 58.17390783650573 57.04622968180327 56.279345402442345 55.54439280418092 54.583415757577995 53.28334550362647 51.68555226593163 50.01499844999098 48.63304889563719 47.79217857435482 47.44431059836912 47.450637546563264 47.72917542299748 47.96659073933512 47.90925603717443 47.77278583229791 47.547544960333894 46.917312166561565 45.78329869533874 44.220595833602964 42.5046792457511 41.00654330345999 40.01698673267694 39.61418545550416 39.65546987478333 39.885483812320174 40.077867879736424 40.11844001678558 39.99400015712669 39.72326460189813 39.29844512897084 38.68090223602903 37.8429289622337 36.81281478740549 35.68329222165394 34.57699500256171 33.59766869041164 32.80195724459987 32.20056811315694 31.769428384258397 31.451240555537257 31.152350694340207 30.757605514606574 30.173670980400953 29.380600813121422 28.45551944538599 27.547729238347706 26.814672237259547 26.348715124697968 26.13072757128885 26.039812501019178 25.921418484826397 25.67586053420281 25.313461456227998 24.94615569451086 24.718819784225275 24.716695810033027 24.915597637249643 25.213077985716367 25.49390920549549 25.66243799729246 25.64345089951273 25.391295155843356 25.00378472209003 24.558989119830745 23.991495979429985 23.366806139395905 22.861018373729276 22.467588757257158 22.016127840919395 21.4075317656219 20.738050732797102 20.242143833534058 20.129543940752658 20.437115715958097 20.999537016212315 21.538520794647116 21.777400241103116 21.537996055261587 20.854715478284792 21.143506874977685 20.069191250836987 19.63248877210794 19.77028875778221 20.051698429740608 20.161299723250192 20.07178822752475 19.796637052037678 19.27474342967003 18.772567372938987 18.778842778353297 19.281380470990417 19.608287292096993 19.17906291252047 18.29507276512628 17.51102219706812 17.008257284568842 16.921653491530776 16.69575188138579 15.56850042102085 14.268392916827256 13.104514630131238 14.227629841487765 13.787111870503123 13.668125488342636 13.958862385294593 13.855819156608133 13.838375484084073 2.8782142634077164

TGT>TGC
8.039376886779843 37.360298551432436 25.757030214528204 20.867324860077773 18.62865048084495 16.21359276386807 13.277039591658468 12.160031797342278 11.118182221104407 11.506588238610973 11.865943791476063 11.319160988680206 10.100290482888674 9.106482851230055 7.9363383220085755 6.7417722565930855 6.132539378245632 5.9705425283144855 5.920587155208655 6.028328661090536 6.386712314925241 6.888064485219404 7.358022235607272 7.618215579356323 7.58777113939436 7.31843180985094 6.8889191485627785 6.347267038248904 5.778782325055318 5.339505383221358 5.1780552063576675 5.338796101566243 5.732766341355957 6.197883832665319 6.596921221277679 6.869568308271705 7.00855296801536 7.011334339420877 6.874123813451605 6.625832776187183 6.341571000708281 6.107529417806654 5.972347716836199 5.923931706242191 5.893207117509505 5.778971338910546 5.501650356525655 5.0645504656698295 4.56160834845303 4.117242647143157 3.8243240203751694 3.7253692361156947 3.8129970534451187 4.0320743017353555 4.296914142627924 4.521313950907994 4.642210877904167 4.628468263967692 4.479700758714415 4.22223403510359 3.903736811248335 3.5827456361668615 3.3114159386818085 3.118155867015783 3.0012028387694016 2.9373369230540676 2.898174401136125 2.862744021515635 2.8217187924909726 2.7758393595127653 2.7317430776681153 2.6966406827139235 2.6742373650282323 2.6650583707641777 2.670439371767101 2.694590699067908 2.7407565653420796 2.8047447523548423 2.8728568068095113 2.9267438743131367 2.9511413546103067 2.9396087108024402 2.8969216952276566 2.838084230073132 2.782841796947018 2.7466980801742826 2.7344782722361276 2.7422918253868476 2.7657101868751433 2.8059392817495286 2.869527653133143 2.9625461572228886 3.0795599792740007 3.1927380770875446 3.258435308125039 3.2476165693088155 3.1717948294792544 3.0723270679852868 2.9842268029244052 2.914716674897986 2.8535617599083616 2.7957379649479748 2.7510559482503316 2.734551600493512 2.749052895003439 2.7754359714382164 2.779789287679803 2.734807852343665 2.639687384396361 2.5194520068513597 2.4014827784528023 2.2915174968168524 2.1727774322711535 2.0267761765716097 1.8572187000736238 1.7029397432705389 1.630393609041668 1.7008802659890598 1.9266934344368274 2.2460494953054435 2.5399496329484723 2.689996440765837 2.646490526613715 2.464109040258478 2.2769449239955533 2.2098031081856995 2.2746205891016444 2.3642379972135643 2.39605762887165 2.3976752144492863 2.387098981305878 2.3183497628439422 2.223109358267573 2.196788477597038 2.200354440980849 2.130531058219249 2.0317734274090533 2.026204126481523 2.0756393193965574 2.076910084512408 1.9911568038084655 2.0044898686946064 2.6008700528853548 3.0279184682072513 3.0881642981040764 2.689030307701826 1.593739047421847 1.5482721221299647 0.9096541769350275 1.8422175581720028 0.3960494973403418

TGC>TGT
30.579638065897672 137.86186601204682 90.21155308689147 84.75231438895418 66.21640301889207 59.638536757543974 54.21769679131395 47.8473595248019 47.97417587168784 49.883555491104204 48.87202461065408 45.462548586773444 41.11152503425717 38.119270577951575 36.36401888605517 34.98296212618937 33.790990348349645 32.76036731495989 31.531489856197908 30.563865081332672 30.5398780310669 31.082552706657125 31.343141865238383 31.06542412214599 30.56007356115969 30.117235096452127 29.521376938139493 28.474175783086373 27.39495972752139 26.876408647073255 26.788037588583208 26.959702234824274 27.164908312320165 27.276763013802512 27.256574608217235 27.05514090021159 26.5734325688858 25.734209735495057 24.575741846018914 23.256914042277234 21.96673224794569 20.82052980573825 19.822047480355067 18.908770265740134 18.037502231986476 17.241711390603005 16.613705389211304 16.224798346815646 16.05151597916907 15.972757044401442 15.842254035051054 15.5790160588919 15.20701399847768 14.819111862253852 14.500575412148198 14.274672489892351 14.107738763920572 13.95970371105281 13.832208059106264 13.772977169585685 13.832630921796943 14.009350615788007 14.226140041852208 14.358027875957974 14.293338806822591 13.999426758915007 13.557002318097977 13.128552018051343 12.865407946180227 12.818284639211548 12.924177401103028 13.07456894785917 13.19734062352687 13.284653528593434 13.36168613258274 13.442450274445655 13.513294720795454 13.54526075351339 13.51101657412471 13.389206891740402 13.160745346123928 12.811676089847893 12.348189209875931 11.813847584190494 11.292722073728376 10.890010868648671 10.696525972658247 10.752345490574637 11.022786866626149 11.394850683832466 11.701502812795582 11.776539541412186 11.524741114336233 10.971845894032803 10.260585440509024 9.588027551497687 9.113907976175648 8.888032036584368 8.84262675058354 8.862351894455504 8.87767562992242 8.892694076386116 8.928225783093936 8.961762947431579 8.938869727838275 8.834259186245195 8.688855268828549 8.584807516596616 8.58164264525181 8.667980343501036 8.768892497041625 8.801510954988569 8.729768355519015 8.571095458088084 8.355688902504305 8.089595833163877 7.767655627006756 7.42673143255945 7.155904437536852 7.000182298629197 6.874480921971647 6.647469144595863 6.3155892096445685 6.038162723852053 5.961015446300038 6.039270359526497 6.109013998021095 6.09709986351334 6.06825379006816 6.120948663716509 6.296076493603952 6.496568056122905 6.552370400413762 6.4086258948121 6.125059708135121 5.707149260276015 5.145008613995434 4.520314523797117 4.05746488140033 3.8767313709409073 4.505445203499838 6.23032105049956 8.99335300451336 10.84970048525079 11.41149221379878 9.192307259025522 6.449370023842295 4.226410657641058 3.004128765412943 4.158538851197198 0.9386267456517672

CGT>CGC
9.810458368715691 44.00454826662197 27.29991452478897 19.117607815038937 17.391562882433945 17.72251799182517 19.13468482388221 16.726781370131622 13.509559043286666 11.280265072712783 10.32404234456838 10.632456142156846 10.96028953564182 11.277513295466136 11.794860944688729 12.259975632337095 12.14036726965183 11.329994065055406 10.285593549683316 9.56148262415 8.937919532239409 8.017316607132559 6.994297814557045 6.384158467125436 6.368492374778323 6.725069077148893 7.174164376903095 7.575087609198519 7.834908556465415 7.844271248228636 7.5726690160437915 7.12568954934088 6.670237478715655 6.340400239556189 6.184085910424853 6.146800055821969 6.119920307382016 6.024130311787238 5.856868639229893 5.676286978562932 5.544688803037948 5.482858265958234 5.465845327181713 5.450481426283142 5.408055436474511 5.341241183940227 5.275262938761001 5.2321238830885495 5.214187514304577 5.212997787783191 5.229231113086866 5.278346319434521 5.374232161352915 5.5064180231614115 5.633435323187572 5.700924895678637 5.6702087473988225 5.533553629497025 5.306539605701982 5.010205061802599 4.662230631875013 4.282931528637553 3.905408480927381 3.576175833936208 3.3421414320024336 3.23084308128042 3.235924660629373 3.317689544050089 3.419911049311116 3.492923968014525 3.508515876001928 3.460207744066813 3.355926062352239 3.2144527896922783 3.0680430869699555 2.9622025512955954 2.943008366633054 3.0337762512243165 3.21547337120723 3.427063504890616 3.5901383053100693 3.6452533080804552 3.57850363800032 3.423224257160793 3.238258223163302 3.078040821384219 2.9713951994484047 2.9170501229690147 2.8933608940644215 2.8740224281217985 2.8407687955876564 2.7866147894232127 2.7095524739247243 2.6044710893229546 2.4629832418748525 2.2833888162127276 2.0833166255988833 1.9042443762518868 1.8007219574170048 1.8151179596134468 1.9501538549952835 2.1600848478265187 2.3737490715889638 2.536604536833649 2.6378743266767093 2.7005426677197564 2.7482586471240884 2.7837034242001994 2.7948358749773363 2.7724702915103774 2.7150102050089497 2.6196425581246365 2.478022594078949 2.3507407867642707 2.265270654330242 2.1186157179614344 1.892338235379177 1.728759057670955 1.7076603775054038 1.7439755834101776 1.7232757473541223 1.640552055126521 1.5899480849940693 1.6454510107954952 1.7656101815014524 1.823442259054991 1.729709256909592 1.5091222694834467 1.2503934774378933 1.023970577151835 0.9049362518651421 1.0059871948068375 1.351404495672805 1.79619230167568 2.141756950487505 2.255764510187937 2.077926908193502 1.6612709659485578 1.2478976888360052 1.1103581781517577 1.1696997606134085 1.2029551098720135 1.0361076776151399 0.8767655901521889 1.152951998493037 1.7970355445370514 1.48547766800853 1.5839459038656274 1.5666070543094772 1.397203783652686 0.23460193103462865

CGC>CGT
34.86588277540752 158.20594387212412 103.49785513222257 72.7192360868292 60.92178657554178 55.57825186073358 54.270124234498105 51.796110599451566 50.11931740568861 48.01853017228873 44.74832983088223 42.4077801993633 41.72451798149939 42.83416560314574 42.24797114484258 40.86456387987651 37.75765970703946 34.13533644637851 31.254590172852506 29.413766982665248 28.37016972470021 27.91098966317689 27.98574079816275 28.510691977801677 29.154880882860553 29.52519145581857 29.398171967521886 28.64060743940389 27.189717563282947 25.245804432268347 23.256026872183366 21.65174900207524 20.65469076863063 20.220378111966223 20.09274296754683 20.016232357496772 19.937209851315316 19.94935780246607 20.10073450630271 20.311822263795097 20.452895793228826 20.4486554432944 20.305988777885215 20.066690811818816 19.742666135678828 19.287206086525256 18.626883308904098 17.738612440475407 16.711879096808204 15.735184075142442 15.010233772661458 14.656157839745212 14.661193372638923 14.902078451580879 15.216552780390186 15.479162328196283 15.62589734412949 15.630611395109257 15.48560350547778 15.205511990107109 14.824490223505865 14.37572056843086 13.880565567093067 13.363413374217625 12.87302460644992 12.480534596995494 12.245172468413537 12.171465108074521 12.19777042625815 12.235315136413206 12.231960108935223 12.208131404248464 12.233861799770887 12.36656636249447 12.599808449007083 12.859241473079674 13.043687056918733 13.154667008848488 13.238970187175502 13.117944902318305 12.707324412382262 12.28329344828523 11.982610437617762 11.679764518391707 11.287891492835774 10.814078594515761 10.314527962132333 9.864783169866516 9.521978046083554 9.305097317299172 9.199691635744667 9.173742485683023 9.187826336790744 9.196428288597295 9.152735433157233 9.026627966614845 8.825332432098218 8.595011805688104 8.397678435936786 8.281944373589585 8.268580609991583 8.35421634570812 8.521942555673164 8.746235104928381 8.98744905718284 9.184647624803965 9.265481293840146 9.192790884944927 9.009742246273941 8.797878693954075 8.593895431370864 8.39459815358389 8.218522563219473 8.11812729267338 8.150694360540653 8.344134561784484 8.652756257273934 8.943724083360213 9.072495474408171 8.986758705153399 8.730272042857536 8.35538640267712 7.884530436510772 7.362220998708639 6.893723186520166 6.616826713967248 6.656179095052817 7.037294754002113 7.59513417177523 8.01341164985367 8.101319932274317 7.987745572776769 7.930864029871678 8.00328873519174 7.986741632642048 7.536641059897719 6.622713222734998 5.80311098266089 5.478135445878393 5.297407039762627 4.853311717754971 4.54464440668819 4.354963936579924 4.416201239089335 4.5419870500561155 5.627691106955819 6.898207690143554 5.9497704823279784 5.061940559243773 5.847196285885069 1.2114918751241401

CGT>CGA
6.339748647417713 27.11939907773534 13.852121304499624 10.131020990541984 10.118850373816496 9.316606554577847 8.316772731177682 6.5881960282586975 6.0218709742622245 5.816205942656262 5.848662109594649 5.824025658116226 5.871617404088769 5.747658865085427 5.460241213517765 5.307134324355746 5.156663759828933 4.9435236702216105 4.920371255743726 5.102976594647421 5.245265536856418 5.1497417957651335 4.823203653477574 4.4317267602415695 4.143474391433582 4.039932729611591 4.145785893627638 4.4312476264615785 4.7648412479939966 4.951650876649783 4.851292271628156 4.455087788377206 3.8730048905090038 3.2646984277287974 2.7661552071458546 2.449557051633159 2.3253612761493674 2.363798915244791 2.511672319205911 2.7049744331120467 2.8867486665453344 3.027368596299893 3.1323386887517417 3.2236383784861395 3.302553773914709 3.328500482293031 3.241720964323327 3.015228354574543 2.6890524665610225 2.3545796646069737 2.101635193272778 1.9699412267401635 1.9374407782346754 1.947046112337271 1.9483310475917943 1.9255550865586066 1.897056648440187 1.8926473168157094 1.9289283495739962 1.9981575268364002 2.0726220346879103 2.118079086769341 2.109583348501548 2.0451506467450766 1.953871913469587 1.8885007782175767 1.8861892563074778 1.921291973231386 1.9262268555864062 1.8751906366655293 1.803844109157443 1.7393539979808021 1.6674113568844398 1.5711226851260756 1.45744260852458 1.3455395337996503 1.2531458561309021 1.1937642557861279 1.1759050404186238 1.2001205066806973 1.256710912576097 1.3278138966250967 1.3934714000190978 1.43771738954702 1.451716091871368 1.4343274605498333 1.3916753756805604 1.3357125333904887 1.2808757340932353 1.239679631884665 1.2197708163088223 1.2232598070279173 1.2460210812133967 1.2754590879192873 1.290338434746365 1.2683481146879703 1.2003483131277932 1.1002877711159325 0.9990382047937783 0.9231526493745297 0.8747354162228161 0.8302486211794621 0.7605463811282641 0.6555873941174873 0.5331928452443571 0.4256678131577462 0.3568539021237588 0.3282745071390359 0.3234393711144249 0.3247443074444907 0.3290646099366127 0.3501760898777396 0.40678956348647544 0.5068126317145257 0.6400225808281002 0.7813573702908901 0.8993574506725844 0.9655328501011993 0.9624528813396649 0.8894232014362887 0.7661292894808661 0.6321384824802987 0.5394114936962771 0.5373354389885874 0.6465767838244743 0.8309108056353486 1.0078612777133915 1.1112055166326724 1.143762061600992 1.1634357792669097 1.2195233872577245 1.2934051747823454 1.2959301805847419 1.1601317377728335 1.012741938153149 0.9345741197389461 0.8330950940109145 0.6828974219864392 0.6423081739667305 0.8211109959866675 1.0035555000004304 1.0290484044920758 0.8717443085932314 0.5653700887658311 0.5066520967422343 0.4787137789017508 0.27511663976063444 1.1256926642322187 0.7823375758321319 0.18421214412003045 0.014100773463169075

CGA>CGT
3.427544283828712 16.398333390599653 12.794601953282237 10.207938580427207 11.659626326995598 10.836671697674827 10.522426333210138 9.017122229515572 7.706368648337767 7.209104638982933 7.360675426579646 7.647060077224503 7.468675511418758 6.419309790323494 5.053894189794492 4.159450183227792 4.148861900603947 4.807589418845709 5.599630675775727 6.16171789616461 6.4715023555957005 6.482895715223594 6.391150467440739 6.655981348853785 6.812913769933377 6.747915161542497 6.4341321066270405 5.9495353538928155 5.4494727823353415 5.083875539474343 4.919420350872497 4.91510938646446 4.9649453673617705 4.984529102713121 4.9682603929393565 4.963397330711001 4.996650971216557 5.029056456992788 4.9751978456854715 4.7700423965549055 4.431824215401893 4.063358677554551 3.782573935555577 3.642511720169946 3.608357397789099 3.5991812401107213 3.5523348066464435 3.466515961199206 3.399321534333439 3.4199236479774227 3.5485958870734255 3.7303010631074365 3.8648992671547013 3.8707042349800953 3.7344864912761824 3.5158067339551247 3.307730418864349 3.1828470468928325 3.158065609206811 3.1949236183881125 3.2286769845554635 3.205678647719262 3.109642746478457 2.9669820490969894 2.8317951736999643 2.7589990460362146 2.7785748105606345 2.883302258659382 3.035348641340882 3.186085714876543 3.295867127399613 3.3429265476324725 3.32121932682434 3.235661371594771 3.1016139400359375 2.9465882422125205 2.8064273022028794 2.711847340223398 2.6707995817401056 2.659303922949795 2.6312271489022234 2.5448554753660186 2.389429733419756 2.19202510663722 1.9996965009953758 1.851625852550343 1.7624206140162704 1.7252990928248306 1.725906508499318 1.7513357772840272 1.7886254849707452 1.8205869368078378 1.8296381310301728 1.8101981257866113 1.7786104071755109 1.768636974172466 1.8112260652046064 1.9106674930018233 2.0354479953252858 2.135297527978862 2.1775901449092854 2.1783175570822126 2.2016856253806263 2.3229525126111183 2.5768920418115475 2.926798212054549 3.2754668446890367 3.510561888836397 3.555131442217814 3.39446945924493 3.0693113756108046 2.648782895080363 2.207865825766075 1.8216729833123664 1.5655472494600282 1.5036143218981006 1.6615509830301358 1.9986174220541602 2.4103601917751463 2.7764119902993043 3.014985595064219 3.0950787649701783 3.0130974765597722 2.779323980705576 2.4388236980981675 2.094518879296158 1.8734286125649628 1.8352856760377112 1.9074521227741985 1.9357445044943875 1.8140997454838295 1.559864657481221 1.3204560174707278 1.2923599801646237 1.5240479659997195 1.81949604401499 1.9046994507925474 1.698338739272783 1.4067004794901814 1.229023797048291 1.085913033128457 1.0776069434206974 1.3569285737352896 1.6343769956757594 1.650649387577694 2.1270642491514415 2.538160680414404 2.1155928117524105 0.8997763540074368 0.17430968418179105 0.012245541375591253

CGT>CGG
2.093248062118182 9.518806801049966 5.984870819464353 4.506953747605051 4.608305701952678 4.659649404973704 3.8576796237328606 3.529845203629444 3.4606859555797733 3.4276544200684795 3.387806508979824 3.281605220070254 3.1264087304838055 2.932014305002692 2.7061960515348025 2.31816129867249 1.901710206890601 1.5971505170260216 1.4644288527622396 1.4639273421230738 1.5269124656022137 1.577858617079798 1.5795677803279795 1.5512671253658201 1.5112267597444835 1.4479228034388771 1.3537638460109827 1.260594409126089 1.2251869931303594 1.2830215698263825 1.4240092779670654 1.6131414836821516 1.8150511199009243 1.9866749890183022 2.068266279612825 2.0112323189603605 1.8200071607634631 1.5578351524663894 1.3081606408856807 1.1287025308314604 1.0330335284075514 1.001800090488099 1.003348242514801 1.0074368928695314 0.9920955806351017 0.950232032812746 0.8942634806795133 0.8505857625329787 0.8438416127012908 0.8826997653652469 0.9569086311390314 1.043193852428849 1.112871834596811 1.1401877082094891 1.1131184184579057 1.0417250494426187 0.9549989014159093 0.8850041566426478 0.8492667120259202 0.8448555560013822 0.8573716125968758 0.8751014517772852 0.8950792752029302 0.9168441088751424 0.932637494999682 0.9267046531433243 0.8865924705553321 0.8157400134913273 0.7340900019576247 0.6649218918124857 0.6192513441327346 0.5908758987812309 0.5653419845464503 0.5348247397707981 0.5069906613524512 0.5010737389422805 0.5342849316842075 0.6089880998803956 0.7100576379713486 0.8133056820068766 0.8974706350803172 0.9513685756509689 0.9738461627356325 0.9697924345395421 0.9457936188793684 0.9067708850272003 0.854596611009317 0.7902823414348193 0.719280708794238 0.6557531640474682 0.6210723290900885 0.635704256074402 0.708246994665989 0.8272604339888304 0.9604709612537484 1.0632394486982142 1.0944520099179662 1.0339737407832517 0.8935207980275328 0.7144775947657602 0.5518516254788661 0.4505793713313041 0.4254412073828774 0.45595781746672676 0.5003985636247044 0.5203550521726618 0.4990348350977957 0.4421697847923576 0.3658244887483968 0.2844700699690256 0.20765016782926293 0.1435228798384824 0.10354638426639995 0.10351363626486085 0.1572419346334901 0.26376745278306135 0.3981673761989011 0.5179199907871804 0.5831327534400477 0.575166173287256 0.5014804976364757 0.38833548285790487 0.2703254279855476 0.18142628481729944 0.1441071341025559 0.15591869447374015 0.18692587292312862 0.19949737462571476 0.17593436648973979 0.130758388599533 0.12079726830138283 0.2370875876902288 0.5063737809895497 0.7915260306805402 0.9062655900944904 0.82345361457618 0.654328031417256 0.4804988475950829 0.36096751171047353 0.33897779017343455 0.46948648740750915 0.5828159350216847 0.6198319509806909 0.5761456868034371 0.40140212058633895 0.18865465502133533 0.057787689122563254 0.0113006660388408 0.0013537148148504942 0.7813401052349701 0.2187525410590969

CGG>CGT
10.608418723924219 46.82981812239681 27.405035123064096 24.605382802563575 20.299568189972526 14.362154831362684 12.821939424529564 11.55246162323645 10.865167066945874 10.779836817614754 10.05487194719047 9.386089368552659 9.34323389461334 9.172401988737608 8.870903562036537 8.961812892617191 9.247131629572937 9.301882502681275 8.86318243662993 8.021846539314442 7.129580023626028 6.508525333980503 6.193887450636276 6.03184050611975 5.886001810092247 5.70448255748112 5.534715989921434 5.514914048583178 5.763693072146722 6.24712295584358 6.78063880966952 7.165984500065627 7.306686526930605 7.207668933789058 6.905765357959617 6.448516981189945 5.933796961903119 5.508314690557141 5.285320600466124 5.261447014464564 5.319765117982622 5.320120409818043 5.2007686554282975 5.012341738272827 4.8666872051304235 4.85026446861049 4.96861828299585 5.1523359072935975 5.307484555846983 5.371503113578217 5.342800774135208 5.271484426282215 5.218931865778526 5.212901219501561 5.229440885329995 5.211685230664401 5.105933119797003 4.8869967753018315 4.562017155418787 4.161953304583183 3.7333926829479713 3.3331091845097696 3.019802969975579 2.84081733129946 2.8202347323857917 2.956168958231349 3.225929891123997 3.589134045515352 3.984199231728716 4.329696268090703 4.546921725609988 4.599755511828843 4.521006748003111 4.395582039058121 4.305887537630786 4.279490430978583 4.278140158162753 4.233453612573077 4.100052703042323 3.888431300361567 3.659261910178353 3.4898363902617513 3.438235725791808 3.52223584895671 3.7132250286759465 3.9418077756367977 4.118688096295096 4.171194671625755 4.078318948810605 3.8773444231854457 3.6336995355404937 3.4003588561342024 3.2018874253020355 3.0453694303065766 2.9314975019065 2.853019393181518 2.793701236412197 2.737795983379576 2.681592708293008 2.634933089792758 2.6112949280142903 2.6158743281793435 2.64342325868089 2.688269374306302 2.7554308334993705 2.859045813533307 3.006020258078914 3.1770806670088523 3.3226764150990444 3.3836268186511917 3.3285733490011102 3.183004623792458 3.023996107384581 2.9368213147498285 2.9590799156195584 3.0509386133452625 3.1168002654708373 3.070753104157299 2.8997660782678696 2.6706822329895443 2.473790254292477 2.3526106266819933 2.2827026647172253 2.2215558259772967 2.1746957642951164 2.1876488707852335 2.2602513207058834 2.3084071969663063 2.263399376874422 2.1749077963583083 2.1500433665974557 2.20415846307182 2.2529145109179236 2.2541190590105447 2.2343330684806992 2.206078035943767 2.1088276299569713 1.8626333837648241 1.681590720931679 1.7800138526463545 1.9672255540496297 1.8418917125025456 1.4440248629087302 1.4247701480207766 2.05370337024894 2.574549702442297 2.6757840048645 1.5807984405045015 1.1048155272268536 1.9936416898710745 0.44966603109588243

CGC>CGA
18.73731160001372 82.47873624552813 46.50524088007682 32.485448974453575 28.275174188257115 25.53215527952635 24.241458971759283 23.526652557346758 22.623121132427467 21.54391353866511 19.554261154873867 17.561405967141145 16.462602275672136 16.368188115715366 16.561011962541563 16.133163817225878 15.118508797952225 14.255728827372362 14.152183286462847 14.751851525304847 15.19098645838055 14.663784958798145 13.339279688664707 12.11713375888863 11.670382497265232 11.959607078843646 12.519243224101217 12.881552664210197 12.784330931156363 12.210805018047575 11.357742287863328 10.527544715881557 9.95357522373439 9.69424978401384 9.666394697593216 9.73030123011544 9.750376562341712 9.633994189630188 9.349475525598006 8.918705337583653 8.406066624221515 7.910249423819736 7.535159443184674 7.33859738497627 7.299555860726603 7.340085626553738 7.388336211277319 7.431921115862346 7.516549332905079 7.687620887279055 7.924572417006444 8.128751392698128 8.174338916467326 7.975869231708109 7.526699313559399 6.8988089182357895 6.213242582916747 5.592360915413808 5.113932005726045 4.793555373657237 4.604548720293164 4.514443814523972 4.506396677484772 4.572777484440483 4.695943251842158 4.840301329193186 4.963973974636814 5.0369409865251 5.048665842318911 5.0032206167593065 4.913360165964714 4.801041510958244 4.698345175633882 4.639089452776858 4.642819638943601 4.704061548501988 4.79575782368811 4.881616773722723 4.925573289786887 4.8949344841848115 4.765097744573013 4.533009790740973 4.234020447105692 3.9462736926955855 3.769809093912765 3.783259862442717 3.998927531971584 4.344568524621458 4.689253628739194 4.903936035992068 4.922095890176476 4.763364994205078 4.508319775019407 4.246302640201116 4.033193787613208 3.8820599388665102 3.7808370635266058 3.713057422685298 3.6635343808978362 3.610908511042362 3.5221674761319512 3.36082318143008 3.1073251386255754 2.779342072292585 2.43715119479998 2.1664656965094067 2.0450745418772764 2.1119560434980293 2.3545957462334344 2.712743253705703 3.0900034029686374 3.379316388547853 3.508922823181238 3.4809335828637886 3.3586127516298347 3.206830791535071 3.045541558829104 2.8597234069753883 2.6435003728848425 2.4225973887416803 2.232639499498669 2.0990749137570344 2.0560974837152273 2.1488229440656443 2.3781099528170193 2.655456080832804 2.838439727112567 2.842208446176535 2.7484405328657497 2.7544704808322944 2.94605989330849 3.2019539046120857 3.3635160322043562 3.34259011532541 3.1507301930736724 2.914613874341461 2.753106946303139 2.7388052567388503 2.865002518267534 2.984840132555786 3.0674487568089446 2.8540560170009055 2.081766080119918 1.0965106218088898 0.6848489921569104 0.5084895654922839 0.6388027733894172 0.997644415041095 1.1828000836605834 2.9220781691446662 0.597447555278432

CGA>CGC
1.4976038282918642 7.7592491924253135 9.018882084769826 5.6461894375256465 4.2168385789280505 4.924287628783025 4.741497581114122 4.3469122356692615 4.107743094710672 3.7840924753537157 3.019601758416475 2.085792480950332 1.4986591934282865 1.244304402122169 1.1679010348878835 1.220189926411661 1.5245312725737663 1.9453020988241967 2.1974045800181807 2.1754513592349842 2.0070595047286273 1.8446689154555898 1.7665127947780397 1.7935206611331747 1.882002976982118 1.945832029410177 1.9391173899120946 1.894695997159883 1.8710372335907444 1.8839143808806575 1.9088346593586876 1.9216259210601097 1.9069227103035735 1.8474152442865073 1.7341567231529682 1.5847952582129916 1.4385447218434895 1.3312837187604998 1.277761333547721 1.2797755626143192 1.3443737724864129 1.453556608638347 1.5045409569463852 1.402390339892992 1.239655050211163 1.16438774848645 1.1499199290549895 1.130187072269043 1.1155616869497975 1.1158178894696138 1.132453780388651 1.1598719684670535 1.1938316731637013 1.2374678285309106 1.2973731393194297 1.372188410546106 1.4446650495596618 1.486884015492807 1.476530431038877 1.4105216303348138 1.3040742407928951 1.1777681773400863 1.0462702153321732 0.9180688910162036 0.8024962134199302 0.7139052749372087 0.668100302225684 0.6744964028998486 0.730183411076346 0.8192190690372736 0.9172714727001884 1.000349883723627 1.0549009293387814 1.0841718391662645 1.1054278905764336 1.1373757081658444 1.1848882178225497 1.232118873368424 1.2504095989116457 1.2166015281431029 1.1290815609821563 1.01026297696662 0.8943262777867901 0.8097176413944966 0.768565043134448 0.7681316983726945 0.7992695028633359 0.8526684353850966 0.918671060221353 0.9845177809713275 1.0352567756306226 1.0593410558232013 1.0540756409797702 1.0263664100158236 0.9890762392617753 0.9561223249197441 0.9382242721757181 0.9398174806350053 0.9580643460985455 0.9844433576340772 1.0072901296607848 1.013482933202603 0.9901461988252218 0.9282583184664452 0.8270973412177031 0.6960033093912738 0.5521365811707171 0.4168486536111762 0.3133615798672129 0.2646299818147878 0.28803903398964475 0.38647491417974383 0.540300324698163 0.7067380782836769 0.8309626710592856 0.8681719902987824 0.8075057721557274 0.6801513561935052 0.5397994701072311 0.4302006420751859 0.37277411365240615 0.38261531874280785 0.4795342485283097 0.6687164835911328 0.9155784224637525 1.1466629185893304 1.2737150223715517 1.241567809812296 1.0901729696138305 0.9463568843613615 0.9036743615126168 0.9238129140769209 0.9298912337436286 0.9439752753812497 0.9949212480372925 1.0328666492871963 1.05434230100871 1.1578181720280838 1.4158168366087254 1.637605108973392 1.526871291962128 1.327284608497647 1.1673592440735627 0.8422697938804267 0.7044842274290236 0.5480598266798217 0.6694580524694889 0.9806982017321616 1.1939814527456767 1.2488141495192286 0.2625125942516526

CGC>CGG
13.392777212386997 57.453471686107044 27.049128540654184 24.931547981017538 20.10081428368782 17.334562787288867 14.402671033691389 14.662926668097494 15.727920127756839 16.46185522152082 15.369406966047046 13.128927040903358 11.626260777476453 11.027102927993681 10.876870350568655 10.544951763850761 9.96889257767125 9.393071121308585 8.873373953069882 8.427906329380503 8.072420740847713 7.763496321159832 7.45421642212537 7.098169764862362 6.698206688115372 6.411128424291748 6.4406788880229024 6.762981380344293 7.102308483526224 7.19064216452162 6.956116146129464 6.485403043094541 5.9144396989415675 5.377795231057374 4.9812338706218675 4.750591532919549 4.604058947847201 4.413520195109923 4.11975718188667 3.785831247775092 3.541079644530905 3.4823026856114803 3.609472275858006 3.825737102856459 4.000610542210638 4.059959184701256 4.027298488423589 3.962313907798682 3.866976270178467 3.7046681744018892 3.4945340651998698 3.292064533632312 3.1072084248915792 2.9343638351310783 2.800906794155124 2.727958264453615 2.6946965226513946 2.6531695290142254 2.562641481853445 2.417764500791847 2.2517558977081804 2.11611098254875 2.053555605151497 2.0803703994228244 2.1841321181953948 2.334218075794233 2.497841504061563 2.652047629406438 2.7840704706134796 2.8814726338610352 2.924190010578967 2.891571782565162 2.7839880543809485 2.640851526513601 2.5333524328180554 2.528590409179758 2.6473863020837554 2.846237249965726 3.0365115883907916 3.1277765288507693 3.0690116042495705 2.86721076361459 2.5779321502994628 2.27598762234619 2.022302205346045 1.8438100834821147 1.7357925766197189 1.6820494242694504 1.6761255328275615 1.7267718148221953 1.8442935013479176 2.0203411297624037 2.218538824996906 2.3842673132461525 2.4678692703002945 2.447032004270504 2.335270848031578 2.1726718818816786 2.0068068475163927 1.8771377077251712 1.8098716183235564 1.8186534862640098 1.9025779900371507 2.040104922812731 2.1860700745418478 2.2799264168761604 2.2669152453077643 2.125191424795592 1.8849113287307335 1.6240891324717908 1.4360311791788016 1.3828337711195118 1.4635998525598921 1.618747476216291 1.7674734327069248 1.8547637732292876 1.8802218102137729 1.8915829873807766 1.9446048113447298 2.052153557237669 2.1589546702426206 2.1676078005398516 2.0052153200379603 1.687625679812266 1.3304673946929237 1.1009518650340067 1.1031904733817075 1.2712607963690385 1.4334937608092428 1.4787558474897313 1.4084807595948803 1.2711675686285173 1.0982719957135816 0.8906975953714668 0.7576308960146824 0.7531946126885025 0.7593865637646686 0.698340739454101 0.6299604729430451 0.6575045943707128 0.8233106547077801 0.9275454595492744 1.068204681332641 1.7109125869086312 1.8883194250382367 1.5151468882416326 1.2835902917571929 1.713784359519411 0.9845563273284759 1.8075387901870992 0.43419057605459443

CGG>CGC
6.227884673695748 27.692111480802495 14.116849131251454 12.594906853350855 10.259608458851188 9.7014167848243 10.556031726184278 10.879388998418088 9.45299541524404 8.003944373688842 7.430601021928348 6.664753084602873 5.902326993746222 5.495377979217965 5.1188472165497005 4.821063393764344 4.55952026704293 4.175209146438235 3.704142223632384 3.2995864254522305 3.1306619581476607 3.195469526444598 3.2877736883037 3.202095253984016 2.938066581849962 2.6570047998713044 2.5301816269406343 2.6313894557507584 2.9185322135852174 3.2847183186836353 3.625353098795849 3.884240586586314 4.066024825261156 4.194463807138162 4.256103348711343 4.201527912122476 4.006018398857915 3.717082614428754 3.4369503050212997 3.260462843251754 3.222047872196322 3.284505803119741 3.3669089761716013 3.3874814218333973 3.297220310250397 3.0946523789647387 2.8234290010723813 2.554568052018356 2.3565253922799037 2.2659124040602374 2.2766035187280544 2.353880788764379 2.461177032832465 2.5779618074548662 2.6979578034901843 2.8172895076958646 2.929755644663741 3.0324640111506858 3.1293680547962297 3.224319729838766 3.3109678313432167 3.3714929071433986 3.386456823560857 3.3480576081250724 3.267145139950418 3.1690276825878083 3.0809214843816086 3.0197827988814048 2.988077158682733 2.9780658428479754 2.9791658594146155 2.9822508390387474 2.978563061164059 2.9558824789562563 2.897150479311643 2.784751390484407 2.608696604964206 2.3734409349514447 2.0989149178872735 1.815443235966859 1.555845178750495 1.348289308196311 1.2110501252479813 1.148877507942602 1.152136613953872 1.2009041277460046 1.273084564754602 1.351321086575644 1.4246330857579992 1.4868903140004655 1.5369021469175783 1.579834669343526 1.6243805621298186 1.6736611602509328 1.7170260608584287 1.7323900072572442 1.6997103297630052 1.61546933271617 1.4974355754565236 1.377683190732381 1.2893660322489584 1.2536549340965182 1.2714358362587561 1.3232916861871835 1.3786705704362066 1.4096767698609223 1.401127472462809 1.3512509732274622 1.2651638661595974 1.1488569439320178 1.0090987698564167 0.8571565165388682 0.7099555183824776 0.5852511259082772 0.49432803483300547 0.4398002628847436 0.42095063666709687 0.4395427706065132 0.49928978490075404 0.6002036795943704 0.7324256993355588 0.8766730238758648 1.01556541857081 1.14092567004157 1.242074980062531 1.300712011453513 1.3199215812767877 1.340922605858435 1.391507788629309 1.440372039139541 1.448869311652806 1.4253591432771986 1.4357620792399066 1.540889790667095 1.667734680736782 1.661884968236401 1.4921730555939594 1.2830080723462811 1.1162950377392418 0.9250840600713321 0.7423857487760815 0.759409179747862 1.0768215682729898 1.2198985520486578 1.1401869366350195 0.7991222423620274 0.7558860928661895 2.0594008339405074 1.3333554879550036 1.8699669252633926 0.46083687748346447

CGA>CGG
7.723716693061375 35.600216398270646 21.625643600065455 13.618753693101821 13.231606529668433 12.353199665629253 11.346944350526556 11.378047813938458 12.132643921923968 11.559532083820187 9.762781940602306 7.6947342476990555 6.056725089526611 5.456808071660828 5.330743128195436 5.790096091048078 6.174001818380104 6.323987180049318 6.0568815451116995 5.456187447210799 4.811359549128138 4.382743234837305 4.254440783151309 4.26585968184 4.1877825226227 3.984607307237373 3.80849682961721 3.799105178608359 3.9545986652212655 4.168362029007201 4.34781269791838 4.4881241215016265 4.632036513397748 4.778095015278605 4.856200483598519 4.792751881378222 4.5890604202181775 4.336400616582769 4.153286304598796 4.096501434836009 4.118848784675046 4.106400495202343 3.961967476245061 3.6706845135943045 3.3088333613717142 3.0001272786138298 2.8480094105927147 2.8808485584272527 3.042375200002558 3.2319296943817135 3.363115765692942 3.399957493601505 3.3540127003241893 3.2571755206948776 3.135726034414713 2.999720483924812 2.846538056984682 2.672012409852693 2.483340471352635 2.306657233846973 2.1811430014438984 2.1386229715189864 2.1810018800957374 2.2741939761224352 2.36663374816792 2.42011520959016 2.429613745992448 2.4183515900346397 2.4158081962946842 2.4391107684136495 2.491163646143318 2.5708322694913757 2.67976796593391 2.8162803860688443 2.9620499949994343 3.0773832656364397 3.1152478974135125 3.0471630992756746 2.8808619079549964 2.654522350267294 2.4119729144231563 2.178858970419025 1.9572077971687838 1.7393846730788787 1.5273877024011628 1.3411035105020397 1.209708365099952 1.1544365766615872 1.1766087869753863 1.2580553790836424 1.37011946043267 1.4838130166235983 1.5783777177138933 1.648568913705559 1.7069337026885016 1.7744778747406986 1.8615314055773267 1.954250576486293 2.02221653695395 2.0426491161304035 2.0170979698883764 1.9625533333662009 1.8871112376338308 1.7780582445939854 1.6160204021828914 1.4000036239472482 1.1581124798359286 0.935682159838554 0.7741635848583068 0.6979617160725582 0.7133607233333005 0.8114836266214346 0.9697088698049016 1.1574961617611639 1.352223166505587 1.5522621581343583 1.7665654739178014 1.9851344854253685 2.1637478973448467 2.2464612944202904 2.209746586470041 2.0869022078591892 1.9435205927034809 1.8211278758291272 1.7142827865440755 1.6185817991243423 1.5875211427315417 1.7080269327793063 1.9986943289710792 2.344552041146861 2.5711723117525334 2.6140998781633784 2.568095673071805 2.5262330981099668 2.460104963292726 2.275644161747245 2.4676968650161264 1.7496454460428796 1.0299704047378366 0.7079744566353944 1.0075077952579068 1.8494321883891622 2.209546728590594 1.8533251568881668 1.400480814255742 1.2086935247255823 1.2141479882922726 1.237177084695179 1.8989672017788932 0.776869225477153 0.08836173784096046

CGG>CGA
23.457070479639494 106.02584752605672 68.59492500240128 50.13706887534631 45.90187606214479 41.505890381687834 37.37088353435638 33.29353822713014 29.23542984591727 25.541444241881997 22.828414077733978 21.402301283903082 21.736220658451384 22.601894843439812 23.43007398516539 24.134281167182372 24.709359437426446 25.01812089682174 24.688642743573972 23.66591246787578 22.45967318038552 21.42889499293674 20.508926080329758 20.000943667489384 20.35503093082373 20.815717256837686 20.903038067700074 20.53844156761225 19.892611094597143 19.192304011561674 18.600589690374683 18.1671661540979 17.835559023229283 17.517962889334445 17.155138049175733 16.71789732104073 16.217939642508565 15.746049141203548 15.451180293752449 15.422789071308006 15.585627291447869 15.728829090339808 15.646785747694723 15.262987535594135 14.650285654833608 13.97076004078209 13.406227175775294 13.10879362591537 13.155459046745403 13.50872849984827 14.018333406514879 14.477917560739474 14.703515073069322 14.594630068595288 14.16410275554577 13.528851198274003 12.851704591257088 12.259758307168749 11.802385755619222 11.476294792201536 11.271735828294961 11.189175198196043 11.22650491221598 11.356485751435825 11.511050306378449 11.596160621038823 11.540511429417041 11.336650780319246 11.034865649985235 10.70306838902218 10.395904821805896 10.150970645869455 9.994575325245359 9.93781186963805 9.965608266010717 10.034471025842906 10.087375872860733 10.078299318018242 9.99004800134603 9.834318222018169 9.63704424268248 9.422456209493571 9.20662824004809 8.999382199778081 8.806405289606737 8.628988575478521 8.466773220832858 8.325714887918169 8.223181283510439 8.18027533289892 8.20216650331347 8.259984570504436 8.29247456770681 8.236826026887291 8.075863059042677 7.867331968382395 7.7243411598845615 7.750140357231553 7.968704341360931 8.299597913821604 8.59412780670305 8.712195013183397 8.598049206086882 8.299627226050779 7.911514128142892 7.508969498541558 7.138715126562913 6.834399675343118 6.6108023153516955 6.456164891437423 6.34669817953814 6.2697425050667235 6.237354571338892 6.281678819706931 6.422761133780219 6.617811283381158 6.744527718703775 6.665982889701073 6.335432330930952 5.839707836914464 5.341089028998772 4.97738941049321 4.806715271135974 4.828741422563976 5.034962397828856 5.405061261643707 5.841097457951553 6.170364108404024 6.307171290443926 6.3669516104216015 6.486142095652045 6.575452842480165 6.4361036513532905 6.105464862302352 5.842396034121266 5.72967034317752 5.595993782937555 5.27550528144347 4.815536667504695 4.399154028828908 4.458839526341858 5.395295557101107 5.579912292763858 4.450220574556938 4.499830742934223 5.1743979022824815 5.3132447399676215 4.70404043971636 4.695577953822919 4.203670396481528 0.8388476001379038

CGA>AGA
9.222650259359813 40.92649989424426 28.16853345537209 28.633329026455538 23.94418982742288 15.89224454196456 13.71890193003085 13.482267668421942 12.521987351915465 10.984672489271594 10.195439261699734 10.473088289896587 10.578596060285047 10.39912434278714 9.756656678675036 8.950624082576061 8.387971382260064 8.097578072358145 7.835563263559823 7.410735115788917 6.938286094300339 6.780164491512059 7.066463942682277 7.50664153289086 7.719210613508919 7.553821199031984 7.096339654500424 6.550980220391658 6.122778535171668 5.90700044678 5.816320128698052 5.633835687635749 5.1983145144143705 4.569739852450756 3.997930875488829 3.7155169742320977 3.762807872640846 3.993330591930187 4.212023429095272 4.301498117158298 4.254376539802419 4.132193862739351 4.009810114162885 3.9429442387312736 3.9610022280574024 4.068305166545329 4.243479935851255 4.442379361251743 4.610143349147426 4.696429607177032 4.666727177723514 4.511727939786269 4.255389721450353 3.951338248116333 3.6602907430020006 3.421671447846389 3.243326371816066 3.11694928384308 3.04148505168207 3.0307507273315326 3.099247395941818 3.2412824814737693 3.4228952102415913 3.592793203175032 3.703031600692066 3.7262492074753713 3.662889372413091 3.5385772108172024 3.393453023841216 3.2656853479693737 3.1746124901763833 3.1121433309593876 3.0486991853875716 2.951861316770483 2.8079342778792604 2.634770557873561 2.479033777144907 2.398565440236054 2.4366013633018837 2.5982815627833515 2.8413620514685753 3.089615968077385 3.265888603502139 3.326908111359706 3.2774251847711384 3.1551981243127445 3.0003576575501545 2.832644429275542 2.6498698620700085 2.4423261655044746 2.207808985821734 1.9561327609169261 1.7031383906838597 1.461948512241607 1.2391459698144727 1.037705753799414 0.8621606351353468 0.7199730974813566 0.6181879634837134 0.5609917552554367 0.5532208969089998 0.6059570562334703 0.7339383430479068 0.9412001543242844 1.2056550803710258 1.47794854671751 1.6981756769443566 1.8191274913366022 1.8218866378119725 1.718043500891062 1.5417710437516683 1.3373779788120828 1.144750627391441 0.985292154434883 0.8577493048627715 0.7502751830628562 0.6567879618164474 0.5813830574631247 0.5338602737858292 0.5261948884119196 0.5656180525240501 1.4492981715623574 0.9124087306705653 0.7665600900455769 0.7716270242991892 0.7640163100220146 0.7810126553028357 0.8331792377050932 0.9095697081080776 1.0155781223606035 1.1651980710102487 1.3162010236978117 1.3581930526703203 1.2201260318173817 0.9640009017647946 0.731142851273769 0.605278461332659 0.5981527764938277 0.6380004603113809 0.649694518230256 0.7023780134016404 0.8677776600269469 1.0735650790926052 1.018273081084835 0.6499824694240328 0.8940083520404104 1.2880150232702094 1.3830534467250215 1.2983126525397362 0.4499900160243877 0.04741587278414479

AGA>CGA
2.5794323374858017 10.24092739699264 1.9325448825014133 2.128799122995417 3.3196839893770074 2.708417850039418 2.5384990313875515 2.913320312593108 3.36823047127742 3.803855323341804 4.0817311504859495 3.966331787349356 3.898648446949503 4.003122481716995 4.1396222619601275 4.191875817965391 4.137486378872407 3.905927213936606 3.4700914733507924 2.9322050116568454 2.4202606097705606 2.00633948507014 1.7279594981638282 1.6349688607767043 1.7250628808755057 1.9040674168072098 2.0416503276562348 2.044690642579471 1.9123077684840386 1.738170695636588 1.621894012574602 1.5861098375310445 1.589306685447176 1.5864308618999934 1.57159092053317 1.5811847180343672 1.650975844755878 1.7647909430931306 1.8540623201820212 1.8529210291160805 1.7546212155895675 1.6182134794920477 1.52645007614342 1.5365688661835766 1.660084847641785 1.873092559525085 2.134532119892992 2.395130193424574 2.6001960760328564 2.699669344649032 2.6680708579195342 2.519667644977062 2.3036345272417815 2.0821822912465655 1.9080280335769255 1.811247534854074 1.7935155989676734 1.8276180809657718 1.8661380157583325 1.860619666348226 1.7829736352662324 1.63714805197893 1.4551147154950603 1.2805267446869706 1.1495913665666306 1.078861092242539 1.0636125831767373 1.0831780387966545 1.1085298706545943 1.1121237619808888 1.080502504672709 1.0229948687174713 0.966743186276545 0.9383703242452436 0.9457036404188501 0.9735740010304443 0.9959908165267561 0.9949883953067552 0.9725031355836794 0.9469825066094545 0.9377502302307835 0.949602819677267 0.9695780979239922 0.9775443632596477 0.961474539580736 0.9259739270072834 0.8894651174105046 0.8743806381024697 0.8979698812853368 0.9673850107709063 1.077635386876287 1.211114017493491 1.34079777882951 1.4385667595928064 1.484579966195443 1.4716420380297823 1.4042907733544165 1.29759197503281 1.1767693168311972 1.072109957590006 1.0067373375896864 0.985713894939096 0.9972753371636244 1.0248871402378414 1.0576462977676202 1.091544185410446 1.1274117018033394 1.172965592301154 1.2442799709050825 1.3566790542580993 1.5079100645818255 1.669259807314686 1.7932603392177011 1.83193650715243 1.758019092924098 1.5845802842728811 1.3701250407470509 1.1923239021607566 1.0982384018744136 1.0723246271012776 1.0568324573644385 1.0077255027439613 0.9316606618459704 0.8724354604072991 0.8691703073083251 0.9261901578430968 1.008135650530685 1.060567975804894 1.0507702274750519 0.9903309640977025 0.9182748523000563 0.8773250130407513 0.9197026798304913 1.099649597598868 1.3688668176358747 1.5946360683363423 1.6525981647833818 1.453905667590193 1.034230847749549 0.5763927838003393 0.3464724059047569 0.4656047863531807 0.6245781139997223 0.7241367101705546 0.6454927129073147 1.3091296633380296 1.3815055867033121 1.1638919030551833 0.5622236008246388 0.12373031547179812 0.009698796499132866

AGA>AGG
4.9369300996588334 22.63014927789374 14.796665961481239 12.396530442877378 11.892123723677084 9.218787866703833 8.222106747235879 8.129070462580074 8.332858805838883 8.888358636412582 8.490410158680508 7.3605899399014625 6.319553299403349 6.097386983858219 6.215834546107054 6.353396981310034 6.467493744997306 6.514127718573376 6.509128018069496 6.5208640497312365 6.436480225017603 6.090747670736361 5.463948316490237 4.772212855939855 4.280803410519106 3.9491255696133662 3.600013771544934 3.2325015974969182 2.9323831479681894 2.757083920342928 2.6692884086437982 2.587385358555045 2.4723939249650813 2.353074725466117 2.283166238571516 2.2923226388572515 2.3742234525878456 2.50174853783193 2.6407361750879494 2.755779872516071 2.8183926810094593 2.8198350985793845 2.7774020513441906 2.7244967508147417 2.6892685865871835 2.676406102585691 2.663018486301724 2.6112432810557515 2.4939376541104337 2.3205297590636627 2.142165466828667 2.025438688123269 2.0102141479603652 2.082463662771639 2.181511523897045 2.235824770576725 2.2040095253834817 2.096906728490751 1.9696921500581905 1.891051663862391 1.9084885236117461 2.0273103150826994 2.2096583829478162 2.3899601860868325 2.4998836050966817 2.4949882641159067 2.3725728701101607 2.1703341144325243 1.9449674084515836 1.7441280817523697 1.5901982874771874 1.483566997087027 1.4169533983727727 1.386417833993136 1.3926453495920894 1.436937631854473 1.5187154777609257 1.6354339531805524 1.7809038830921855 1.9406957422922548 2.0900606301867475 2.2009936453746515 2.256741466142513 2.262696774569631 2.244114648218523 2.23290300002193 2.2543049137357554 2.3205458532630168 2.429471425786036 2.5640878011980175 2.6942717513829857 2.7845489568116473 2.806484052092653 2.747795857626509 2.611938556286424 2.410772703675966 2.1593390083745945 1.8782615810957977 1.5992685934043451 1.3637690159066997 1.2103508927614115 1.1586863815987478 1.2018366582967182 1.311668580993977 1.451688348443257 1.5886370338888063 1.6991152000041603 1.7723135714768987 1.8094791759939557 1.8193720283353203 1.8121632224821855 1.7966861779196417 1.7805453073775444 1.767750339345066 1.7548525108109623 1.732663621884939 1.6928968908014277 1.6329439128175627 1.5603406642094637 1.4979918195198085 1.4761731267116984 1.5024017147344502 1.5323407962233533 1.4843274293336004 1.3076994034215514 1.0490462994895273 0.8429068835673389 0.8183992633309725 0.9898077408834342 1.2316626700050055 1.373701441761271 1.3333546969999222 1.169508096515279 1.0122020153410105 0.9461077259014695 1.0226252531215372 1.1892629058285384 1.2766844550190426 1.1687035415363436 0.9441781206348927 0.8288342482396253 0.8016434243919723 0.7862708717402553 0.876893212708484 1.0631108928433008 1.2484670021677113 1.2523696134053641 1.7531855941035348 1.6269676168740217 2.9498094014581167 0.6606455980517355

AGG>AGA
24.323541193882708 109.45805449941935 66.29902223691855 51.32687868018422 45.76649141470687 39.59479035612532 37.94289205703151 35.253744914256764 32.6403817255939 32.02828982111203 30.610440673463202 29.403794540105277 27.972443419764662 27.06624360919462 26.824400696408624 26.290185645937832 25.3809452711033 24.37442248915567 23.42146208821842 22.434443690927537 21.40581435701372 20.68477173732422 20.45131973274579 20.336969385005556 19.924183390471185 19.253371389606773 18.618624244860168 18.17703371571652 17.865042606846487 17.393173374987548 16.551263669082495 15.550083369278015 14.707473978856186 14.251000768956965 14.213089209722602 14.462253249995907 14.81200184122308 15.109324286332726 15.26758958108959 15.268800250614346 15.164706074671306 15.060842124227271 15.041465500001603 15.067270522201309 14.960141748962396 14.528135305912304 13.73332429365792 12.753072769501447 11.884808392045395 11.373254884851464 11.281780973005631 11.482362527053443 11.756380304492167 11.930687048235047 11.957588226112328 11.896465884122186 11.831558535550165 11.800203149294008 11.779771649134286 11.723513096318078 11.60171078472883 11.415772941132303 11.18398419850241 10.9173667631939 10.606326406775207 10.230539799138286 9.787884828391757 9.319625055203254 8.907297560370747 8.640118826479814 8.577323434836254 8.72760590551731 9.044372241379696 9.427823258794168 9.742290951274617 9.863213730085555 9.739296659978152 9.424367840931543 9.045618463928916 8.725801120699925 8.516337607431135 8.387316080628402 8.271128963627953 8.116330063930794 7.91082189896676 7.668779336017661 7.406498940653849 7.133138304111795 6.859900153751705 6.611578375792581 6.4246958608263665 6.3315844142452695 6.343007977585042 6.4433794145476675 6.603962861748444 6.806197060705903 7.055292904881638 7.364612064249503 7.714312002215769 8.020385690483598 8.154532753717666 8.013447539190288 7.587390230280443 6.977225155085334 6.353921621176056 5.8916487104116895 5.707288163304815 5.826319141794236 6.18462063673005 6.659905388513937 7.110882603602643 7.407875595629857 7.457583010422298 7.228252052454009 6.767886278914719 6.197663836153789 5.670678402184709 5.314528605677378 5.1932327786665695 5.295696867454768 5.535651948882643 5.780606890590011 5.923316961769295 5.935164482441716 5.844352398582511 5.683034440186182 5.472666921449023 5.247952296430829 5.095806891227072 5.144856293367889 5.436332952800225 5.771860660246377 5.84882369757315 5.6352702651951025 5.420310745743935 5.363317323295472 5.322365031321704 5.26109401224157 5.438244717403405 6.0576098040114355 6.68885654167081 6.6119594865227445 5.7029182131768765 4.214754901870071 2.9443840513208146 3.0527562062845233 4.125893024982846 3.302001716657324 2.5011715355509034 3.248658212139675 0.7464410833641032

CGG>AGG
8.472744166901368 38.01577471885856 22.579995517769518 21.314152921121828 20.444414178215734 16.16758090766398 14.120717962183809 13.592545966422835 13.57731111731069 12.585935638263804 11.872940040998264 11.082087400502866 9.848163893423218 8.704273973645558 8.053859364903923 7.763515374579792 7.760301075869527 7.960998878684988 8.004212421279854 7.726172033009396 7.361057205327438 7.114405693266649 6.936484208120026 6.721917279775936 6.493096364116725 6.342886324299878 6.295366626943479 6.2457826983188856 6.031069431360075 5.581164751970195 5.004386995463165 4.5144156795969925 4.262542718336297 4.2216258053390625 4.227597214877592 4.136308870448328 3.9383336673949727 3.733018062350052 3.6208546512135404 3.6322638424382103 3.734450934722676 3.8735354205154287 4.0038514013571245 4.097408862401005 4.148267088603622 4.1738897330556854 4.199494497130831 4.224977797777421 4.205561881011534 4.077967628206244 3.819179849955817 3.483619586721759 3.1753476261595837 2.9690623213491922 2.852103459406377 2.755097321936689 2.640399011648512 2.537123665512642 2.490935706412962 2.518126209845802 2.6139007089422948 2.766963033160364 2.9509130590347237 3.118981410202838 3.2209108821751053 3.228180305807215 3.143244902864642 2.9863385828170665 2.778534686420859 2.539389857731146 2.294632075257206 2.0777565245580636 1.9203691759826147 1.8398953195972976 1.834354334096853 1.886771682844604 1.9760115649943246 2.088270771527795 2.222202661059316 2.382411499309486 2.563799932551166 2.7387383570714845 2.86023745706804 2.8833326560423185 2.7920569883356396 2.6132690404725754 2.406377519215902 2.23404847459127 2.131997406522134 2.0967189691922807 2.0975124770759015 2.1020918040423586 2.0961995321403224 2.084087513064768 2.0733180810001883 2.0597731922001383 2.025989594090375 1.951673401228405 1.8250015275350184 1.6470581585096973 1.4321420479032456 1.2093354970169037 1.023447785526606 0.9278232133656518 0.9658902767255578 1.1479585598520727 1.436163134400043 1.750557883200158 2.0007911024706266 2.129157523666893 2.1353214128466855 2.063188072394156 1.9634277953327743 1.8640678546258511 1.7652654483230994 1.6513371834562578 1.5114943227928783 1.3619358534112604 1.249692368628399 1.221917192039003 1.281304606077018 1.3758636233502364 1.4383344523326287 1.4318958277922704 1.3647877297728712 1.2862410502007378 1.2672572209807338 1.345305130445259 1.4687536187832129 1.5226808661623064 1.4303941098494615 1.213817148385296 0.9629845855248764 0.7913185610190864 0.7949421156205808 0.9441817733132097 1.0420343455575192 0.918735730437722 0.6196810897044928 0.3185090346894309 0.21346348262472792 0.3857463559116804 0.7494770613783097 1.0608408281865893 1.2032415723396765 0.9429433266806064 0.45900884907133943 0.1343285845595349 0.022868549684872817 0.0020761602334071066 7.731472045911028e-05

AGG>CGG
2.4774713115210107 11.77016085552023 9.731207581163979 6.678627541808307 3.5594128053797 3.7900608776845397 5.276958323158789 5.365351590510514 5.37751309401489 5.178919824624913 4.834222613923141 4.70888943425478 4.640016868101555 4.691356288059901 4.516227067397282 4.200920209378408 4.018981037631244 4.009664273203128 4.069514628116257 4.0305614193529555 3.751465408166832 3.2927220252878215 2.874454111497522 2.6438067006854333 2.623717154953584 2.838451204021227 3.3267062194960726 4.0125996098050765 4.663693371351092 5.018868483195057 4.9701137526826535 4.677126168300827 4.444425122703552 4.090681051526861 3.327122080414813 2.838624828075965 2.2101964613177745 2.070594239881162 2.029824272266095 2.044225427719456 2.0874737713140763 2.1466291676316787 2.202850890497407 2.2222672065334566 2.1719722481591095 2.05138384808164 1.9073891582933893 1.8104635453866726 1.8072180027144729 1.8900543997982147 2.0069954319253287 2.0971435902586126 2.1213195158127074 2.071639016909653 1.9642185068261888 1.82698496064338 1.6909204933204107 1.586162177197961 1.5394992961684177 1.569633819993807 1.6803382750166365 1.855110264917006 2.0572227501224467 2.237269122282494 2.347710472697345 2.359956085320835 2.275367521361055 2.122389507120169 1.9406807503181716 1.7632930288081434 1.6087493254855454 1.4845690192762464 1.3936987103742584 1.33629091228998 1.3081321049732813 1.3015683295427776 1.310455988442817 1.3351143828588172 1.3832907664654155 1.465942523779552 1.5883514591393235 1.7401828654719274 1.892605819658605 2.008690474343039 2.062200764480005 2.0506050612414763 1.9921356054713493 1.9106007490560224 1.8213964871197832 1.7290199751771147 1.6346787568706551 1.544035904694141 1.4672101850341208 1.4123432139760246 1.3800195876716734 1.362767080924507 1.3473532632254852 1.3181666366996008 1.2667459055171268 1.2072150833342232 1.177171835500832 1.6662586301006947 1.7355830165747206 1.5045510281085461 1.4930191163703164 1.5562283238339194 1.592792107490863 1.6026912709806305 1.5819107310651308 1.530229999410434 1.4601847802508074 1.3975292917384956 1.3680504643183748 1.3774305170671013 1.4038267660763224 1.4188246025450653 1.4248625463035802 1.4710918248126306 1.6181383476782925 1.867759541482792 2.1219615352413963 2.2332694137913145 2.124762170610922 1.8682357544634947 1.638117246845186 1.5777140034242958 1.6824506083016 1.7993552152376844 1.7584931662396126 1.5244046385817185 1.2270559152424618 1.03599444225114 1.0191831766869075 1.1222010635595523 1.212731553090762 1.1511725336768517 0.9010772745145027 0.6444377260426795 0.5125664004943683 0.41028521431271214 0.26200301908954715 0.25232492989840366 0.34724089160640603 0.31870514410712053 0.1769469138253899 0.6586046389628643 0.8414965090450169 0.9608113746517125 1.7746461383700662 2.337623781032709 0.5048437589118894

GGT>GGC
12.010061306347186 56.141501416451646 39.87710133156114 27.320167800244466 26.070555447843383 18.899625713661685 16.18956852845778 17.03393795206765 18.76756594856502 19.89866515019781 20.09827205527882 19.04038191494001 16.980017221862155 15.137882353800332 14.437742112571215 14.321235538777547 13.993107283012558 13.276288612671307 12.514238770759862 12.115384211453158 12.006213496559075 11.538790082265477 10.235620157560762 9.66992456365107 9.403465489167685 9.359464013687868 9.429861449338011 9.614574423793242 9.9189236383162 10.234631306479805 10.416901972782943 10.402136176782122 10.206455630859251 9.873747045860798 9.452757643862215 9.001282428078829 8.589355558056042 8.263116298297081 8.009361988323406 7.782716118146512 7.56019921724928 7.360843925898261 7.217826724999267 7.140174649481017 7.099188923992477 7.036314223374914 6.877188238321884 6.560079512729939 6.0857156500523955 5.547455498430838 5.089425352554831 4.820207356231261 4.768304964685542 4.904097325335374 5.1772178105091005 5.532858489672974 5.9118573823035 6.247919383411083 6.472203359887726 6.530636899192429 6.408176563049318 6.143377347873738 5.815898664408532 5.509049419020663 5.276657970571108 5.141525867684806 5.117590075756194 5.22554479150121 5.48549370158793 5.890283719142337 6.374308994266073 6.809955142546483 7.0590431494951265 7.046996514920966 6.788657906466592 6.352259008599906 5.817023529285894 5.260859646414684 4.761986749636399 4.391458711257422 4.194737160255743 4.172683108939932 4.2754963994665784 4.420350711204528 4.5298512761914695 4.570158246718785 4.5623267955232 4.557533413345137 4.594019305914069 4.667210576612576 4.733681490863376 4.745043365372051 4.6879345029220065 4.602176351436528 4.562377202101833 4.632483811076647 4.822859363616378 5.078423787941131 5.303012022952718 5.400089696839364 5.3051812762844985 4.999461693664727 4.507934827177836 3.889032241770536 3.220745206988821 2.586789712213034 2.0638374981097334 1.7091726637292017 1.549635771608399 1.574579300818578 1.7370214432922395 1.9689440309958854 2.2105225650802884 2.4389089681790193 2.671833173732706 2.927277087865379 3.1685696095580203 3.3126506619299176 3.314895769572396 3.2244458306729533 3.129746559964598 3.067257789252067 3.015695672766226 2.9680384949347127 2.9637439265451144 3.034649272034216 3.1346012791916524 3.151966807377561 3.015471010215288 2.781439871732963 2.6006883695887155 2.6026284185171895 2.8600762835071025 3.3217733726259806 3.7179219153488625 3.725897072635045 3.3072492331014973 2.6710406334780767 2.286666998848158 2.497953222108311 2.8754084893244904 2.8656507483921048 2.6601054351567015 2.5188023402329587 2.2307010531076195 2.527742653876265 1.8953686837676833 1.718652306778903 4.123096452916055 6.651378839003255 1.4362363569397931

GGC>GGT
62.547712402082105 283.0234117640231 179.83884009154724 120.08048462705439 101.801398385043 94.18742757056035 84.33253346238534 73.3991010415798 69.24860832953759 66.26738648932348 62.36624988711424 60.04943727373355 58.266395208241896 56.66077901373601 54.79777420927639 52.8579286865925 51.04352807047811 50.31702299509571 50.54197143057173 50.61801806292194 49.70916941796555 47.62673640165427 44.86813539587646 42.00944102195852 39.58003936470491 37.998350821654384 37.24435740989971 36.89434588745833 36.570891038778996 36.200587301503276 35.91165670789277 35.843683086996606 36.003513227127264 36.17433793660479 35.995283132621545 35.248935842984785 34.0642648446771 32.773892257891205 31.622178740932366 30.650064243187565 29.818110191808184 29.1632245057126 28.773098703359945 28.658889770170088 28.714454883913465 28.76511371066449 28.62912385208886 28.175377310854724 27.37752387120584 26.340370601571436 25.253356440069076 24.27583006422448 23.449000802754703 22.712964012742948 21.995209185139874 21.28254161098165 20.632793658735206 20.137331651170477 20.25456776970461 20.421574882712928 19.911552638109868 20.056652570714864 20.156831800106822 20.16384563284441 20.07480872796595 19.915335208935563 19.706812891694796 19.4319095700243 19.028936553827567 18.433962730630622 17.64569694089965 16.7562059118813 15.912865031566835 15.238644944461843 14.775157214997988 14.486108254161147 14.301472532655053 14.158262114182282 14.016660335067956 13.858889968038 13.682241437105992 13.492775003679139 13.307838868510418 13.166955902873116 13.127700894536979 13.225271139321206 13.423985145299923 13.62588860845345 13.750271086048684 13.808815089123366 13.90179714705058 14.140339442350273 14.549291755029204 15.022395729948801 15.38732160653443 15.538154467722286 15.51120183549026 15.44101106423708 15.443887319964906 15.524129368912515 15.565016905159286 15.388811932907094 14.847469419042614 13.925148408003729 12.796003856657912 11.760526651215631 11.116818587096532 10.987743626577629 11.18924144644158 11.394741530999745 11.430554013293834 11.317129432470074 11.125830392595171 10.891972362592623 10.61167190426072 10.269334893974575 9.869611381949703 9.45439192856128 9.096626068493222 8.86894464496599 8.792291887958816 8.815604116708776 8.882511799631555 9.022978425732171 9.330842151422432 9.82253403830446 10.382400232377956 10.865284327449485 11.163997571538005 11.17968204440016 10.850088332187811 10.175312462305262 9.255325414030217 8.35474370187304 7.8819452315281735 7.747285010230286 7.524016395270921 7.145568542508884 7.022781201230675 7.7543338267787805 8.850554150497544 8.876347702985777 8.478393135465526 8.728718136783696 9.318791639311065 8.857271586293056 8.507892851617962 7.858714644936306 4.881351593822729 9.379949284335929 2.216684125409629

GGT>GGA
5.335497536869945 24.66576710873552 18.740486253135277 17.42444209156894 17.26743693185058 11.922832688332917 10.005835939214174 8.189602913509427 7.900228331419745 8.761616495931971 8.610154589303622 7.366907112874655 6.244178238532788 6.0540705946897155 6.4078110314244405 6.495169181438421 6.144108902477912 5.508098722884644 4.934069825230507 4.624783048875002 4.506230234385054 4.469717610076738 4.447095643707497 4.41428507952493 4.446004939649018 4.590921768654718 4.720058914844791 4.609631389083873 4.194740461720499 3.679598545993339 3.354531594824059 3.3406666825037 3.555052578171406 3.8297841202268024 3.9875097354463205 3.911786289631264 3.6291560503607587 3.296162675572716 3.090122059410867 3.09474512160376 3.2614061147766615 3.4573625638303622 3.5554726142349176 3.5009419795481267 3.316244028742604 3.059246936561999 2.7833081272816207 2.5289501829376735 2.333615639446571 2.2325274889587843 2.2463724331313726 2.3713409907987852 2.5816592882136544 2.8402149409482 3.108544515789227 3.352325243769411 3.5435984599993735 3.6628016033260167 3.702368781033547 3.669697773430822 3.584295801782678 3.4673665237524225 3.3310103395951147 3.178237725839783 3.015840788123195 2.8669083002805062 2.766017316047833 2.735259478325915 2.7593769577799585 2.7825881653842055 2.7334486701032654 2.562803974846571 2.2716342950795076 1.914078464842913 1.5762018627234065 1.3421172874022855 1.2623707715600332 1.3371323665630963 1.5204765877004065 1.7425853281470365 1.9375758859047587 2.062536278902758 2.101299403669043 2.0583506651240677 1.9531361709186663 1.818090977999382 1.6929094085375123 1.608405840784008 1.5692948101217816 1.5553274918704625 1.54452660846475 1.5373591562558844 1.5591507684582988 1.6393409340274265 1.7836777668065549 1.9583362470022374 2.098978009159409 2.1437752682451228 2.0705996586421493 1.9118294365592596 1.7366203091821366 1.6152126062748215 1.588771430664946 1.6578012595608613 1.788376304000788 1.9288924574917048 2.028558277081757 2.0508077873494663 1.980865131527939 1.8300175698922276 1.63375958437116 1.4371086965778956 1.271104826606876 1.1391745673030642 1.0276573828607023 0.9321224879032654 0.8741544377256295 0.8892631696479066 0.9937506734555025 1.171130881857405 1.4003833552947658 1.6682290565755482 1.920663842088752 2.0439520782055025 1.9615580180772538 1.7404205048915427 1.5459954944842653 1.4943447314445693 1.5842996122892503 1.7462897027687125 1.900489434431305 1.9956477948950675 2.0339457310871434 2.011248176542664 1.8475121967838684 1.5079679772896708 1.139967640508199 1.0138284786830896 1.1809592662525628 1.3026502157038145 1.186760612273362 1.1323363107103421 1.7842338137912135 1.8269062590811702 1.5450698478536102 1.04557702749958 0.8434088771706584 1.0292936750782513 2.0883030784692918 0.6169942291241189 0.05246258552910132

GGA>GGT
12.406420912930171 55.7633362838483 33.70768675753407 30.129271847517668 23.432059124627543 17.01114879264556 17.167067613574456 19.724799258475826 20.08464298768105 18.92972145573671 16.985439073979737 14.615819055073183 13.33401967868408 13.009566456648136 12.847831175172065 13.00686427422614 13.293967685706157 13.078558333426761 12.021771988788938 10.75582556276437 10.351880688445469 11.057305314173638 12.211080688860152 13.104390152207918 13.542067847758727 13.714164156195304 13.806379567816686 13.818942973051579 13.646883891331278 13.221660128381775 12.549446114780617 11.70173482742595 10.853248217737448 10.271896248586845 10.153310596829243 10.467209970366806 11.02533075576684 11.64087980262918 12.167707676874006 12.473875873911608 12.458186623620552 12.090245374001556 11.422448013535059 10.568012580716287 9.670350526531596 8.868157003089571 8.255543551844262 7.856638760031291 7.6338548721184285 7.526219982945773 7.492275637660415 7.5249022359993285 7.62678766747494 7.774560729903389 7.911991489148565 7.980009880106471 7.954157409799596 7.858254992370007 7.746872654805521 7.6706403306926445 7.6477602064367725 7.660709617263481 7.6777053289864 7.677402709314749 7.654850703976691 7.608439819787302 7.526613996636829 7.389221944537251 7.180037001880563 6.897408196351386 6.557195790982426 6.192257096183097 5.851734088864893 5.595535225317649 5.4789709150939245 5.532194089916255 5.746279590757172 6.0730689309344115 6.436113082367859 6.747071652906696 6.925699394874929 6.922089222954653 6.733664611443692 6.405606846129099 6.011015733074486 5.621495408387757 5.285568922956024 5.024129181876298 4.837865336482415 4.715650034923404 4.638734261391466 4.583814826571566 4.529305075556508 4.464460701264894 4.397258838292798 4.356497364028446 4.383553951185534 4.510619454292538 4.731886448322381 4.989444954918331 5.195225267441262 5.281137870268059 5.238729986459871 5.1175105942803425 4.989974412478024 4.914073801162583 4.914534539951 4.987750744826061 5.121584694045389 5.307563074088581 5.528292580035395 5.737637009913295 5.87121599729299 5.889558099884873 5.80743716146337 5.674133504131248 5.529017353366647 5.380196963228302 5.214537863318218 5.011841127723668 4.751093738056878 4.424278709313053 4.0645177361465334 3.7559522932899094 3.5832406858215924 3.5540467623430785 3.5929772797704396 3.637064089633476 3.686696760581804 3.70163288553666 3.546534089554898 3.142746687161214 2.6630177662411296 2.430758446538193 2.546054912956812 2.8766518538009307 3.2850927623621935 3.5866174951365144 3.7378917474721978 3.8791213281607777 4.038945747144394 4.752344713608671 5.4753586965133 5.23337793443767 4.461540364918217 4.358298189605271 3.7329477648349023 2.47219518375063 0.9533803498228268 0.1772218043037005 0.01219388983271211

GGT>GGG
2.6665174573285904 12.866405749842654 10.409255190170278 8.33366937180549 7.8346909167991186 6.258764707454592 5.019716050679484 4.121511399295023 4.566903350394086 5.337806957015555 5.2866532752475 4.7928303100124205 4.487419009811612 4.408988456662968 4.152473203071146 3.5742511713206397 2.9633565412125207 2.641813558862819 2.6812610679165436 2.897526552344756 3.009317258986772 2.924427440167352 2.766434363460444 2.6349600791283487 2.520009310307656 2.393657770491659 2.2916129585911067 2.2837961912764637 2.386834996329582 2.525369575917052 2.5846680285403028 2.4992088989905272 2.2961766192374635 2.070072746158466 1.9191115720628074 1.8891730507777131 1.9660631550705017 2.1089483900838304 2.271905350953935 2.399604554049336 2.4384095688745497 2.3758158216222065 2.2609822699445714 2.1682409854681337 2.136522191116409 2.1479027997440396 2.1548749401038823 2.1142239426248963 2.0032871008327056 1.8279871857037597 1.6245919087047842 1.442532505363266 1.3133135819463273 1.2332841024399133 1.1767690010158007 1.123696623800442 1.0736981432112944 1.037452754449487 1.0191678142373843 1.0081466847084355 0.9851715933065004 0.9362897516385459 0.8625348130929528 0.7794103376683573 0.7081926929505535 0.6651625503075086 0.6535880968854014 0.6611215460396975 0.6645873552619661 0.6420454510357009 0.5868467632221512 0.5411045702592999 0.6025935307945652 0.757478931944254 0.8219643562607242 0.7663908695091914 0.7596034886031187 0.8350098324653124 0.8961582094165721 0.8968154654381659 0.838920372828192 0.7362949647301689 0.6103320488157475 0.48579893028670057 0.3854806033892052 0.32441955949687246 0.30674731759581597 0.3267739787322381 0.3723638166150785 0.42752734237035 0.4745441101451478 0.49925345997635495 0.500321089568093 0.4954930133673627 0.5147287012457081 0.5792399777309734 0.6810570938607139 0.7831064006564501 0.8446320170787323 0.8523386670837818 0.8291669386452378 0.8121777575026068 0.8207407941074821 0.8452472728144367 0.8646380033786103 0.871030041082725 0.8741533177842746 0.882925257987031 0.887464736549801 0.8632189070326615 0.7945524903264386 0.6952243361713207 0.6043696077870441 0.5573413874977217 0.555774843587095 0.5654514293059117 0.5449936234185356 0.48053947883396286 0.3998740952976173 0.35568276722759756 0.3856908502175582 0.4787557721473372 0.580379399066224 0.633218821300011 0.6116175513045612 0.5279779813054825 0.4214671529178505 0.33542720814577187 0.28786389496667697 0.26526776990945744 0.25405848688083144 0.2590331117008158 0.2758471376392777 0.2739364287165897 0.22931122371010876 0.154722103828335 0.1301919425413799 0.2480546431876596 0.5576821664822222 0.9081971190707283 0.9908020039417831 1.7351139939499216 0.38043532400627633 0.3324775959310518 0.662995022186215 1.0212880448713306 1.1771395512764002 1.2266941051028346 1.2360133799023492 0.47292764269743576 0.05533527934178619

GGG>GGT
4.3529184409226716 21.63415891621088 18.55384547350919 8.492572866920694 7.636342095803396 7.363129311183472 6.717556068742308 7.099578564240021 7.44318213359116 7.309215785631515 6.234580487269713 5.692343451057583 4.950976478190545 4.457363757388434 4.019308433515104 3.6598216014239333 3.507730613333 3.7913940313926746 4.504324255095255 5.062516428724039 5.158709308319997 4.809391362797788 4.350120996840615 4.025986694900719 3.829327898767872 3.676322799703218 3.5345756191300963 3.4359742253410035 3.3358014784240737 3.1856061054746485 3.0313021163688427 2.9397905068976744 2.94556140742828 3.0356039149783376 3.1850153013289706 3.373710563123649 3.567820654872293 3.71394192788335 3.7650430879306365 3.7068322545321264 3.5587462479547165 3.358753880665466 3.14957575093825 2.9659529057809584 2.8192117059511763 2.6922471655901625 2.5585336028461865 2.4123377934523074 2.28064114588539 2.2051455098137405 2.212501123405137 2.2993732050918196 2.4417767648255797 2.614406236904747 2.7974880314322292 2.9656899892991944 3.079157051680412 3.097978523996287 3.0125270317968744 2.8590220024330613 2.7019125894446505 2.596035699013792 2.5569700061571243 2.557728555017218 2.549988599071261 2.4944038431831608 2.3816899953085864 2.2333120359952288 2.0845150702324218 1.9641147244952872 1.8846569934262791 1.8443303410704392 1.8320865970643951 1.8302641895182257 1.8187385933104927 1.7866228942952256 1.747306217412789 1.74224481982815 1.8227487642654423 2.016096802103262 2.2974439391988417 2.589078824036881 2.793041322077005 2.8409159927223806 2.7295101331461056 2.5169062082005556 2.2813596629034008 2.07480843388167 1.905650361733621 1.7579745860434697 1.6232042493328487 1.5139342066775685 1.4507352225516088 1.4383469232122628 1.4554629911143107 1.4684076528365237 1.4576322356033793 1.4353346482483473 1.440116814124523 1.512432563362699 1.6674750726823895 1.8816029355227502 2.098607838211854 2.2524229354554857 2.2965990774759923 2.226450374546774 2.0805101104080492 1.9194256928958595 1.7963428049996557 1.7375655638734635 1.7418156016473691 1.7933204225029977 1.878405473334747 1.994194454924205 2.1430190964296125 2.3153106856011503 2.468504713421891 2.527629785830508 2.435673459648754 2.212147807538507 1.9387029887584564 1.6854108916222998 1.4740035622672603 1.308992958879141 1.2155019647318066 1.241485003380017 1.4317538108180197 1.7701216008737097 2.1250319802989472 2.3100823090798777 2.2397436761620924 2.2139962439484546 2.0029233510855597 1.5392178739379676 1.116039197505669 0.85336087872136 0.6892513994009137 0.5823871245181165 0.545132307441897 0.6154169208429525 0.7982349222065641 1.142258931395257 1.5086301372926372 1.407335000390807 1.331730720267249 1.4455326717905361 1.0174597991598266 1.4223708284447696 2.0909535309207277 1.653239884563969 0.3182462321862253

GGC>GGA
32.87877725351301 147.10431134453816 75.75673560861598 57.187441415979094 43.33951882476148 40.25140733229894 37.32387190000307 33.91366455068066 33.5923854954116 33.533934761911965 32.914583720706005 30.52976891169668 27.970533500222192 26.44716852843078 25.418260772982286 24.404656154087867 22.346901232809767 21.362114382466018 20.689353142903336 20.18367204656826 19.566902481556795 18.63605156926161 17.542901623018427 16.64669045727974 15.997161621647647 15.284822352527376 14.669212655870822 14.643775736462908 14.780142360899795 14.910095641216033 14.946729185867992 14.829012633435791 14.501723720022836 13.972513603541554 13.368709540457845 12.875967322564852 12.588591476619255 12.417007587577915 12.185622368589938 11.87016565357387 11.654696704225373 11.669369881121487 11.80716078415645 11.855269581939067 11.665269756757205 11.231208744174154 11.685451783374527 10.183607727205258 9.785558223432059 9.432619567268377 9.023154474630934 8.502162656618518 7.8910477336366585 7.262663290435028 6.711451369513337 6.339798674592924 6.239977572357977 6.455818430490929 6.944019079412409 7.570950131877805 8.15849356251477 8.555554160126793 8.693655310761471 8.597964781898577 8.354672207098062 8.058532925552738 7.769862934836851 7.501250750534677 7.235846068714372 6.958329438211529 6.6715652281604925 6.3878555515523585 6.111094337033549 5.835320263955137 5.564091671896452 5.327313517351265 5.171129762354335 5.125452632756648 5.179989218107032 5.2921943660009205 5.416980814663329 5.52665216791849 5.6047693054842815 5.630470780573663 5.580168053904791 5.44933599928744 5.26868446628766 5.091270223134846 4.957767447630673 4.871677554017375 4.807842394959951 4.744003366180718 4.681280103817205 4.6333464927467425 4.602184948210231 4.5741227459793 4.542100980088975 4.524818093688078 4.555756602508562 4.6493612129702475 4.775185538752012 4.862214345051846 4.8321185194088825 4.644730546550761 4.33269059887613 3.999733629743107 3.7703188067901525 3.714932540479071 3.8051214923968275 3.935940361639016 3.999791280778227 3.9534960155591143 3.825710868447324 3.66352212208447 3.4786052349160386 3.2591329120067254 3.033709551164648 2.89482641844188 2.9293616235330697 3.123315344150934 3.3618847946114454 3.5389285921847295 3.636005327788921 3.6854991884629666 3.719049153872312 3.7830630386891495 3.931323619644859 4.146851877726983 4.305777252484364 4.262829854838513 4.0141767422544286 3.7390262582513794 4.344526732999929 3.6035810939358095 3.0713785537197027 2.5970827717316207 2.179128774613051 2.1947585327947636 2.706333640539626 2.9838736248721167 2.614103582885927 2.163422097462349 2.171928152889898 2.1604613618358974 2.9113973757570677 2.774825026569174 1.4777080282581427 2.095493571687154 1.7717108190362572 1.4072494223707983 0.2552843011891415

GGA>GGC
5.353427551226283 24.266639542964576 15.051880260006811 10.498337072630253 6.6068629073539 6.726818202131061 7.785542237587738 8.95953483507093 6.963403691278012 6.070368657179117 5.588010926263674 5.718870988273438 5.713330788585721 6.0015105509920526 6.504450632669075 6.445587100750838 5.841227432302041 5.12517544707699 4.7950913447339465 4.915890093663127 5.09536967653782 5.013963961119129 4.707159830049172 4.403277851487018 4.274577781610869 4.292658109829503 4.2719817569313365 4.081163558700608 3.772818944384283 3.520505076253159 3.490886719804112 3.740386218259507 4.160888983252241 4.536436504625898 4.693081495351018 4.602630330536326 4.356961371173574 4.075309626253134 3.8480175148084865 3.7380090396560335 3.784455973597323 3.978513641759844 4.242799913818245 4.453919677219028 4.508999100023253 4.394888308630344 4.2020866921634115 4.0606491187948945 4.045145111074006 4.127259995004761 4.208182323421335 4.192530274468338 4.044814858181449 3.800348046497204 3.5379156461385515 3.335302468779469 3.2288124633006565 3.196534659708603 3.1788357950411643 3.127611333856718 3.0483342069186556 2.9981104259325733 3.0354360257620003 3.155191504131478 3.2693833172101034 3.275177343435085 3.149540809852578 2.954809924741344 2.764518360734065 2.6224147030929412 2.5551306951777377 2.5768172385354076 2.6766235647495553 2.8185307240004813 2.9571703236682745 3.0557794929388744 3.0974608521847022 3.0868984278476925 3.0426807918628405 2.98400898715097 2.9192270052173344 2.842826515591474 2.74150791584117 2.604249162630811 2.430742821837544 2.234551452163952 2.0387104242986327 1.8652513212518036 1.7270041990091842 1.6300627111831016 1.5829360281553697 1.5985225914502905 1.682978124553854 1.8212778611560914 1.9730897195466535 2.0840224066570645 2.108371024755742 2.033398158619192 1.8905905976101398 1.7428838318647333 1.6533480270343501 1.6570340420300087 1.7538825174335817 1.9194711952561394 2.1174571210979525 2.306165595296213 2.4448617096132446 2.5042393861951946 2.4770371843905026 2.38182406932164 2.254900780461946 2.129737673609741 2.0146159876924936 1.8887137414628732 1.7259381872683697 1.5282242184834476 1.338195138368806 1.221336344118348 1.231926464745383 1.380485747692975 1.618669344279164 1.854943760333211 1.9973420667839552 2.00111773829622 1.8911229145869335 1.7451647744928585 1.6467460789285697 1.629097163054341 1.660926541644332 1.6936445279873975 1.7041017901014253 1.6775440071615921 1.5994035240885103 1.5066031168957439 1.506634307307976 1.6717830811442196 1.9661390604246667 2.2966075163356097 2.6773746059510386 2.9430150050511887 2.8449027359556958 2.449593467318738 1.8308243016719055 1.0810866901527334 0.6962520219635913 0.5310209441593828 1.6210174574019462 2.293795806614331 1.858518885654079 2.1967859096460094 0.44495411487652486

GGC>GGG
17.238682077442462 74.4257667349347 32.15697435951905 27.065300599025036 22.136295327866517 19.235296809069478 17.806896387300274 16.518890336293563 15.510992983241493 13.595827269845675 11.513814863642734 10.41935361639055 9.981137862349046 10.228897142684302 10.459468641605731 10.140023265672651 9.608401022077443 9.1898865748128 8.90179293153558 8.637946035210497 8.315449807027774 7.941520683025265 7.551994451094241 7.170326919016051 6.902375949436111 6.839076192956369 6.863233014320142 6.741759303246811 6.362491932943819 5.806975787156509 5.244389426827235 4.818233747535305 4.593748355610503 4.538984165339629 4.548992757218657 4.5221759679469065 4.424414794614534 4.285057340605093 4.154506817305089 4.072755333608914 4.0544436929968715 4.082977126848248 4.122224179557949 4.1451717890597815 4.152317156074477 4.157393676515669 4.157355595681664 4.125316640125752 4.037541841103706 3.903699434676745 3.7665466878085825 3.672658454393552 3.642772005116627 3.6628780818895974 3.696013390271453 3.7049108078769555 3.6746055271307796 3.6220466622152396 3.582841558570347 3.580707564004245 3.602116505995412 3.598502864134161 3.517546290723592 3.339998722540939 3.0923726829749323 2.82650046997387 2.585923584044322 2.387414329227424 2.226765192254258 2.0948026566737648 1.9869365871190399 1.9039432203878832 1.8510306504020881 1.8373961391319222 1.8717228396564796 1.9524458362040882 2.060172471835157 2.1606820289979223 2.218024887330719 2.2084840069894063 2.126896960576888 1.9849842610573525 1.8070945092342157 1.62661377114682 1.480590284976722 1.3991206889954353 1.3920613159186823 1.4422608527044147 1.5130539331326418 1.567143485200586 1.5839983992711668 1.56430653134663 1.521541542974661 1.4701827260839757 1.419487865375636 1.3747988891913023 1.3429744169105504 1.3369763311627019 1.3748476744921916 1.4703631981341425 1.6190010492042415 1.7909611935583378 1.941759451234247 2.0354692210312617 2.0625031802921785 2.04148812545439 2.0107940279537213 2.0150786317448546 2.0839170193489527 2.207013887461969 2.3256821849534144 2.3563703111583574 2.2372911482202 1.967815528144179 1.6131886178538832 1.2729815423467663 1.0370095388063452 0.9546039869124499 1.028090953597434 1.2269013747929043 1.5034662859269725 1.7902109208678736 1.993985562608986 2.027776058788303 1.8670233976001522 1.567618241948741 1.226254044147542 0.9251905578489479 0.6981687457397576 0.5534766805831213 0.5423958691185454 0.7250304356747853 1.0145475965732393 1.1895283464440725 1.1489241325350665 1.10433975242603 1.2883842508594048 1.5256831476638233 1.5063458186782075 1.2918211729037399 1.0542453456169298 1.1233936936591316 1.6473266715755905 1.7997631398544658 1.6128958637932223 0.92837898195604 0.3114326094317117 0.0606800918670483 0.006770863175772857 0.0004018143432076265 9.867962604513322e-06

GGG>GGC
3.7223210214155547 16.342910173441464 7.3345177200874385 6.671700068333693 5.8236510557252785 5.719610461604998 5.2565268944912455 4.241475010543896 3.698452007565762 3.260870415944479 2.605007060207455 1.846895861977054 1.5802854436172185 1.797010911500067 2.0858391087111134 2.2700943690558493 2.298060547402522 2.294799015137328 2.386267879714418 2.6106246934118045 2.909059548452276 3.1562252999601386 3.222595237043268 3.1079154957866453 2.9476533837932624 2.8743958311540725 2.921470722550806 3.0366331088067784 3.127570334823414 3.1109465606827515 2.959572311538581 2.709784695869533 2.4212843788401224 2.139722030422861 1.8908727253754334 1.7394831694920077 1.872866966376972 1.9272817953305657 1.2809645211453289 1.3172505659808242 1.4644714281315467 1.6808410814775832 1.9136658958674082 2.1235039462585252 2.2901552284850166 2.408268834830801 2.481580626787202 2.5159671612250096 2.508957882733897 2.441528555743009 2.2859827170288396 2.0340079398917026 1.7219568219233836 1.4205986062846123 1.1908730876116023 1.0481331411105335 0.9669753462778927 0.9121940519248558 0.862239358883259 0.8124184281695143 0.7672126384857738 0.7333071253064841 0.7166468161951101 0.7202840615559455 0.7399879086602991 0.7605018276797185 0.7595587268793628 0.7216124616183615 0.6517045827477607 0.5755982507388197 0.5232040972420854 0.5081510916618989 0.5199587078205963 0.5335654457614266 0.5271589169587882 0.4956947411817557 0.453632721715062 0.4278735195470095 0.4454397291965203 0.5210972844566619 0.649865106095262 0.8075303350933272 0.9583657921436308 1.0661170170271073 1.1048275406650687 1.06798955495245 0.9735701659458985 0.8600133938876111 0.7708122402227046 0.7342496263851628 0.7519213316036716 0.8049602887919757 0.8723084123143162 0.9445794641403121 1.02167122398445 1.0989272356588116 1.158931590782445 1.1807156332472564 1.159745462386685 1.1193326880757688 1.1004240569166492 1.135758624517602 1.2278684304556557 1.347116224636159 1.4501302234636286 1.5037794100451516 1.4970221624521385 1.4351001888285602 1.327080255681604 1.1819501511791601 1.0153875861535406 0.8544404818796193 0.729358956784499 0.6581401689135008 0.6388648724386708 0.6561105181689221 0.6936895664583684 0.7435079762729097 0.8053527235637098 0.8757993186193032 0.9348144971812137 0.9526074400361557 0.921537297167187 0.8717567670943784 0.8576027548508479 0.907410212889141 0.9647649267291771 0.9301036915429068 0.7716971536903567 0.5538526036648062 0.3728572056263071 0.28440734534780776 0.2683348150409079 0.27958201959644563 0.30864858068069795 0.35926377345502425 0.4473385754811846 0.569341108086614 0.6807692327060971 0.7169975799350199 0.7050692679400004 0.6608747125764632 0.7245118372363022 0.670906932799266 0.6248016563125092 0.5372019821411965 0.30691525869726294 0.10371642560572847 0.642318296039567 1.1256505197030884 0.25405032994316057

GGA>GGG
18.786595041465322 83.18056192770595 45.111981968083946 31.881466196408894 31.79190113571393 24.909270426821283 19.52916212261876 18.619678256574886 19.10671442053882 18.792102516631477 18.320738959645702 18.252520557667896 17.08784521391935 15.26462899334325 13.131752602258366 11.788795552845746 11.30165692531044 11.276455264635208 11.089960959913782 10.851200899763215 11.147755748563089 11.822524327342459 12.279894625914695 12.538628832911353 12.116327188372017 11.337262697120288 10.558736184075332 9.963725575990608 9.623847028625859 9.563750334744814 9.694513088696276 9.812281873520416 9.744225587021782 9.444191391804265 8.955946597921805 8.363726599678865 7.755789198308186 7.191696278175372 6.745910848783315 6.524194052314465 6.542498461502244 6.6754896813334295 6.767401318238818 6.723306742014928 6.512534369429678 6.147608376810597 5.6750345138482 5.167746042079839 4.708076792746883 4.361382205935276 4.153629712121001 4.069315208891937 4.074488945682955 4.14498440830954 4.270459081205789 4.435475325560619 4.610691476336203 4.768186405518635 4.8960739130840985 4.992025527419275 5.049849108586769 5.061169746856826 5.029305632504511 4.974693121358712 4.922922405308168 4.888496880717628 4.870615576659501 4.861269765220578 4.855042084339025 4.853574271102627 4.862104972447614 4.877723619492507 4.878405697094478 4.827658928836442 4.695138857126248 4.475302812016236 4.189409745854674 3.8735031863626657 3.564613000382438 3.294426612556916 3.090682789461007 2.9787868110109437 2.9766995832498013 3.0847562856847563 3.2784914732601207 3.509946318861262 3.716980556116043 3.8387414933318253 3.836264254366534 3.712411690753539 3.5169688050865586 3.3247488291145366 3.194723366075266 3.139848289227194 3.1326800873030582 3.1391281917257863 3.146053028680875 3.15910699911134 3.1823834236798345 3.2082767894069373 3.226290988469155 3.233324433675951 3.2306407371948453 3.215234000437125 3.1795165576540105 3.116983455261675 3.0226954808300834 2.890442883026451 2.7187264167587446 2.5252827980037003 2.3539116676733824 2.261948254691281 2.2929974053188755 2.447762302245079 2.668616009523347 2.8552347605894504 2.910341079219649 2.7850763697192993 2.4985897479606614 2.1323828614879106 1.8069933863325338 1.6302691284419213 1.621638290596156 1.696469865637509 1.763263878617144 1.8169416072788664 1.9008700870941693 2.008086503017121 2.0667278329736116 2.020282233843389 1.9142313156598887 1.8747074636706742 1.9572784008044501 2.0399153567839226 2.0151143657466455 2.0061206719919054 2.2304218060998218 2.6219764299219226 2.8454854628644664 2.7774973414651676 2.5451106498402916 2.321649198226788 2.1931478296229368 2.0517689172705964 1.7802551166881357 1.5109630023248786 1.7255130557890759 3.227442295652738 4.470940147921858 8.232434954338439 1.7312535935891284

GGG>GGA
13.643918501920982 60.02465898564862 31.37259663264109 20.49493435796077 20.335260632405067 23.14219954564141 20.889382663664367 17.233988203346815 14.941895534272472 14.460307272307837 14.613634080018523 14.4012340533462 13.639655003395045 12.59460591435498 11.43489972041696 10.703568482974722 10.491666511717481 10.390947275889983 10.215266394677744 10.109606703031263 10.01458515762585 9.828927587534794 9.54581818094574 9.155272412796766 8.668024740817794 8.156104811266703 7.720059867170762 7.422912240353456 7.261624537451138 7.209568469404557 7.280148786478539 7.489892415775588 7.77480540595006 8.02942795825724 8.226749398656121 8.4289008752054 8.681782806123847 8.950571950674565 9.157814378095651 9.247197859867905 9.204381249177908 9.043965133439887 8.78890604892554 8.44520502745771 7.9898009967543295 7.403855778610914 6.733160274514812 6.10500705158694 5.666132939844666 5.490431900581883 5.533954816339119 5.66698892042448 5.752819839806819 5.720814997010751 5.595546243003327 5.472615824092988 5.4608264644731435 5.62657429226203 5.969814331207713 6.436502173555122 6.94936215176146 7.4335253896625995 7.825987987156843 8.07454250550179 8.138563763447268 7.996993188655205 7.657189221978845 7.154652223830138 6.541419130626257 5.8715906124979504 5.194757116567293 4.559319054180405 4.0164756722595385 3.613812187016244 3.3779216397787786 3.2985706641383383 3.3292382176747757 3.4070309589465215 3.4794395684526562 3.520480025263114 3.5285705444302256 3.513132590985114 3.4831792480869583 3.4454588561639903 3.4091582425158777 3.3879909134160133 3.393327098908589 3.4218483369302137 3.449464455187227 3.4404290204282053 3.367452189493845 3.2283399154619365 3.0482433314666566 2.869142222291869 2.7364332322427294 2.6909248729634068 2.765923513611354 2.978796263932873 3.3093620787012115 3.6829678077043555 3.989791467281776 4.136615794792888 4.086737725142475 4.022648488865845 3.8955688054428697 3.522754482484183 3.126347620904671 2.990490797732199 3.1050852391263444 3.3156923263585 3.490171631385777 3.5728656081877275 3.5865688795903687 3.5870532716676133 3.6063542320339703 3.629784455279234 3.608507571629046 3.48706303469344 3.238204530906397 2.895038562861572 2.550001174656101 2.306577218672785 2.2221843855238275 2.294613036954609 2.483920393582377 2.7206926487590404 2.9225366104418353 3.0629551244624196 3.2019404526844215 3.3853289276622833 3.5263594965381917 3.453165199624427 3.126533014148012 2.7835883368412326 2.714148323022189 2.968323448669451 3.30854436858261 3.4020454300548946 3.0408400840618763 2.468234754452284 2.3596784174430803 2.6519640764424324 2.6331986029527084 2.131261670507197 1.6029925477022573 1.6449058631384472 1.6818961333606128 1.5144513291304686 0.7054102250884988 0.14504486934917826 0.01058268164978381

